Epoch,MSE
1,0.40515178397379564
2,0.40515178397379564
3,0.28897603146842354
4,0.2678981994391409
5,0.2678981994391409
6,0.2568120821649471
7,0.25634672026392813
8,0.2549010292290842
9,0.25339967329353796
10,0.25333257244007373
11,0.25333257244007373
12,0.2531142029054064
13,0.25201188296707605
14,0.25050901311029833
15,0.25050901311029833
16,0.25007059307308693
17,0.25007059307308693
18,0.24837656552761717
19,0.2477201948943773
20,0.24679320838894603
21,0.24640553845199897
22,0.2440817372587915
23,0.2440817372587915
24,0.24405263594527954
25,0.24405263594527954
26,0.24315967629954274
27,0.24180691301594107
28,0.2414074142879322
29,0.23981496181482545
30,0.23648305912237788
31,0.23648305912237788
32,0.23565336357830882
33,0.23501566312803046
34,0.23330922195392453
35,0.23330922195392453
36,0.23330922195392453
37,0.23285686459236143
38,0.23189384985472922
39,0.23189384985472922
40,0.2307503763155019
41,0.2307503763155019
42,0.2299009875253215
43,0.22378146809476684
44,0.22378146809476684
45,0.22292013798848137
46,0.22292013798848137
47,0.22232734633895304
48,0.22232734633895304
49,0.221387990355586
50,0.221387990355586
51,0.221387990355586
52,0.22060580066018884
53,0.2183439484891378
54,0.2183439484891378
55,0.2183439484891378
56,0.2183439484891378
57,0.21506039230280066
58,0.21431873702353646
59,0.21303597846415914
60,0.212516637163433
61,0.2095548920312994
62,0.2095548920312994
63,0.20755704413601964
64,0.20711951261416317
65,0.20711951261416317
66,0.2035062020499778
67,0.20298907577411993
68,0.20029699748630522
69,0.20029699748630522
70,0.20029699748630522
71,0.20029699748630522
72,0.20029699748630522
73,0.20029699748630522
74,0.20029699748630522
75,0.20029699748630522
76,0.20029699748630522
77,0.19975168747380076
78,0.19975168747380076
79,0.19975168747380076
80,0.19975168747380076
81,0.19969622431643116
82,0.19969622431643116
83,0.19969622431643116
84,0.19969622431643116
85,0.19969622431643116
86,0.19969622431643116
87,0.19969622431643116
88,0.19969622431643116
89,0.19969622431643116
90,0.19969622431643116
91,0.19969622431643116
92,0.19940315707815945
93,0.19940315707815945
94,0.19714947260601282
95,0.19714947260601282
96,0.19714947260601282
97,0.19714947260601282
98,0.19714947260601282
99,0.19698248597099535
100,0.19698248597099535
101,0.19698248597099535
102,0.19698248597099535
103,0.19698248597099535
104,0.19641868092845696
105,0.19641868092845696
106,0.19641868092845696
107,0.19641868092845696
108,0.19641868092845696
109,0.19641868092845696
110,0.19641868092845696
111,0.19641868092845696
112,0.19641868092845696
113,0.19641868092845696
114,0.19641868092845696
115,0.19641868092845696
116,0.19641868092845696
117,0.19639565685514676
118,0.19639565685514676
119,0.19631899749644072
120,0.19551002702408038
121,0.19551002702408038
122,0.19551002702408038
123,0.19551002702408038
124,0.19551002702408038
125,0.19551002702408038
126,0.19551002702408038
127,0.19546488174957533
128,0.19546488174957533
129,0.19546488174957533
130,0.19546488174957533
131,0.19510619003107402
132,0.19496671623934425
133,0.19496671623934425
134,0.1944117546263465
135,0.1944117546263465
136,0.1944117546263465
137,0.1944117546263465
138,0.1943619847982673
139,0.1940736951250281
140,0.19396018856897376
141,0.19264835335119654
142,0.19264835335119654
143,0.19264577940667874
144,0.1911077098243193
145,0.1911077098243193
146,0.19037178801108834
147,0.18795080013464763
148,0.18508492689515285
149,0.1806193356973363
150,0.1806193356973363
151,0.180098086850756
152,0.180098086850756
153,0.1783641054368848
154,0.17763296697177997
155,0.17763296697177997
156,0.17763296697177997
157,0.17763296697177997
158,0.17763296697177997
159,0.17718698910288222
160,0.17718698910288222
161,0.17695519025762937
162,0.17695519025762937
163,0.17651593817366815
164,0.17651593817366815
165,0.17651593817366815
166,0.17651593817366815
167,0.17651593817366815
168,0.17651593817366815
169,0.17651593817366815
170,0.1765043608971209
171,0.1765043608971209
172,0.1765043608971209
173,0.1765043608971209
174,0.1765043608971209
175,0.1765043608971209
176,0.17648902531732938
177,0.17643242679857402
178,0.17643242679857402
179,0.17643242679857402
180,0.17643242679857402
181,0.17643242679857402
182,0.17638979117678233
183,0.17638979117678233
184,0.17637310721642063
185,0.17632592309189968
186,0.17632592309189968
187,0.17609250616391647
188,0.17609250616391647
189,0.17609250616391647
190,0.17609250616391647
191,0.17609250616391647
192,0.17609250616391647
193,0.17609250616391647
194,0.17609250616391647
195,0.1760839662464763
196,0.1760839662464763
197,0.1760839662464763
198,0.1760839662464763
199,0.1760839662464763
200,0.1760839662464763
201,0.1760839662464763
202,0.1760839662464763
203,0.1757516620915208
204,0.1757516620915208
205,0.1757516620915208
206,0.1757516620915208
207,0.17547467951417905
208,0.17547467951417905
209,0.17547467951417905
210,0.1754300894719762
211,0.1754300894719762
212,0.1754300894719762
213,0.17529175131688543
214,0.17529175131688543
215,0.17529175131688543
216,0.17529175131688543
217,0.17529175131688543
218,0.17529175131688543
219,0.17529175131688543
220,0.17529175131688543
221,0.17529175131688543
222,0.17529175131688543
223,0.17529175131688543
224,0.1752584800760882
225,0.1749180358294896
226,0.1749180358294896
227,0.17462236373181064
228,0.17462236373181064
229,0.17462236373181064
230,0.1739090463149119
231,0.1739090463149119
232,0.1739090463149119
233,0.1739090463149119
234,0.1739090463149119
235,0.17383445901723207
236,0.17383445901723207
237,0.1736142220430637
238,0.1736142220430637
239,0.1736142220430637
240,0.1736142220430637
241,0.1736142220430637
242,0.17303926712625833
243,0.17303926712625833
244,0.17303926712625833
245,0.17303926712625833
246,0.17303926712625833
247,0.17175686012082658
248,0.17175686012082658
249,0.17175686012082658
250,0.17175686012082658
251,0.17143766706828142
252,0.17143766706828142
253,0.17143766706828142
254,0.17121171390451861
255,0.17121171390451861
256,0.17121171390451861
257,0.17121171390451861
258,0.16965051861385297
259,0.16965051861385297
260,0.16965051861385297
261,0.16916639652909402
262,0.16878476405374856
263,0.16878476405374856
264,0.16785615205626392
265,0.16785615205626392
266,0.16785615205626392
267,0.16785615205626392
268,0.16785615205626392
269,0.16785615205626392
270,0.16729932784905804
271,0.16692564129367646
272,0.1659663249394207
273,0.165849698969003
274,0.1656523357115405
275,0.16552990158352035
276,0.16552990158352035
277,0.16552990158352035
278,0.16552990158352035
279,0.16552990158352035
280,0.16552990158352035
281,0.165266322009221
282,0.165266322009221
283,0.165266322009221
284,0.1649606446090399
285,0.16477556608167232
286,0.16477556608167232
287,0.16477556608167232
288,0.16477556608167232
289,0.16477556608167232
290,0.16467252083940945
291,0.1646425000610795
292,0.1646383754842894
293,0.16456473146360903
294,0.16456473146360903
295,0.16456473146360903
296,0.16438600609448606
297,0.16438600609448606
298,0.16438600609448606
299,0.16438600609448606
300,0.16438600609448606
301,0.16438600609448606
302,0.16438600609448606
303,0.16438600609448606
304,0.16438600609448606
305,0.16438600609448606
306,0.16438600609448606
307,0.16438600609448606
308,0.16438600609448606
309,0.16438600609448606
310,0.16438600609448606
311,0.16438600609448606
312,0.16435885477387668
313,0.16432767978047344
314,0.1641464301877679
315,0.1641464301877679
316,0.1641464301877679
317,0.1641464301877679
318,0.1641464301877679
319,0.1641464301877679
320,0.1641464301877679
321,0.1641464301877679
322,0.1641464301877679
323,0.1641464301877679
324,0.1641464301877679
325,0.1641464301877679
326,0.1641464301877679
327,0.1641464301877679
328,0.1641464301877679
329,0.1641464301877679
330,0.16412537999853344
331,0.16412537999853344
332,0.16412537999853344
333,0.16412537999853344
334,0.16412537999853344
335,0.16412537999853344
336,0.16412537999853344
337,0.16412537999853344
338,0.16412537999853344
339,0.16412537999853344
340,0.16412537999853344
341,0.16412537999853344
342,0.16412537999853344
343,0.16412537999853344
344,0.16412537999853344
345,0.16412537999853344
346,0.16411954336788415
347,0.16411954336788415
348,0.16411954336788415
349,0.16411954336788415
350,0.16411954336788415
351,0.16411954336788415
352,0.16411954336788415
353,0.16411954336788415
354,0.16411954336788415
355,0.16411954336788415
356,0.16411954336788415
357,0.16411954336788415
358,0.16411954336788415
359,0.16411954336788415
360,0.16411954336788415
361,0.16411954336788415
362,0.16411954336788415
363,0.16411954336788415
364,0.16411954336788415
365,0.16411954336788415
366,0.16411954336788415
367,0.16411954336788415
368,0.16411954336788415
369,0.16411954336788415
370,0.16411954336788415
371,0.16411954336788415
372,0.16411954336788415
373,0.16411954336788415
374,0.16411954336788415
375,0.16411954336788415
376,0.16411954336788415
377,0.16411954336788415
378,0.16411954336788415
379,0.16411954336788415
380,0.16411954336788415
381,0.16411954336788415
382,0.16411954336788415
383,0.16411954336788415
384,0.16411954336788415
385,0.16411954336788415
386,0.16411954336788415
387,0.16411954336788415
388,0.16411954336788415
389,0.1641193416027803
390,0.1641193416027803
391,0.1641193416027803
392,0.1641193416027803
393,0.1641193416027803
394,0.1641193416027803
395,0.1641193416027803
396,0.1641193416027803
397,0.16411798873150965
398,0.16411798873150965
399,0.16411798873150965
400,0.16411798873150965
401,0.16411506791101083
402,0.16411506791101083
403,0.16411506791101083
404,0.16411506791101083
405,0.16411506791101083
406,0.16411506791101083
407,0.16411506791101083
408,0.16411506791101083
409,0.16411506791101083
410,0.16411506791101083
411,0.16411506791101083
412,0.16411506791101083
413,0.16411506791101083
414,0.16411506791101083
415,0.16411506791101083
416,0.16411506791101083
417,0.16411506791101083
418,0.16411506791101083
419,0.16410746613028965
420,0.16410746613028965
421,0.16410746613028965
422,0.16410746613028965
423,0.16410746613028965
424,0.16410746613028965
425,0.16410746613028965
426,0.16410746613028965
427,0.16410746613028965
428,0.16410746613028965
429,0.16410746613028965
430,0.16410746613028965
431,0.16410746613028965
432,0.16410746613028965
433,0.1640992375172233
434,0.1640992375172233
435,0.1640992375172233
436,0.1640992375172233
437,0.1640992375172233
438,0.1640992375172233
439,0.1640992375172233
440,0.1640992375172233
441,0.1640992375172233
442,0.1640992375172233
443,0.1640992375172233
444,0.1640992375172233
445,0.1640992375172233
446,0.1640992375172233
447,0.1640992375172233
448,0.1640992375172233
449,0.1640992375172233
450,0.1640992375172233
451,0.1640992375172233
452,0.1640992375172233
453,0.1640968261710129
454,0.1640968261710129
455,0.1640968261710129
456,0.1640968261710129
457,0.1640968261710129
458,0.1640968261710129
459,0.1640968261710129
460,0.16409260473760606
461,0.16409260473760606
462,0.16409260473760606
463,0.16409260473760606
464,0.16409260473760606
465,0.16409260473760606
466,0.16409260473760606
467,0.16409260473760606
468,0.16409260473760606
469,0.16409260473760606
470,0.16409260473760606
471,0.16409260473760606
472,0.16409260473760606
473,0.16409260473760606
474,0.16409260473760606
475,0.16409260473760606
476,0.16409260473760606
477,0.16409260473760606
478,0.16409260473760606
479,0.16409260473760606
480,0.16409260473760606
481,0.16409012267912382
482,0.16409012267912382
483,0.16409012267912382
484,0.16409012267912382
485,0.16409012267912382
486,0.16409012267912382
487,0.16409012267912382
488,0.16409012267912382
489,0.16409012267912382
490,0.16409012267912382
491,0.16409012267912382
492,0.16409012267912382
493,0.16409012267912382
494,0.16409012267912382
495,0.16409012267912382
496,0.16409012267912382
497,0.16409012267912382
498,0.16409012267912382
499,0.16409012267912382
500,0.16409012267912382
501,0.16409012267912382
502,0.16409012267912382
503,0.16409012267912382
504,0.16409012267912382
505,0.16409012267912382
506,0.16409012267912382
507,0.16409012267912382
508,0.16409012267912382
509,0.16409012267912382
510,0.16409012267912382
511,0.1640878403900504
512,0.1640878403900504
513,0.1640878403900504
514,0.16408391206539233
515,0.16408391206539233
516,0.16408391206539233
517,0.16408391206539233
518,0.16408391206539233
519,0.16408391206539233
520,0.16408391206539233
521,0.16408391206539233
522,0.16408391206539233
523,0.16408391206539233
524,0.16408391206539233
525,0.16408391206539233
526,0.16408391206539233
527,0.16408391206539233
528,0.16408391206539233
529,0.16408391206539233
530,0.16408391206539233
531,0.16408391206539233
532,0.16408391206539233
533,0.16408391206539233
534,0.16408391206539233
535,0.16408391206539233
536,0.16408391206539233
537,0.16408391206539233
538,0.16408391206539233
539,0.16408391206539233
540,0.16408391206539233
541,0.16408391206539233
542,0.16408391206539233
543,0.16407517210766887
544,0.16407517210766887
545,0.16407517210766887
546,0.16407517210766887
547,0.16407517210766887
548,0.16407517210766887
549,0.16407517210766887
550,0.16407517210766887
551,0.16407517210766887
552,0.16407517210766887
553,0.16407517210766887
554,0.16407517210766887
555,0.16407517210766887
556,0.16407517210766887
557,0.16407517210766887
558,0.16407517210766887
559,0.16407517210766887
560,0.16407517210766887
561,0.16407517210766887
562,0.16407517210766887
563,0.16407517210766887
564,0.16407517210766887
565,0.16407517210766887
566,0.16407517210766887
567,0.16407517210766887
568,0.16407052650434278
569,0.16407052650434278
570,0.16407052650434278
571,0.16407052650434278
572,0.16407052650434278
573,0.16406761396521946
574,0.16406761396521946
575,0.16406761396521946
576,0.16406761396521946
577,0.16406761396521946
578,0.16406761396521946
579,0.16406761396521946
580,0.16406761396521946
581,0.16406429433065964
582,0.16406429433065964
583,0.16406429433065964
584,0.164063862349518
585,0.164063862349518
586,0.16406346423462048
587,0.16406346423462048
588,0.16406346423462048
589,0.16406346423462048
590,0.16405707872131065
591,0.16405707872131065
592,0.16405707872131065
593,0.16405707872131065
594,0.16405707872131065
595,0.16405707872131065
596,0.16405707872131065
597,0.16405390548512566
598,0.16405390548512566
599,0.16405390548512566
600,0.16405390548512566
601,0.16405390548512566
602,0.16405390548512566
603,0.16405390548512566
604,0.16405390548512566
605,0.16405390548512566
606,0.16405390548512566
607,0.16405390548512566
608,0.16405390548512566
609,0.16405390548512566
610,0.16405390548512566
611,0.16405390548512566
612,0.16405390548512566
613,0.16405390548512566
614,0.16405390548512566
615,0.16405390548512566
616,0.16405390548512566
617,0.16405390548512566
618,0.16405390548512566
619,0.1640521310380702
620,0.1640521310380702
621,0.1640521310380702
622,0.1640521310380702
623,0.1640521310380702
624,0.1640521310380702
625,0.1640521310380702
626,0.1640521310380702
627,0.1640521310380702
628,0.16405121066264322
629,0.16405121066264322
630,0.16405121066264322
631,0.16405121066264322
632,0.16405121066264322
633,0.16405056528571793
634,0.16405056528571793
635,0.16405056528571793
636,0.16405056528571793
637,0.16405056528571793
638,0.16405056528571793
639,0.16405056528571793
640,0.16405056528571793
641,0.16405056528571793
642,0.16405056528571793
643,0.16405056528571793
644,0.16405056528571793
645,0.16405056528571793
646,0.16405056528571793
647,0.16405056528571793
648,0.16405056528571793
649,0.16404403418206037
650,0.16404403418206037
651,0.16404403418206037
652,0.16404403418206037
653,0.16404403418206037
654,0.16404403418206037
655,0.16404403418206037
656,0.16404403418206037
657,0.16404403418206037
658,0.16404403418206037
659,0.16404403418206037
660,0.16404403418206037
661,0.16404403418206037
662,0.16404403418206037
663,0.16404403418206037
664,0.16404403418206037
665,0.16404403418206037
666,0.16404403418206037
667,0.16404403418206037
668,0.16404403418206037
669,0.16404403418206037
670,0.16404403418206037
671,0.16404403418206037
672,0.16404403418206037
673,0.16404403418206037
674,0.16404403418206037
675,0.16404403418206037
676,0.16404403418206037
677,0.16404403418206037
678,0.16404403418206037
679,0.16404403418206037
680,0.16404403418206037
681,0.16404403418206037
682,0.16404403418206037
683,0.16404403418206037
684,0.16404403418206037
685,0.16404403418206037
686,0.16404403418206037
687,0.16404403418206037
688,0.16404403418206037
689,0.16404403418206037
690,0.16404403418206037
691,0.16404285435983876
692,0.16404285435983876
693,0.16404285435983876
694,0.16404285435983876
695,0.16404285435983876
696,0.16404285435983876
697,0.16404285435983876
698,0.16404285435983876
699,0.16404285435983876
700,0.16404285435983876
701,0.16404285435983876
702,0.16404285435983876
703,0.16404285435983876
704,0.16404285435983876
705,0.16404285435983876
706,0.16404285435983876
707,0.16404285435983876
708,0.16404285435983876
709,0.1640425063365949
710,0.16403940058497415
711,0.16403940058497415
712,0.16403940058497415
713,0.16403940058497415
714,0.16403940058497415
715,0.16403940058497415
716,0.16403940058497415
717,0.16403940058497415
718,0.16403940058497415
719,0.16403940058497415
720,0.16403940058497415
721,0.16403940058497415
722,0.16403940058497415
723,0.16403940058497415
724,0.16403940058497415
725,0.16403940058497415
726,0.16403940058497415
727,0.16403940058497415
728,0.16403940058497415
729,0.16403940058497415
730,0.16403940058497415
731,0.16403940058497415
732,0.16403940058497415
733,0.16403940058497415
734,0.16403940058497415
735,0.16403940058497415
736,0.16403940058497415
737,0.16403940058497415
738,0.16403940058497415
739,0.16403940058497415
740,0.16403940058497415
741,0.16403940058497415
742,0.16403940058497415
743,0.16403940058497415
744,0.16403940058497415
745,0.16403940058497415
746,0.16403940058497415
747,0.16403940058497415
748,0.16403940058497415
749,0.16403940058497415
750,0.16403940058497415
751,0.16403940058497415
752,0.16403940058497415
753,0.16403940058497415
754,0.16403940058497415
755,0.16403940058497415
756,0.16403940058497415
757,0.16403940058497415
758,0.16403940058497415
759,0.16403940058497415
760,0.16403940058497415
761,0.16403940058497415
762,0.16403940058497415
763,0.16403940058497415
764,0.16403940058497415
765,0.16403940058497415
766,0.16403940058497415
767,0.16403940058497415
768,0.16403940058497415
769,0.16403940058497415
770,0.16403940058497415
771,0.16403940058497415
772,0.16403940058497415
773,0.16403940058497415
774,0.16403940058497415
775,0.16403940058497415
776,0.16403940058497415
777,0.16403940058497415
778,0.16403940058497415
779,0.16403940058497415
780,0.16403940058497415
781,0.16403940058497415
782,0.16403940058497415
783,0.16403940058497415
784,0.16403940058497415
785,0.16403917179370994
786,0.16403917179370994
787,0.16403917179370994
788,0.16403917179370994
789,0.16403917179370994
790,0.16403917179370994
791,0.16403917179370994
792,0.16403917179370994
793,0.16403917179370994
794,0.16403917179370994
795,0.16403917179370994
796,0.16403917179370994
797,0.16403917179370994
798,0.16403917179370994
799,0.16403917179370994
800,0.16403917179370994
801,0.16403917179370994
802,0.16403917179370994
803,0.16403917179370994
804,0.16403917179370994
805,0.16403917179370994
806,0.164038291130232
807,0.164038291130232
808,0.164038291130232
809,0.164038291130232
810,0.164038291130232
811,0.164038291130232
812,0.164038291130232
813,0.164038291130232
814,0.164038291130232
815,0.164038291130232
816,0.164038291130232
817,0.164038291130232
818,0.164038291130232
819,0.164038291130232
820,0.164038291130232
821,0.164038291130232
822,0.164038291130232
823,0.164038291130232
824,0.164038291130232
825,0.164038291130232
826,0.164038291130232
827,0.164038291130232
828,0.16403808396300582
829,0.16403808396300582
830,0.16403808396300582
831,0.16403808396300582
832,0.16403808396300582
833,0.16403808396300582
834,0.16403808396300582
835,0.16403484311881572
836,0.16403484311881572
837,0.16403484311881572
838,0.16403484311881572
839,0.16403484311881572
840,0.16403484311881572
841,0.16403484311881572
842,0.16403484311881572
843,0.16403484311881572
844,0.16403484311881572
845,0.16403484311881572
846,0.16403484311881572
847,0.16403484311881572
848,0.16403484311881572
849,0.16403484311881572
850,0.16403484311881572
851,0.16403484311881572
852,0.16403484311881572
853,0.16403484311881572
854,0.16403484311881572
855,0.16403484311881572
856,0.16403484311881572
857,0.16402898010860423
858,0.16402898010860423
859,0.16402898010860423
860,0.1640276322537226
861,0.1640276322537226
862,0.1640276322537226
863,0.1640272549261548
864,0.1640272549261548
865,0.1640272549261548
866,0.1640272549261548
867,0.1640272549261548
868,0.1640272549261548
869,0.1640272549261548
870,0.1640272549261548
871,0.1640222116426238
872,0.1640222116426238
873,0.1640222116426238
874,0.1640222116426238
875,0.1640222116426238
876,0.1640222116426238
877,0.1640222116426238
878,0.1640222116426238
879,0.1640222116426238
880,0.1640222116426238
881,0.16402016599920374
882,0.16402016599920374
883,0.16402016599920374
884,0.16402016599920374
885,0.16402016599920374
886,0.16400552749732117
887,0.16400552749732117
888,0.16400552749732117
889,0.16400422765523678
890,0.16399932844175266
891,0.16399932844175266
892,0.16399932844175266
893,0.16399932844175266
894,0.16399932844175266
895,0.16399932844175266
896,0.16399932844175266
897,0.16399932844175266
898,0.16399932844175266
899,0.16398694916194867
900,0.16398694916194867
901,0.16398694916194867
902,0.16398694916194867
903,0.16398694867718627
904,0.16398548684404612
905,0.16398548684404612
906,0.16397483415674027
907,0.16397483415674027
908,0.16397483415674027
909,0.16397483415674027
910,0.16397483415674027
911,0.16397483415674027
912,0.16397483415674027
913,0.16397483415674027
914,0.16397005483766983
915,0.16397005483766983
916,0.16397005483766983
917,0.16397005483766983
918,0.16397005483766983
919,0.16397005483766983
920,0.16397005483766983
921,0.16397005483766983
922,0.16397005483766983
923,0.16397005483766983
924,0.16397005483766983
925,0.16397005483766983
926,0.16397005483766983
927,0.16397005483766983
928,0.16397005483766983
929,0.16397005483766983
930,0.16397005483766983
931,0.16397005483766983
932,0.16397005483766983
933,0.16397005483766983
934,0.16397005483766983
935,0.16397005483766983
936,0.16397005483766983
937,0.16397005483766983
938,0.16397005483766983
939,0.16397005483766983
940,0.16397005483766983
941,0.16397005483766983
942,0.16397005483766983
943,0.16397005483766983
944,0.16397005483766983
945,0.16396999269104964
946,0.16396999269104964
947,0.16396999269104964
948,0.16396999269104964
949,0.16396946605531398
950,0.16396946605531398
951,0.16396946605531398
952,0.16396946605531398
953,0.16396946605531398
954,0.16396946605531398
955,0.16396946605531398
956,0.16396946605531398
957,0.16396946605531398
958,0.16396946605531398
959,0.16396946605531398
960,0.16396946605531398
961,0.16396946605531398
962,0.16396946605531398
963,0.16396946605531398
964,0.16396946605531398
965,0.16396921967019867
966,0.16396921967019867
967,0.16396921967019867
968,0.16396921967019867
969,0.16396921967019867
970,0.16396921967019867
971,0.16395933491460055
972,0.16395933491460055
973,0.16395933491460055
974,0.16395933491460055
975,0.16395933491460055
976,0.16395933491460055
977,0.16395933491460055
978,0.16395933491460055
979,0.16395933491460055
980,0.16395933491460055
981,0.16395933491460055
982,0.16395933491460055
983,0.16395933491460055
984,0.16395933491460055
985,0.16395933491460055
986,0.16395933491460055
987,0.16395933491460055
988,0.16395933491460055
989,0.16395933491460055
990,0.16395933491460055
991,0.16395933491460055
992,0.16395933491460055
993,0.16395933491460055
994,0.16395933491460055
995,0.16395933491460055
996,0.16395933491460055
997,0.16395933491460055
998,0.16395933491460055
999,0.16395933491460055
1000,0.16395933491460055
1001,0.16395933491460055
1002,0.16395933491460055
1003,0.16395292444871062
1004,0.16395292444871062
1005,0.16395292444871062
1006,0.16395292444871062
1007,0.16395292444871062
1008,0.16395292444871062
1009,0.16395292444871062
1010,0.16395292444871062
1011,0.16395292444871062
1012,0.16395292444871062
1013,0.16395292444871062
1014,0.16395292444871062
1015,0.16395292444871062
1016,0.16395292444871062
1017,0.16395292444871062
1018,0.16395292444871062
1019,0.16395292444871062
1020,0.16395292444871062
1021,0.16395292444871062
1022,0.16395292444871062
1023,0.16395292444871062
1024,0.16395292444871062
1025,0.16395292444871062
1026,0.16395292444871062
1027,0.16395292444871062
1028,0.16395292444871062
1029,0.16395292444871062
1030,0.16395292444871062
1031,0.16395292444871062
1032,0.16395292444871062
1033,0.16395292444871062
1034,0.16395292444871062
1035,0.16395292444871062
1036,0.16395292444871062
1037,0.16395156431774296
1038,0.16395156431774296
1039,0.16395156431774296
1040,0.16395156431774296
1041,0.16395156431774296
1042,0.16395156431774296
1043,0.16395156431774296
1044,0.16394775390844535
1045,0.16394775390844535
1046,0.16394775390844535
1047,0.16394775390844535
1048,0.16394775390844535
1049,0.16394775390844535
1050,0.16394775390844535
1051,0.16394775390844535
1052,0.16394775390844535
1053,0.16394775390844535
1054,0.16394775390844535
1055,0.16394775390844535
1056,0.16394775390844535
1057,0.16394775390844535
1058,0.16394775390844535
1059,0.16394775390844535
1060,0.16394775390844535
1061,0.16394775390844535
1062,0.16394775390844535
1063,0.16394775390844535
1064,0.16394775390844535
1065,0.16394775390844535
1066,0.16394775390844535
1067,0.16394775390844535
1068,0.16394775390844535
1069,0.16394775390844535
1070,0.16394775390844535
1071,0.16394775390844535
1072,0.16394775390844535
1073,0.16394775390844535
1074,0.16394775390844535
1075,0.16394775390844535
1076,0.16394775390844535
1077,0.16394775390844535
1078,0.16394775390844535
1079,0.16394775390844535
1080,0.16394775390844535
1081,0.16394775390844535
1082,0.16394775390844535
1083,0.16394775390844535
1084,0.16394775390844535
1085,0.16394256657311873
1086,0.16394256657311873
1087,0.16394256657311873
1088,0.16394256657311873
1089,0.16394256657311873
1090,0.16394256657311873
1091,0.16394256657311873
1092,0.16394256657311873
1093,0.16394256657311873
1094,0.16394256657311873
1095,0.16394256657311873
1096,0.16394256657311873
1097,0.16394256657311873
1098,0.16394256657311873
1099,0.16394256657311873
1100,0.1639425046803768
1101,0.1639425046803768
1102,0.16384446639374142
1103,0.16384446639374142
1104,0.16384446639374142
1105,0.16384446639374142
1106,0.16384446639374142
1107,0.16383446856357337
1108,0.16383446856357337
1109,0.16383446856357337
1110,0.16383446856357337
1111,0.16383446856357337
1112,0.16383446856357337
1113,0.16383446856357337
1114,0.16383446856357337
1115,0.1637812384062608
1116,0.1637812384062608
1117,0.16377381723605222
1118,0.16377381723605222
1119,0.16377381723605222
1120,0.16377381723605222
1121,0.16377381723605222
1122,0.16377381723605222
1123,0.16376620253778187
1124,0.16376620253778187
1125,0.16376620253778187
1126,0.16376620253778187
1127,0.1637409039462451
1128,0.1637409039462451
1129,0.16373069698842074
1130,0.16373069698842074
1131,0.16373069698842074
1132,0.16373069698842074
1133,0.16373069698842074
1134,0.1637102065148048
1135,0.16369457121599568
1136,0.16369457121599568
1137,0.16367461505516018
1138,0.16367461505516018
1139,0.16364574377821756
1140,0.16364574377821756
1141,0.16364574377821756
1142,0.1635140507257722
1143,0.1635140507257722
1144,0.16350180944621714
1145,0.16343897152745765
1146,0.16343897152745765
1147,0.1634028326991306
1148,0.1633441034521207
1149,0.163268608720056
1150,0.163268608720056
1151,0.1632340766026799
1152,0.16317449104857157
1153,0.1630448303960439
1154,0.1630448303960439
1155,0.1630448303960439
1156,0.1628199654036494
1157,0.1628199654036494
1158,0.1628199654036494
1159,0.162806623473051
1160,0.16273252032071753
1161,0.16273252032071753
1162,0.16273252032071753
1163,0.16273252032071753
1164,0.16273252032071753
1165,0.16273252032071753
1166,0.16273252032071753
1167,0.16268379024764315
1168,0.16268379024764315
1169,0.16268379024764315
1170,0.1626102452035809
1171,0.1626102452035809
1172,0.1626102452035809
1173,0.1625600806269795
1174,0.16254051887491605
1175,0.16254051887491605
1176,0.16247888691062312
1177,0.16239457414463457
1178,0.16239457414463457
1179,0.16239457414463457
1180,0.1623444505703499
1181,0.1623444505703499
1182,0.1623444505703499
1183,0.1623444505703499
1184,0.16233730155727114
1185,0.16231555004068351
1186,0.16231555004068351
1187,0.16231555004068351
1188,0.16231555004068351
1189,0.16231555004068351
1190,0.16231555004068351
1191,0.16231555004068351
1192,0.16231555004068351
1193,0.16220621240467084
1194,0.16220621240467084
1195,0.16220621240467084
1196,0.16220621240467084
1197,0.16220621240467084
1198,0.16220621240467084
1199,0.16213674445827603
1200,0.16213674445827603
1201,0.1619764633900565
1202,0.1619764633900565
1203,0.1619764633900565
1204,0.16188103694406242
1205,0.16185632083435222
1206,0.16174454980000993
1207,0.1617148328004929
1208,0.16164602116678026
1209,0.16164602116678026
1210,0.1615651160059937
1211,0.1615651160059937
1212,0.1615651160059937
1213,0.1615651160059937
1214,0.16154903785799124
1215,0.16154903785799124
1216,0.16150049400149546
1217,0.16150049400149546
1218,0.16150049400149546
1219,0.16150049400149546
1220,0.16150049400149546
1221,0.16145426224778156
1222,0.161450294347022
1223,0.161450294347022
1224,0.161450294347022
1225,0.161450294347022
1226,0.1614452512634977
1227,0.1614452512634977
1228,0.1614438541219753
1229,0.16144036819137883
1230,0.16142005200821644
1231,0.16142005200821644
1232,0.16142005200821644
1233,0.16142005200821644
1234,0.16132049555439415
1235,0.16132049555439415
1236,0.16132049555439415
1237,0.16130607574486425
1238,0.16130607574486425
1239,0.16130607574486425
1240,0.16129124794493413
1241,0.16129006806978496
1242,0.16126901911755423
1243,0.16126805975831707
1244,0.16123860059434228
1245,0.1611968299744417
1246,0.1611968299744417
1247,0.1611532294676238
1248,0.1611532294676238
1249,0.16109818139358376
1250,0.1610789338475116
1251,0.1610789338475116
1252,0.1610789338475116
1253,0.1610789338475116
1254,0.1610722583143767
1255,0.16094036440515133
1256,0.16094036440515133
1257,0.16094036440515133
1258,0.16094036440515133
1259,0.16094036440515133
1260,0.16094036440515133
1261,0.16094036440515133
1262,0.16087138611563306
1263,0.16087138611563306
1264,0.16087138611563306
1265,0.16087138611563306
1266,0.16085490296020724
1267,0.16085490296020724
1268,0.16085490296020724
1269,0.16085490296020724
1270,0.16085490296020724
1271,0.16084140098634778
1272,0.16082205249600334
1273,0.16082205249600334
1274,0.16082205249600334
1275,0.16082205249600334
1276,0.16082205249600334
1277,0.16080758221396332
1278,0.16080758221396332
1279,0.16080758221396332
1280,0.16080758221396332
1281,0.16080758221396332
1282,0.16080758221396332
1283,0.16080758221396332
1284,0.16080758221396332
1285,0.16080758221396332
1286,0.1608064806133452
1287,0.1607930438548872
1288,0.1607930438548872
1289,0.1607930438548872
1290,0.1607930438548872
1291,0.16078787297039376
1292,0.1607688727178911
1293,0.1607688727178911
1294,0.1607688727178911
1295,0.1607688727178911
1296,0.1607688727178911
1297,0.16076188592542728
1298,0.16076188592542728
1299,0.16076188592542728
1300,0.16076188592542728
1301,0.16076188592542728
1302,0.16076188592542728
1303,0.16076188592542728
1304,0.16075654961551883
1305,0.16075654961551883
1306,0.16075654961551883
1307,0.16075566905513147
1308,0.16074741487480165
1309,0.16073376595256733
1310,0.16073376595256733
1311,0.16073376595256733
1312,0.16073376595256733
1313,0.16073376595256733
1314,0.16073376595256733
1315,0.16073376595256733
1316,0.16073376595256733
1317,0.16073376595256733
1318,0.16073376595256733
1319,0.16073376595256733
1320,0.16073376595256733
1321,0.16073376595256733
1322,0.16073376595256733
1323,0.16073376595256733
1324,0.16073376595256733
1325,0.16073376595256733
1326,0.16073376595256733
1327,0.16073376595256733
1328,0.16073376595256733
1329,0.1607308420842547
1330,0.1607308420842547
1331,0.1607308420842547
1332,0.1607308420842547
1333,0.1607308420842547
1334,0.1607308420842547
1335,0.1607308420842547
1336,0.16072253575806839
1337,0.16072253575806839
1338,0.16072253575806839
1339,0.16072253575806839
1340,0.16072253575806839
1341,0.16072253575806839
1342,0.16072253575806839
1343,0.16072253575806839
1344,0.16072253575806839
1345,0.16072253575806839
1346,0.16072253575806839
1347,0.16072253575806839
1348,0.16072223808265695
1349,0.16072064858322077
1350,0.16071814862930175
1351,0.16071814862930175
1352,0.16071814862930175
1353,0.16071814862930175
1354,0.16071814862930175
1355,0.16071814862930175
1356,0.16071814862930175
1357,0.16071814862930175
1358,0.16071814862930175
1359,0.16071814862930175
1360,0.16071814862930175
1361,0.16071561639263826
1362,0.16071561639263826
1363,0.16071561639263826
1364,0.16071561639263826
1365,0.16071561639263826
1366,0.16071561639263826
1367,0.16071561639263826
1368,0.16071561639263826
1369,0.16071561639263826
1370,0.16071561639263826
1371,0.16071561639263826
1372,0.16071561639263826
1373,0.16071524135128476
1374,0.16071524135128476
1375,0.16071524135128476
1376,0.16071524135128476
1377,0.16071524135128476
1378,0.16071190928215498
1379,0.16071190928215498
1380,0.16071190928215498
1381,0.16071190928215498
1382,0.16071190928215498
1383,0.16070877539523
1384,0.16070877539523
1385,0.16070877539523
1386,0.16070877539523
1387,0.16070877539523
1388,0.16070877539523
1389,0.16070877539523
1390,0.16070812759954764
1391,0.16070812759954764
1392,0.16070812759954764
1393,0.16070812759954764
1394,0.16070812759954764
1395,0.16070812759954764
1396,0.16070699231962618
1397,0.16070699231962618
1398,0.16070699231962618
1399,0.16070699231962618
1400,0.16070699231962618
1401,0.16070699231962618
1402,0.16070699231962618
1403,0.16070249036469353
1404,0.16070249036469353
1405,0.16070249036469353
1406,0.16070249036469353
1407,0.16070249036469353
1408,0.16069849115839227
1409,0.16069849115839227
1410,0.16069849115839227
1411,0.16069849115839227
1412,0.16069849115839227
1413,0.16069849115839227
1414,0.16069849115839227
1415,0.16069849115839227
1416,0.16069849115839227
1417,0.16069849115839227
1418,0.16069849115839227
1419,0.16069849115839227
1420,0.16069849115839227
1421,0.16069849115839227
1422,0.16069849115839227
1423,0.16069849115839227
1424,0.1606928690634297
1425,0.1606928690634297
1426,0.1606928690634297
1427,0.1606928690634297
1428,0.1606928690634297
1429,0.1606928690634297
1430,0.1606928690634297
1431,0.1606928690634297
1432,0.1606915538705321
1433,0.1606915538705321
1434,0.1606915538705321
1435,0.16069088003737161
1436,0.16069088003737161
1437,0.16069088003737161
1438,0.16068723270329935
1439,0.16068723270329935
1440,0.16068723270329935
1441,0.16068723270329935
1442,0.16068723270329935
1443,0.16068723270329935
1444,0.16068723270329935
1445,0.16068723270329935
1446,0.16068723270329935
1447,0.16068723270329935
1448,0.16068723270329935
1449,0.16068723270329935
1450,0.16068723270329935
1451,0.16068723270329935
1452,0.1606827459675312
1453,0.1606827459675312
1454,0.1606827459675312
1455,0.16068109406225625
1456,0.16068109406225625
1457,0.16068109406225625
1458,0.1606790674807287
1459,0.1606790674807287
1460,0.1606790674807287
1461,0.1606790674807287
1462,0.1606790674807287
1463,0.1606790674807287
1464,0.1606790674807287
1465,0.16067492430543995
1466,0.16067492430543995
1467,0.16067492430543995
1468,0.16067492430543995
1469,0.16067492430543995
1470,0.16067492430543995
1471,0.1606632610185773
1472,0.1606632610185773
1473,0.16065727663740537
1474,0.16065727663740537
1475,0.16065727663740537
1476,0.16065727663740537
1477,0.16065572601848582
1478,0.16065572601848582
1479,0.1606468833416126
1480,0.1606468833416126
1481,0.1606468833416126
1482,0.1606455567711349
1483,0.1606455567711349
1484,0.1606455567711349
1485,0.16064435079920153
1486,0.1606425137893924
1487,0.1606425137893924
1488,0.1606425137893924
1489,0.1606425137893924
1490,0.1606321799091606
1491,0.1606321799091606
1492,0.1606321799091606
1493,0.1606303580235314
1494,0.160625201396618
1495,0.160625201396618
1496,0.160625201396618
1497,0.16062334541795031
1498,0.16062334541795031
1499,0.16062334541795031
1500,0.16062334541795031
1501,0.16061534983319312
1502,0.16061534983319312
1503,0.16061534983319312
1504,0.16061534983319312
1505,0.16061534983319312
1506,0.16061534983319312
1507,0.16061534983319312
1508,0.16061534983319312
1509,0.16061504873725105
1510,0.16061504873725105
1511,0.16061504873725105
1512,0.16061504873725105
1513,0.160600740658551
1514,0.160600740658551
1515,0.160600740658551
1516,0.160600740658551
1517,0.160600740658551
1518,0.160600740658551
1519,0.160600740658551
1520,0.16059867471810818
1521,0.16059867471810818
1522,0.16059867471810818
1523,0.16059867471810818
1524,0.16059867471810818
1525,0.16059867471810818
1526,0.16059867471810818
1527,0.16059867471810818
1528,0.16059761520194357
1529,0.16059328442914544
1530,0.1605928059864883
1531,0.1605928059864883
1532,0.16059270874914433
1533,0.16059167292743773
1534,0.1605877555031964
1535,0.1605841995953837
1536,0.1605841995953837
1537,0.1605841995953837
1538,0.1605841995953837
1539,0.16057359251154682
1540,0.16057359251154682
1541,0.16057043114763764
1542,0.16057043114763764
1543,0.16057043114763764
1544,0.16056900915200298
1545,0.16056900915200298
1546,0.16056900915200298
1547,0.16056088207382313
1548,0.16056088207382313
1549,0.16056088207382313
1550,0.16056088207382313
1551,0.1605563945742364
1552,0.1605563945742364
1553,0.1605563945742364
1554,0.1605563945742364
1555,0.1605563945742364
1556,0.160553743565403
1557,0.160553743565403
1558,0.160553743565403
1559,0.160553743565403
1560,0.160553743565403
1561,0.160553743565403
1562,0.160553743565403
1563,0.16055056128227863
1564,0.16055056128227863
1565,0.16055056128227863
1566,0.16055056128227863
1567,0.16055056128227863
1568,0.16055056128227863
1569,0.16055056128227863
1570,0.16055056128227863
1571,0.16055004188189906
1572,0.16054183798827423
1573,0.16052200617428383
1574,0.16052200617428383
1575,0.16052200617428383
1576,0.16052200617428383
1577,0.16052200617428383
1578,0.16052200617428383
1579,0.16052200617428383
1580,0.16052200617428383
1581,0.16052200617428383
1582,0.1605180861591031
1583,0.1605180861591031
1584,0.1605180861591031
1585,0.1605180861591031
1586,0.1605180861591031
1587,0.1605176783785817
1588,0.16051766124201447
1589,0.16051766124201447
1590,0.16051766124201447
1591,0.16051766124201447
1592,0.16051766124201447
1593,0.16051766124201447
1594,0.16051766124201447
1595,0.1605176280429798
1596,0.1605176280429798
1597,0.1605176280429798
1598,0.1605176280429798
1599,0.1605176280429798
1600,0.16051036487829964
1601,0.16051036487829964
1602,0.16051036487829964
1603,0.16050935843973577
1604,0.16050935843973577
1605,0.16050935843973577
1606,0.16050935843973577
1607,0.16050935843973577
1608,0.16050935843973577
1609,0.16050935843973577
1610,0.16050848551693966
1611,0.16050848551693966
1612,0.16050554297106073
1613,0.16050554297106073
1614,0.16050554297106073
1615,0.16050554297106073
1616,0.16050554297106073
1617,0.16050554297106073
1618,0.16050554297106073
1619,0.16050554297106073
1620,0.16050554297106073
1621,0.16050554297106073
1622,0.16050554297106073
1623,0.16050554297106073
1624,0.16050554297106073
1625,0.16050554297106073
1626,0.16050495456606045
1627,0.1605038269228694
1628,0.16050240135717933
1629,0.16050240135717933
1630,0.16050240135717933
1631,0.1605012546395854
1632,0.1605012546395854
1633,0.16049613871535492
1634,0.16049434361946519
1635,0.16049434361946519
1636,0.16049434361946519
1637,0.16049434361946519
1638,0.16049434361946519
1639,0.16049434361946519
1640,0.16049434361946519
1641,0.16049434361946519
1642,0.1604940034094137
1643,0.1604940034094137
1644,0.1604940034094137
1645,0.1604940034094137
1646,0.1604940034094137
1647,0.1604940034094137
1648,0.16049343423049872
1649,0.16049343423049872
1650,0.16049248229753765
1651,0.16049248229753765
1652,0.16049248229753765
1653,0.16049248229753765
1654,0.16049248229753765
1655,0.160491653676193
1656,0.160491653676193
1657,0.160491653676193
1658,0.16049141406331288
1659,0.16049141406331288
1660,0.16049141406331288
1661,0.16049141406331288
1662,0.16049141406331288
1663,0.16049141406331288
1664,0.16049141406331288
1665,0.16049099844333306
1666,0.16048975219949554
1667,0.16048975219949554
1668,0.16048728839778967
1669,0.16048728839778967
1670,0.16048728839778967
1671,0.16048728839778967
1672,0.16048728839778967
1673,0.16048728839778967
1674,0.16048728839778967
1675,0.16048728839778967
1676,0.16048728839778967
1677,0.16048728839778967
1678,0.16048677068125589
1679,0.16048677068125589
1680,0.16048677068125589
1681,0.16048677068125589
1682,0.16048677068125589
1683,0.16048677068125589
1684,0.16048677068125589
1685,0.16048677068125589
1686,0.16048677068125589
1687,0.16048677068125589
1688,0.16048677068125589
1689,0.16048677068125589
1690,0.16048677068125589
1691,0.16048677068125589
1692,0.16048677068125589
1693,0.16048677068125589
1694,0.16048677068125589
1695,0.16048677068125589
1696,0.16048632608640087
1697,0.16048611367535282
1698,0.1604856438000307
1699,0.1604856438000307
1700,0.1604856438000307
1701,0.1604856438000307
1702,0.1604856438000307
1703,0.1604856438000307
1704,0.1604856438000307
1705,0.1604856438000307
1706,0.1604856438000307
1707,0.1604856438000307
1708,0.1604856438000307
1709,0.1604856438000307
1710,0.1604856438000307
1711,0.1604856438000307
1712,0.16048534801681894
1713,0.16048534801681894
1714,0.16048534801681894
1715,0.16048534801681894
1716,0.16048534801681894
1717,0.16048534801681894
1718,0.16048534801681894
1719,0.16048534801681894
1720,0.16048523065540882
1721,0.16048523065540882
1722,0.16048523065540882
1723,0.16048523065540882
1724,0.16048523065540882
1725,0.16048488994377136
1726,0.16048488994377136
1727,0.16048430211411993
1728,0.16048430211411993
1729,0.16048430211411993
1730,0.16048430211411993
1731,0.16048430211411993
1732,0.16048430211411993
1733,0.16048430211411993
1734,0.16048430211411993
1735,0.16048428679919569
1736,0.16048428679919569
1737,0.16048428679919569
1738,0.16048428679919569
1739,0.16048428679919569
1740,0.16048428679919569
1741,0.16048428679919569
1742,0.16048428679919569
1743,0.16048428679919569
1744,0.16048428679919569
1745,0.16048395840394403
1746,0.16048395840394403
1747,0.16048367976887498
1748,0.16048367976887498
1749,0.16048367976887498
1750,0.16048367976887498
1751,0.16048367976887498
1752,0.16048367976887498
1753,0.16048367976887498
1754,0.16048367976887498
1755,0.16048367976887498
1756,0.16048367976887498
1757,0.16048367976887498
1758,0.16048367976887498
1759,0.16048367976887498
1760,0.16048367976887498
1761,0.16048367976887498
1762,0.16048367976887498
1763,0.16048367109521353
1764,0.16048367109521353
1765,0.16048367109521353
1766,0.16048367109521353
1767,0.16048367109521353
1768,0.16048367109521353
1769,0.16048367109521353
1770,0.16048367109521353
1771,0.16048367109521353
1772,0.16048367109521353
1773,0.16048367109521353
1774,0.16048367109521353
1775,0.16048363300103352
1776,0.16048348155184383
1777,0.16048348155184383
1778,0.16048348155184383
1779,0.16048316856835723
1780,0.16048316856835723
1781,0.16048316856835723
1782,0.16048316856835723
1783,0.16048316856835723
1784,0.16048316856835723
1785,0.16048316856835723
1786,0.16048316856835723
1787,0.16048316856835723
1788,0.16048316856835723
1789,0.16048316856835723
1790,0.16048316856835723
1791,0.16048316856835723
1792,0.16048316856835723
1793,0.16048316856835723
1794,0.16048316856835723
1795,0.16048316856835723
1796,0.16048316856835723
1797,0.16048316856835723
1798,0.16048316856835723
1799,0.16048316856835723
1800,0.16048316856835723
1801,0.16048316856835723
1802,0.16048316856835723
1803,0.16048316856835723
1804,0.16048316856835723
1805,0.16048316856835723
1806,0.16048316856835723
1807,0.16048316856835723
1808,0.16048316856835723
1809,0.16048316856835723
1810,0.16048316856835723
1811,0.16048316856835723
1812,0.16048316856835723
1813,0.16048316856835723
1814,0.16048316856835723
1815,0.16048316856835723
1816,0.16048316856835723
1817,0.16048316856835723
1818,0.16048316856835723
1819,0.16048316856835723
1820,0.16048304628656956
1821,0.16048304628656956
1822,0.16048304628656956
1823,0.16048304628656956
1824,0.16048304628656956
1825,0.16048304628656956
1826,0.16048304628656956
1827,0.16048304628656956
1828,0.16048304628656956
1829,0.16048304628656956
1830,0.16048304628656956
1831,0.16048304628656956
1832,0.16048304628656956
1833,0.16048304628656956
1834,0.16048304628656956
1835,0.16048304628656956
1836,0.1604830272793428
1837,0.1604830272793428
1838,0.1604830272793428
1839,0.1604830272793428
1840,0.1604830272793428
1841,0.1604830272793428
1842,0.1604830272793428
1843,0.1604830272793428
1844,0.1604830272793428
1845,0.16048298714686277
1846,0.16048298303903133
1847,0.16048298303903133
1848,0.16048298303903133
1849,0.16048298303903133
1850,0.16048298303903133
1851,0.16048298303903133
1852,0.16048298303903133
1853,0.16048298303903133
1854,0.16048298303903133
1855,0.16048298303903133
1856,0.16048298303903133
1857,0.16048298303903133
1858,0.16048298303903133
1859,0.1604829661478291
1860,0.1604829661478291
1861,0.1604829661478291
1862,0.1604829661478291
1863,0.16048293328092272
1864,0.1604828823892797
1865,0.1604828823892797
1866,0.1604828823892797
1867,0.1604828823892797
1868,0.1604828823892797
1869,0.1604828823892797
1870,0.1604828823892797
1871,0.1604828823892797
1872,0.1604828823892797
1873,0.1604828823892797
1874,0.1604828823892797
1875,0.1604828823892797
1876,0.1604828823892797
1877,0.16048288111420428
1878,0.16048288111420428
1879,0.16048284742328425
1880,0.16048284742328425
1881,0.16048284742328425
1882,0.16048284742328425
1883,0.16048284742328425
1884,0.16048284742328425
1885,0.16048284742328425
1886,0.16048280830023698
1887,0.16048280830023698
1888,0.16048280830023698
1889,0.16048280830023698
1890,0.16048280830023698
1891,0.16048280830023698
1892,0.16048280830023698
1893,0.16048280830023698
1894,0.16048280830023698
1895,0.16048280830023698
1896,0.16048280830023698
1897,0.16048280830023698
1898,0.16048280830023698
1899,0.16048280830023698
1900,0.16048280830023698
1901,0.16048280830023698
1902,0.16048280830023698
1903,0.16048280830023698
1904,0.16048280830023698
1905,0.16048280830023698
1906,0.16048280830023698
1907,0.16048280830023698
1908,0.16048280830023698
1909,0.16048280830023698
1910,0.16048280830023698
1911,0.16048280830023698
1912,0.16048280830023698
1913,0.16048279360252204
1914,0.16048279360252204
1915,0.16048279360252204
1916,0.16048279360252204
1917,0.16048279360252204
1918,0.16048279360252204
1919,0.16048279360252204
1920,0.16048279360252204
1921,0.16048278523402587
1922,0.16048278523402587
1923,0.16048278523402587
1924,0.16048278523402587
1925,0.16048278523402587
1926,0.16048278523402587
1927,0.16048278523402587
1928,0.16048278523402587
1929,0.16048278523402587
1930,0.16048278523402587
1931,0.16048278523402587
1932,0.16048278523402587
1933,0.16048278523402587
1934,0.16048276841328907
1935,0.16048276841328907
1936,0.16048276657126304
1937,0.16048276657126304
1938,0.16048276657126304
1939,0.160482766015517
1940,0.160482766015517
1941,0.160482766015517
1942,0.160482766015517
1943,0.160482766015517
1944,0.160482766015517
1945,0.160482766015517
1946,0.160482766015517
1947,0.160482766015517
1948,0.16048275949759336
1949,0.16048275949759336
1950,0.16048275949759336
1951,0.16048275949759336
1952,0.16048275949759336
1953,0.16048275817272326
1954,0.16048275817272326
1955,0.16048275817272326
1956,0.16048275366814244
1957,0.16048275366814244
1958,0.16048275366814244
1959,0.16048275366814244
1960,0.16048275366814244
1961,0.16048275366814244
1962,0.16048275366814244
1963,0.16048275366814244
1964,0.16048275366814244
1965,0.16048275366814244
1966,0.16048275366814244
1967,0.16048273540736208
1968,0.16048273540736208
1969,0.16048273540736208
1970,0.16048273540736208
1971,0.16048273540736208
1972,0.16048273540736208
1973,0.16048273540736208
1974,0.16048273540736208
1975,0.16048273540736208
1976,0.16048273540736208
1977,0.16048273540736208
1978,0.16048273540736208
1979,0.16048273540736208
1980,0.16048273540736208
1981,0.16048273540736208
1982,0.16048273540736208
1983,0.16048273540736208
1984,0.16048273540736208
1985,0.16048273540736208
1986,0.16048273540736208
1987,0.16048273540736208
1988,0.16048273540736208
1989,0.16048273540736208
1990,0.16048273540736208
1991,0.16048273540736208
1992,0.16048273540736208
1993,0.16048273540736208
1994,0.16048273540736208
1995,0.16048273538414895
1996,0.16048273538414895
1997,0.16048273524762752
1998,0.16048273524762752
1999,0.16048273521943637
2000,0.16048273521943637
