Actual,MLP,RNN,GA-MLP,DE-MLP,FPA-MLP,PSO-MLP,WOA-MLP,GWO-MLP,SSA-MLP,WDO-MLP,MVO-MLP,EO-MLP,NRO-MLP,HGSO-MLP
3.63,2.7898293303593147,3.0468803070322767,4.253487735759332,3.691184603194956,2.9323030462898463,3.4544050580605865,3.058636725767532,3.937111322470801,3.6536253728520456,2.8180408056303223,1.969958332941471,2.4794724152332432,4.182503351842444,3.161555731689127
3.21,1.8667483778532912,3.1943304006528037,6.4100866811867565,2.9223118142252282,3.7976597955841886,4.447064898966651,2.0894031987405013,1.9345959824519632,2.3617769281217433,2.6932113696644606,3.4558087337838304,2.4676404550197724,2.264982957313282,6.026748433943879
4.29,4.671524131269664,3.658299338937447,4.2143422878747385,3.3334319691609373,4.344250720658408,3.002137795702324,3.4474941813276905,2.0150559650701574,3.04676200467172,3.0740854883979543,3.5810204210178633,4.927290918441352,1.928793265326309,4.148071086519907
3.67,4.080946481240447,3.2118098771283834,3.9575660843035942,5.3771736694559324,3.1435291068826503,2.7642883228866117,4.7784642132465125,4.435313516670356,4.22425231844685,4.118941827668413,5.065699322327124,5.2229652965699405,3.9278862894171738,2.2498648842127245
2.46,3.1804467668781813,3.874046966297629,4.2451994109595095,3.8660354071225056,3.4866103553630565,3.704125133435142,3.3971806072641844,4.154138571034567,3.07389480780924,4.065009081660745,2.6050431031972963,2.7525431011139965,4.736457562350406,2.6077550858428795
3.54,5.656581279489805,4.116134340582505,5.677387415468969,6.862937086336227,5.5699350596746955,5.472648197048022,5.036964452784519,5.5229865852472475,4.707863975149326,6.050831416178068,5.332953452367269,4.335741954656784,5.827083622264322,5.9442388502302075
18.82,17.06432286365068,15.253064571583204,17.684000678557155,15.253200070253616,16.263217502821295,15.297192667335125,17.355913104612693,16.667718554825484,17.954803638669084,15.760158888501856,15.147146485338025,14.088909198566173,15.676263646787007,18.729934357439284
21.76,21.389691070882602,18.423002196971773,21.700961190794416,21.621717661929864,21.18008045935004,20.936949674541733,21.340691195959515,20.712923344772076,20.559935932652472,22.281962580597163,21.55430329993445,21.721681678574253,20.170672552533606,21.05662883487878
9.83,12.488481594165535,11.152790583430619,12.072034229831695,15.748272512730848,11.137242574223592,12.370289806420267,14.019038261551099,12.931805856428952,11.93732625543257,10.650589048157391,15.987018231661475,14.56687164891246,14.718458135472881,11.046421477276573
7.16,4.399834884368573,5.921680244318176,6.601021155686643,4.685219042037368,3.9727198529546053,5.056862747688527,5.0918427546280585,4.266565914997652,4.913384452723923,5.411538353477626,6.260561056405425,4.846460103055955,6.1876074440372895,6.74238615384999
4.67,6.286065050364496,5.233643182909732,5.5417938128303526,7.086302558221775,5.802506844229952,6.1960455028404935,5.556835928351512,5.715417955850246,5.812012965382824,6.294944254827143,5.912322732046921,5.725832399030442,5.126781212128757,7.450034640868219
4.44,4.3521800115721145,3.218371441091623,4.4209381256901725,4.933417201201592,4.130987401557077,4.0259037084669895,3.3267490889801525,3.6353921132919704,3.27050754010986,5.067192763531006,2.949773467340472,4.542834498314837,4.343366766370381,3.9218724074070175
4.4,3.235171325516574,3.2118056847036422,4.447969284612121,3.6794330906899857,3.083071327335257,3.671571404446772,3.456209817010373,4.23785022511386,4.237573977245363,2.996055706701891,2.164551708375038,2.8475634425787235,3.86159489563402,3.3541501941792817
3.830000000000001,1.85529173876164,3.203027166536991,6.378515085517303,3.3866238188317936,3.485896879533785,3.743856283789512,2.1119316865700557,2.253991577281603,2.4394837541320475,2.7154497140068354,3.166568937263221,2.6028928915379437,2.8063127424480374,5.3001458304337286
4.42,3.918352091725468,3.4393642110461493,4.6069273330709,3.20952827490315,4.267278730563712,3.408468037957854,2.721046485998301,1.7958641619362998,2.5838879316980377,2.7396518426650287,3.5491525321117137,4.896151646019323,1.982271139408564,4.477725842563487
4.72,3.8768135473846783,2.57927276331431,3.4017960653004407,4.3751259471009005,2.551542136397827,2.0934711572731963,4.2198999161961925,3.6716431673918017,3.773810123687396,3.1898973279739256,5.048445392684747,4.092788559682765,3.376920019962867,2.228962747520945
3.03,3.0373333174104715,3.844743175080549,4.519633561260966,4.518822237769665,3.535626094735534,3.7894001978273817,3.50461983829938,3.8569251800482327,3.0220573188348996,3.851264699125458,2.985309681309249,3.0038593054082567,4.928687993467892,2.7740847149637107
4.87,4.1571727286516085,3.7635036261632586,4.0217273416117205,4.53378852270516,3.6430679959617738,3.6913782755612585,3.7185715344571526,4.253815003287872,3.5113333483139866,4.588188569966191,3.1481450696805355,3.014750210587186,3.9403796290605335,3.6719624730401215
20.07,15.281631753773167,16.113728285292286,16.578674953694254,15.59865699609498,14.81028663183114,15.16919972324461,16.20940462406297,16.085978016697396,16.548079688579087,15.283967516397407,15.707459495993824,14.977501013137939,15.734264713323185,17.33896775521939
19.62,23.16735462500987,19.258604434059905,23.53394292786877,21.31821363892049,21.483612474037965,21.781034794915428,22.574395536579896,21.8692374012343,21.694512357386923,23.433754646395005,20.65328751828347,21.50565009237457,20.631357764276217,22.562680249548613
9.33,11.81926537552878,11.417118351727755,10.75069874104079,13.411717138066154,10.501475319422324,10.945506859926088,12.57162008013016,11.369839672348359,10.976320522630534,10.448348971874779,12.406675181960235,12.150370575403533,12.46873185348755,10.609349748903938
6.56,4.805195401734111,6.2515367642449275,6.6483085898063985,4.784074436218908,4.679006929076003,5.6545685596319695,5.293597637325889,5.0419923462764835,5.286370219103199,5.810495462715855,6.086361715151735,5.6094789820708,6.32210424596046,6.47441353970144
5.37,5.497957535447692,5.2152292149592245,4.97388287448304,6.492213258035106,5.290699893306242,5.785981835097588,4.618624195387267,4.619625302219227,4.6313702390329095,5.777456047833848,5.126252590674125,4.9945040918358625,4.7207523450961855,7.167480972863642
5.07,4.58046634284978,3.865270544343348,4.5185915615863115,5.2719858337910175,3.841375382988821,3.967067443491965,3.6035233261371946,3.832465560933832,3.3633657212357284,4.624053610854798,2.7073572661598604,4.374469523297255,4.974955462574737,3.6565652219221776
4.02,3.1472444398937927,3.687265220720344,4.667897946150916,3.7545316123369874,3.0766166258005034,3.7140144656244827,3.5847479375192886,4.506319753415628,4.2647461670991245,3.0322178946172444,2.3538457338061223,3.0379734123552047,4.409252847445009,3.299039872206423
3.34,1.8500352766204928,3.2017367382014954,6.615835482146675,3.1779224215130157,3.690933194309451,4.313612217637592,2.0930697866269834,2.068600720882209,2.408143390493452,2.7237951965522256,3.520460129576966,2.6300094717110603,2.5381133611433317,5.7271581852118585
4.47,4.109686391329767,3.4148666155529583,4.124983895860938,3.109475673914761,3.888273219385924,2.9520563836999045,2.9259757821983943,1.8832094060796285,2.760994103114601,2.750296484196429,3.2087063910383087,4.6865965655031445,2.013057843757256,3.971332114674062
3.61,4.061669293035624,3.272478036323089,3.934635100642725,5.433810779445584,3.0754442506299466,2.6557341410971427,4.63408695388788,4.08332265860167,4.104288270324338,3.787895207884335,5.314163369177955,5.172016193912647,3.9014539843317313,2.2724245375680834
2.75,2.943918967043276,3.8145250160273054,4.198180353048446,3.7747367236011935,3.3246180931241742,3.5182080903265938,3.208711193595348,3.7369465838607474,2.9476405062839204,3.804713472614869,2.5755702605883433,2.763993548472816,4.557679032272093,2.429975706419772
6.28,4.778640164177693,4.2862317030364725,5.026819838486907,5.589763683203393,4.614611192484153,4.597552344953779,4.3855952882118565,4.878236390350184,4.062808456229831,5.152971895828756,4.180370658551338,3.5889625289074827,4.804757320812098,4.501672469550269
12.55,17.176761179768302,19.927780824661614,18.43565265567036,16.972630977995163,16.807299042116686,16.843035438004005,17.845996617499267,17.340089353182833,17.981649810065512,16.905491821974273,16.92660269366857,15.883664999734034,16.64209409904597,19.034542093689765
10.44,18.17965709526439,15.292756772067747,17.959445402060297,16.961557919726253,18.08083718363486,17.114359419106044,18.03122722501938,17.642923555030748,17.69061984551529,18.427971086527208,14.838234624196325,16.675131304382262,15.095354751934464,18.58983003949985
9.01,8.328670091365774,6.593722681283933,8.395688067503071,9.342574776571722,8.702744711225575,9.330162071021391,8.824931151577534,9.930792683312413,8.870123248123113,8.474605021143963,8.185733189921095,9.721690828236332,9.052334671991634,7.923101156777236
5.12,7.1172350560157005,6.092490109356994,7.287686089542017,8.658314937776119,7.931166147064156,8.779883901058637,7.190504129735311,7.737301965729205,7.214844826989171,7.201011165683191,7.4370201493387755,7.225412379172745,7.690146179230315,8.727386431376054
4.16,5.44335665333918,4.38198458792459,4.49815900589967,5.73683815742898,4.901911456620222,5.044632040686707,4.291502116344627,4.332916787145638,4.372313082446668,5.927965050633545,4.9816229027434344,5.435949394948084,4.2090890633923435,6.485687788621187
3.72,4.282947147872585,2.909737289639226,4.369927439670449,5.208515234765062,4.098521946076925,4.0764911011647085,3.535794746903842,4.276736128583073,3.486852378466115,4.8840225349388025,3.0566533584320936,3.866185305357312,3.9451366240170738,4.679973042066061
2.7300000000000004,3.0438818848570115,3.064433150940838,4.482397343630229,4.112456892796917,3.499915360397565,3.635778061651728,2.87582028793757,3.976464854123857,2.90483788403027,3.4559167189756925,2.750638351222875,2.6779082874310847,3.915649898231354,4.477098674357545
2.7300000000000004,2.784115893921322,2.9075006310395284,4.7413532576523965,3.6021227966363747,4.006904630960494,3.762396947324264,2.410211391751176,2.2855682003364244,2.339929055105172,3.068247402232635,2.7755130708865074,2.4684113040456355,2.450539089770144,4.921779310362644
3.43,4.0100278435522805,4.386714271896942,4.228701434705857,4.15338377449067,3.4118367532342484,3.2082066957544617,3.7760912751259084,3.3674360808123245,3.3584226210866337,3.4454379964611785,3.5824611443076964,3.096472048047381,2.6232946413641347,3.978272995186641
3.4000000000000004,4.231621387972291,4.582514971199814,5.013526871552385,4.23741157445693,4.300636248934366,3.984176139543878,3.874737704080384,3.543217531470105,3.377255911287241,4.110962734396832,3.3444582782567043,3.3183939437540584,3.0916748069090167,3.7161347505992697
3.1,4.466974051152096,3.933353425936228,4.031804385566427,4.583436918297855,3.5581080874208477,3.4093301118434103,4.105943860439837,4.4604686960348126,3.713802361101476,4.4474780136791585,3.248984006597082,3.1100936993025146,3.4250614000863155,3.4143279621616585
4.17,6.6447684920221,5.029737478474962,6.43237055742966,8.339352848023744,6.509187578215817,6.439107293058887,6.212558305128369,6.9206043996899815,5.722012596519357,7.1730056427115345,6.941887208112897,5.529738622115353,7.3407884576646785,6.738921584403754
20.66,12.633784747075836,17.78363730022336,11.783287552320258,13.279855905504716,13.209829429170515,12.255756346798684,12.61209600371535,12.332180213937852,12.331159840001558,12.239843331630356,13.819526279040087,13.046959906433575,12.603443685629111,14.222475569097453
16.78,18.145363899362213,21.314936783798252,17.287925517646347,21.30904585390202,19.25800291943177,19.203477811951352,18.8702020769064,18.817679176380754,17.879879677900746,18.96012988438668,22.64323016507166,21.872805650954607,20.37033511068035,17.574548624401608
10.67,9.524805606295336,9.504755334968143,10.122269374103752,9.789500261516704,9.189250736293456,9.356408376792318,10.095733756719065,9.996024208099083,10.01769303680325,9.1250163194255,9.079756396626152,9.843373038162996,10.091204893722098,8.902928752859278
5.59,5.647482460072888,6.090619449437248,6.887274155072948,5.506653453936927,5.195998870586196,6.218342018425046,5.740220511455679,5.855036766924196,6.247959091988121,5.909193786950666,6.005980179359066,5.463257037022936,6.086150160742964,6.788402534972544
3.3100000000000005,4.8345474058357185,4.360209133816186,4.55109678263692,4.915077148159224,4.271059636028858,4.765552194952346,3.990419615525053,4.335664769706475,4.322851075515223,5.174111140259563,4.667815948200238,4.234909368084476,4.346226897095089,5.918331347719753
5.26,3.87537009554611,2.4552356849062957,4.379546926963517,4.397440881834436,3.9250660652841387,3.7779847236508513,2.7778537030044865,3.1488340717014385,2.9529868697750574,4.214742393418705,2.47021123351154,3.5805997875777784,3.807724017317727,3.4118670199901913
3.05,3.132217531892108,3.9845408358200465,3.834103584261642,3.8119725835780134,2.6748084770048104,3.3799078083972693,3.3214626335645443,5.128831131514655,3.7430696014476936,2.877309295584212,1.8869955481220824,2.5208728205063027,4.353283168983348,3.211138197765944
3.04,1.6987495336037828,2.4194654977676144,6.305014754539458,2.8302033539679927,4.021897389858614,4.0875240616064135,1.7911479546880598,1.7338931193364449,2.0382181487409063,2.3961687412880384,2.768110192258144,2.0854451080926832,1.9829269715267357,4.9044939180134905
5.26,4.008235162732727,3.446475401893025,3.3538996649697106,2.711750485002111,2.9110351405376544,2.26422099144329,3.1300701904191524,2.078423647388716,2.8645916472278534,2.552743549610636,2.9483301303012377,3.9463749255290868,1.9986991627903183,3.426434060213229
3.41,4.001849261366166,3.1360041299188137,4.786854153627896,5.305375454338186,3.78034626694894,3.3978718917020183,4.553483382835257,3.8907654630432815,3.8260575591992914,3.7180854998364414,5.208947969957652,4.312147480590632,3.667795398364232,3.2198884094812
3.0700000000000003,3.5069578366716723,2.991977989584836,3.628754897766223,3.949426493302252,3.152945324617023,3.1652266065237202,3.374431517607621,3.509855713851016,3.1139355767565364,4.288135553232077,2.7975082020585456,3.393566501660209,3.4852300447827087,2.6507231401459563
9.62,4.575069434479786,3.7795291697384172,4.812183456871749,5.948826909470243,4.1259716053889886,4.4024883503092065,4.725811211546025,6.308866225028178,4.435157131726802,5.191455807722853,4.357132266642683,3.2771815637539614,6.035602459863287,4.0334980470055175
22.89,18.639171163018496,14.336419829540644,21.28714147679066,18.05070266412679,18.240425708401443,18.97946907964359,19.049829054608047,18.416879268940647,18.98624379550247,19.026797755184507,16.912302991656887,16.69637500166764,18.549309671944858,21.414990891824395
21.04,21.597782911421962,17.2890586304146,17.44740539671305,19.421390800563874,20.388143688531624,18.469659656752697,19.982731005223695,18.938089641358378,19.135093041736795,20.535271434795295,19.911194671986244,20.071147850538214,17.805710554527394,18.39034761887713
12.14,11.793429558058035,12.116077727694524,11.434078860604453,13.0594134407025,9.933044068874077,11.110930738958368,13.070328682593406,12.342092836369202,11.352567702330091,10.250849574310124,12.950929194387175,12.537776457218962,13.820059514576009,9.542157617349918
7.0,5.323875902140448,6.688658672211129,7.408632218056207,6.160762724483546,5.2156328230459605,6.480823084698313,6.06879727199823,5.005268927262568,5.5571181853115394,6.053827856114916,6.968461630072772,5.785499089856719,7.047917837708282,8.518988914407071
5.08,4.441203635507325,4.595971606514492,3.889067729314216,4.912895646600738,3.1811216962234914,3.867392146820498,3.7164878053720285,3.592812101956224,3.4561015900393848,4.943783751627271,4.797345121355922,4.301568469688757,4.872300287910932,5.337763493924099
4.58,4.063884570269138,3.4845023712701635,5.284568504620184,4.442047520560731,4.04319049803528,4.064029042817366,3.855200464078389,4.2060713102213505,3.9972908902073754,4.007063453928495,2.8273760369423884,3.730824579886765,4.819347270142521,3.4940292294255584
3.72,2.572603034792735,2.98892422740298,5.038475547955528,3.736341800818761,3.224890014387316,3.3723464366973515,2.948658585407567,3.3065413882571666,3.699883805360893,2.6291720549234543,2.2402936233866995,2.641421284625232,3.831775862393248,3.382998302315388
3.3,1.8048937624566843,2.6466504790656358,5.589258023515821,2.8989314770147985,3.3709539410855602,3.1401138231940093,1.8887729838807712,1.8315679550373325,2.294216704764258,2.20620071299431,2.875014613373162,2.243036351121684,2.1672456205013084,3.8875813157856154
4.07,3.4447707619930483,3.0523292014690675,4.3183818572126125,2.987081848755433,3.2005586099302836,2.645110674271097,2.791233319762478,1.9212942549251908,3.065117162418466,2.276344092538114,3.0668104402345358,3.3989069914970265,2.270168009916153,3.1577346639380908
3.640000000000001,3.132546637234332,2.652056610770061,3.875534797819872,4.049242250142406,2.658656007024182,2.3298404683642007,3.4616355788167565,2.841894440046169,3.2345788802580153,2.919463548536392,4.072873994103031,3.600518958590759,2.895995356063243,2.053003881308549
2.49,3.0686595343229484,3.1990179507565006,4.050527272260622,3.8777248693544535,3.026187437621286,3.1652356061410627,3.4875137846498077,3.7914308692095418,3.1521743921609,3.8060541987562484,2.9953198593386805,3.1406981221938968,4.109780386277269,2.3049959097968973
5.3,7.151949171361946,4.994793199010396,7.87255573233626,8.928727411026053,8.021892707908451,7.921022272081668,7.430621239474894,8.002405729404702,7.278429352416731,8.827885314639854,10.332815189837298,9.280703730387149,9.002782045824253,6.676294593661182
24.2,18.54656720835387,18.897291208000592,20.163642133915307,17.563006560011758,17.529523933536296,17.405675926543783,19.18842314847977,18.79519488818917,19.921444612104708,18.15754954037325,17.02450497717787,16.371773224495605,17.835326527689432,20.23736345986076
30.01,24.93743156732455,22.04628180240972,24.1731344142398,24.06771435913925,23.349119841870827,23.770727960202702,23.960664508834853,23.23812908302416,22.92956914082307,25.618761653040075,24.600367713807955,24.941659753057593,23.93331111728086,23.603593875741247
16.39,17.52462091483149,17.03892934699019,14.730815858561991,20.81116751676122,15.196469505297475,15.700046852463455,19.04437889859184,15.71131578177791,15.87869748092741,14.661792398022545,21.195736011267787,18.419023222663494,18.46244280493717,15.074345532382386
8.01,6.157947904197857,8.403466564724088,8.838862886244168,8.997272095301597,5.094662626453289,5.854730527623081,9.813198160450957,6.300505881231644,6.469798001270246,7.100731545702121,9.65207720947484,6.538769269676826,10.866893445028637,8.435407771151532
6.41,4.7420151416341785,5.443850940216227,5.306091853709754,4.789502238511216,4.059804001369867,4.794162625384379,4.4542511166755725,4.064880264937636,4.794433495069656,5.670747809938169,5.728181863213698,5.316069408429012,4.982795701626975,6.556575997533011
5.24,4.89391633260297,4.862905386031071,5.145306778905981,5.864093555353848,4.219424531336683,4.126411306184436,4.380867150841127,4.366241392447183,3.752254645858041,4.658603496867134,3.279559991091804,4.623183103545573,5.616814059984762,3.700465866311728
4.29,3.3383812762927576,3.9049006969417146,5.753784630249485,3.8911554510428368,3.5879046030849056,3.8616644435874896,4.5896304758138005,4.577136447857871,5.925621895169426,2.817895390874157,2.476352124824836,3.3393897835633966,4.703083056342778,3.1259129213135566
3.4399999999999995,1.5832821906102836,3.5124327241418616,7.439416504284058,3.647523579722504,3.285258887978377,2.994638939436779,1.9916548093545927,2.0675714166697534,2.796085792959229,2.443199704955589,3.471851252272573,2.8454858569040056,2.323463935105483,4.177392679184453
3.43,2.5951607953579403,3.0838440774949207,4.789591500547978,2.038140814034328,3.0190380627022617,2.6351489315931858,2.043909145695173,1.4674821280205306,2.6069731300479706,1.850391782702652,2.2530910057898796,3.523243614991596,1.785502737303858,3.239743661314212
4.22,3.201730868806857,2.5582171485340566,3.2621577015895475,3.483889713750248,2.172393884802601,1.5515349890015908,2.945954184386228,1.9835646085728744,3.166312181695605,2.271715454796558,4.798254171248221,3.81992570351686,2.5377552658699667,1.7084391270595738
3.4700000000000006,2.2713232348222334,3.659195679347223,3.9940601421213375,4.152259320987029,2.309355533105051,2.518947593071065,3.4342129285159544,3.762137230133897,3.013698875120713,3.1616034278687413,3.2405600049146934,3.034030403580063,4.917709406587086,1.5173833600055389
6.6,3.9735571022392593,4.94479727623817,5.427272147293492,4.748883090133208,4.7175980072449315,4.93827353493232,4.2443017750594585,4.7843327423884645,3.9096718011221303,5.010604044442025,4.206303940969082,4.084069062974941,5.638179359251755,3.5613728278246413
17.94,19.071876351519315,19.55773058544059,20.58659478429726,18.45406949676817,18.059026670351827,18.361400351738702,19.76412462979279,19.449842069915206,20.197738087773033,18.974303867475832,17.555702969312755,17.245927376765486,17.87819728276491,20.481878141047854
15.85,25.271537633780106,18.739520203150946,25.538067308513714,22.119770703853913,23.02451545446602,23.106163667204672,24.887492537049216,24.903454235429805,24.894833950054927,25.791668497154475,19.315643760340148,21.337933475769283,21.071717333913337,24.881273055942398
8.14,13.358197172134426,9.168274888760116,11.44266390616785,11.884908769482033,13.512460538897669,12.554801206572987,12.538545830430484,12.883105990716158,12.666750350406144,13.15055487768474,9.680896271024151,12.34942881988589,10.950529399540343,12.243831381336351
6.0,5.620053101957824,5.396924291597401,6.5626084958611495,5.304727801183886,5.703446408998115,6.300679710869553,5.5579045169422905,6.130965733289205,6.198550346284004,6.360915619314773,5.53780301071557,6.254878075742536,5.781952243908687,6.153933202280282
5.26,6.082250740789098,5.728468996157018,5.416596269715542,6.6398436171971085,6.4309516332288315,6.260003953828973,5.183032116945453,5.236757508061485,5.008502995945063,6.556648866887529,5.6570525331167785,6.119348590595885,4.8891816630827405,7.437230653111736
4.42,4.71538150573509,3.719245875135,4.822662873653382,4.609930764127907,4.123111458573473,4.05409137092027,3.6819704246537217,4.0828401812813695,3.6083107033385216,4.818058817947702,3.6420170354473735,4.625164280473354,4.1353576027425945,4.644051697764394
3.28,2.8857176305665897,3.1932512705242893,4.459507155912809,3.740222824731521,3.071278307014793,3.5358680323490552,2.9574769671484815,3.8883770573881615,3.440910065786852,3.0758917656385725,2.573576377939196,2.860127963156417,4.056586382253789,3.655130637517232
3.1099999999999994,2.067562588283528,2.8308333405455377,5.570195096635784,2.9393046791520154,3.7816291512050406,3.9804064272508564,2.134676064705168,2.0189332796473103,2.3297037686338973,2.6606872179551404,2.878055234839535,2.220552537004055,2.3124330445124395,5.140925124790698
3.73,3.8732026119546497,2.7748674049411264,3.829759984597167,3.080058404450658,3.451414340583248,2.716393464549883,2.980343674362147,2.038692697439431,2.7267322222122274,2.7264640431685745,2.60029652405429,3.254948338764123,1.955791524379399,3.609505270961322
3.66,3.8535317550665806,3.1477605273794964,4.005816651096813,4.611032322145915,3.1276259915992237,2.9268836628225485,4.171733981940939,4.0055483512776116,3.746970566813215,3.903303241144227,3.8197053547996136,4.181302623000758,3.604912462619132,2.342022776939001
3.0600000000000005,3.603209620104052,4.797001307576453,4.629264692068215,4.296965121092733,3.820104408931076,4.0085828318722845,3.7738970706750066,4.414218568332783,3.395335050342194,4.2806387843496445,3.1141579696247845,3.0846348598891757,4.650059623982926,2.977357792553094
6.03,6.403972384557668,5.530835997620784,6.296890680065391,7.935182724125516,6.35160175979104,6.2218460141241465,5.896183359329018,6.191496739997611,5.405631064106561,6.7191973777955445,6.823449802031175,5.43161331158358,6.45387695593034,6.804446536055856
23.08,16.24732157665654,19.83556425004313,16.46350965169902,16.220719883376983,16.49718322287856,15.746286905543222,16.621906593373186,16.134069513935525,16.69976452523186,15.974212077799928,16.124863566701812,15.662539860369312,15.54379553552761,17.826776930428096
16.09,21.59288280538386,20.89881011969602,20.327008284390157,22.997378395267248,21.3478302463832,21.758754177348084,21.185812026898173,20.77572075725955,20.091487351776568,22.36522524712901,23.99369870726332,23.78017966752577,22.73314348153113,20.575984009445683
9.7,7.940445271646997,9.480135949536203,9.159751666710461,9.195214505951402,7.026477990460562,7.791837160333818,9.50594530232863,8.23389749783371,8.449138300127728,8.086401131980168,8.776592292560466,8.397735297744616,10.15691585646,8.269916182373327
8.02,5.628491614477923,5.9157353860344415,6.720384775746381,5.512349019345554,5.463489557127588,6.401254588420363,5.586488474010969,5.8572471854825015,6.131550927205032,6.031736564247633,5.860899805618588,5.670217599702121,5.911564703876895,6.826114089494928
5.28,6.237318050922822,5.979953166447327,5.416818363791231,7.031448297342744,5.861821009714247,6.245704562388639,5.5960441065753,5.761378019657258,5.557357452086088,6.501470937466223,5.575633797732991,6.128634308737697,5.112570149220896,7.0726740926228615
4.77,4.313260055724991,3.566094503108232,4.761877060730125,5.073993579402749,3.8839765715259187,4.023295354867438,3.7575978078680814,3.866042902528217,3.4798363161811965,4.322285841618498,3.2143638518726863,4.004544692326821,4.9930635585566465,3.668438250654608
3.73,2.684295099306332,3.810529216005989,3.83788868398115,3.6444674230926966,2.698534558946456,3.390716546581478,3.103194065068013,4.396566932196478,3.730151961785485,2.905535397618075,2.2173848799977174,2.6453721846059177,4.308470263074977,3.007691981340752
3.28,1.8021569475853012,3.7200277623493285,7.138829308044326,2.8076726024016185,4.347504063589915,4.896725508063829,1.8968759196064395,1.7045970913346826,2.100600413734745,2.3781103417234717,3.116433413784973,2.24666083308339,1.90980494914593,5.672459007491777
3.390000000000001,4.202631609368366,3.82846315132357,2.980213181990617,3.2843244541952297,2.597670253663015,1.998928701704512,2.9903221680138565,2.084388652190868,2.8018538720351702,2.4754399976847585,2.4669049718255307,4.231787280499326,2.74038614670792,2.7570942446645663
3.38,2.6193037117179827,2.9241512651436743,4.089281939831279,3.5454312379691864,2.5304912104754638,2.671220185888096,3.2433456629469286,3.4305354097756133,3.1538818217825444,3.0400395269840628,3.0199744415006338,2.8778172366143373,3.965620839359968,1.836708176720352
3.17,3.3846555836217744,3.950436299031244,4.579279253493673,3.7606750972870953,3.71149282995337,3.680703119103936,3.322639595099764,3.4449554115949064,3.0026643894462364,3.8069938669814576,2.6465600750080096,2.835265358652456,3.489171518615485,2.895794518798698
6.67,5.824172200811946,5.226828815734566,5.5046802402880335,6.880930953339671,5.242278432008924,5.128471975408446,5.607284941598187,5.92093842996789,5.1450934136788185,6.092719724743452,5.989569210953463,5.149105059905043,5.395835899971575,4.973517715323188
18.81,18.634530148829434,19.880607661467977,20.52608212416395,18.521607975397924,17.849071807873226,18.383690477585372,19.33837434331688,19.13111377471563,19.857842637642754,18.967972748046364,17.51105645988844,17.557154543272624,18.481158137408308,20.515365668535672
14.65,19.254555390244374,18.648470799580547,18.35944246178977,20.136623862564075,19.571570448789306,19.64672097099259,18.981841983239555,18.954687725198106,18.1104755735422,19.8080718591441,19.92137034725919,20.26937089833201,19.38151604907287,18.897455915848997
12.41,8.946609025013313,8.494034468312906,9.545497243116108,10.091994470371876,9.424894403046745,9.710229743580056,9.267163956395633,9.620920240878977,9.43900476119542,9.245540015807356,8.828221316550051,10.089357921000133,9.636251955319233,9.353264370905272
6.1,8.366363029301619,7.347438556925093,8.925674720076266,8.912899663480653,8.981101864040687,9.383428572939467,8.51836687523875,9.295283907867725,8.927199961476973,8.378923761924566,7.88707605798099,9.27429998054251,8.360890284298183,8.755031962954119
4.85,4.686688550802877,4.702945935466252,4.575346073018486,4.617830530637738,4.3126602487990775,4.700269078109729,3.9721581133184505,4.031860966886123,4.1767264402217785,5.514831421616279,4.859858420372529,4.934761298771302,4.316605825475784,5.740874539772575
4.66,4.3796856718174775,3.410896389322565,4.724015720561144,4.373711630101639,4.0553305025726525,3.980727504897813,3.43413064069152,3.8629499593960763,3.452015189908637,4.528394933145585,3.2682388929041983,4.0662197927206245,3.973378332994857,4.345192109583263
3.77,2.86832074485842,3.4788903915109213,4.232794791738097,3.7313833211539955,2.9567195118014613,3.432273202544902,2.9277676358349263,4.072740393887649,3.3131756526321436,3.045508903619288,2.561876858854248,2.81785350114193,4.019666960690425,3.662017350553221
3.67,2.1896371926699505,2.998256984120484,5.984308362882709,3.387472385893388,4.234205856885413,4.003284364935853,2.0375141807479853,1.978405998507048,2.1566185501429214,2.4628304980726083,2.8987275368233534,2.356606316665582,2.4261221474375683,4.419359695066881
4.14,3.319833989235465,3.0174004339760465,3.202300387637732,2.867393013816613,2.351697272154893,2.200566367355198,2.9843115968364686,2.449852807431748,2.891175730394547,2.3935475947187923,2.806485781538279,2.71238804243882,2.6357487863511846,3.132709343870696
3.81,3.221848638172391,3.20757301268442,4.837274598800184,4.0502189282371495,3.64152153019576,3.462267968659601,3.1864573354233,2.6390862871057896,2.9352794911370133,3.239875848533494,3.180366991123342,3.1585289190863675,2.8957292364823504,3.1457542215776515
3.1899999999999995,3.9100628295261735,3.3008565593996737,3.690796886235989,4.187441766436429,3.05642190536184,2.9928657338893148,3.926476685713821,4.1201003068816915,3.5406833715797217,4.068711639085096,3.2665783187587847,3.4518848951489725,3.5052470603871626,2.7197672068266088
5.22,5.4552820055169535,4.6377159989101,6.319392490246174,7.002645616018326,5.998555207252163,6.202213041673554,5.530026611413218,6.369153450362827,5.183438046670296,6.580125709846412,6.242222059880289,5.453695567922857,7.266941857478232,5.055557515903635
15.47,15.9470324466525,17.844808131144593,16.713586699852875,15.405540122157685,15.668927530216385,15.277363811411634,16.41346856029368,15.873473583912489,16.662101627991646,15.559622128827284,15.110347319848865,14.748987211652482,15.17362492924115,17.817210670540174
11.52,17.184728463747433,17.82835034857857,16.841033543876055,18.1011489185848,17.623911604309324,17.377567460682286,17.47477939586949,17.325728416568133,16.62891194260407,17.60410696570835,17.693015255413606,18.030379865131714,16.64635337775197,17.129298781837896
7.88,9.632170249990542,6.810677936590961,9.484173506299832,8.70063450984904,10.22052562467715,10.045474912967846,9.456614588427646,10.310273054370644,9.756221859806717,9.764875262511335,7.117951041324839,9.490672288565888,8.606987288836574,9.077462178104922
5.65,6.02301387540121,5.364678675939068,6.144095266829188,6.743091074409537,6.1049938880708945,6.936806400307178,5.752955967626665,6.299547893231335,6.123310692877383,6.193189207750898,6.025129883459637,5.798538882991765,6.001090118124468,7.207104763534389
4.78,5.629815582211353,5.206685891820582,4.8416746888051305,6.643679948708465,5.201928657294749,5.518140806546461,4.742763728506353,5.013809243032068,4.664329716864262,5.872255017131593,5.024181989791966,4.9673249540888795,4.729739916255152,6.650855912607447
3.7599999999999993,4.46807917431401,3.2947440041262714,4.463571592627266,4.954751553405677,4.20345121408695,4.028096077189042,3.3885385894106115,3.813851781174311,3.2864358400763547,4.8863138112562785,2.905850037454412,4.135415161519563,3.9906692953005694,4.430086424978434
2.9000000000000004,2.848633956756333,3.0250696365560428,3.829335855871724,3.805892517253529,2.8478507305602685,3.395626096342582,2.796085050374125,4.362345457954623,3.0308815120068315,3.230229538928625,2.4977641160344763,2.5327295924044604,4.030870252337648,3.706708591688351
2.85,2.507603262354904,3.1299955467790053,5.970039338394755,3.406290937776689,4.732127038549506,4.672775493190325,2.3324331741697795,2.107294502426126,2.323773877296153,3.0036671508153825,2.9849039062691194,2.381858681392245,2.4048121135994345,5.91043077645466
3.61,4.466967762514983,4.388122926610153,3.7482446992595135,3.8596208259675695,3.4578334585746875,2.8406749547112997,3.7667150330646377,2.7924568400365906,3.2389695054380603,3.379654051019255,3.3314833868413176,3.830730669630813,2.276395818116705,3.8375277811670703
3.62,3.874575631057557,4.2078675286282765,4.628176554181111,4.3767778575831,3.6914312447260915,3.650039715888045,3.9602534751887752,3.9944736597284782,3.5074094954296084,4.0696856699759625,3.3365075364102745,3.5130289795392624,3.691086387134477,2.870963592917912
2.79,4.232581872480616,4.729710375017281,4.45842706099524,4.7177574737669365,3.869454964677165,3.9026841317514616,4.05547965417319,4.541790964869773,3.6531407140120074,4.45214277104534,3.403159316210896,3.0836060860862258,4.065769014592709,3.604673411163113
5.66,5.9381336248382235,4.361026447019581,5.527033912320137,6.658938022366844,5.5449857982044914,5.317622546941314,5.167206493405806,5.5037072380724466,4.761242211383332,6.129895106035782,5.240515508713738,4.2896220506218725,5.4757141625672885,6.040359038323286
20.06,14.98558116518299,19.830905627670145,14.626853180657827,15.58716762630687,15.581330837439095,14.593434510296644,15.35565188727034,15.049714007209346,15.335244353263436,14.793907612988095,15.960230523248196,15.317411878238882,14.853986131962856,16.46909550015551
16.65,17.80819987830005,19.62598158326562,16.921677291247068,20.51910624228261,18.662449564562454,18.823089567267512,18.275785326260376,18.24765613751364,17.329947231002453,18.631539956793038,21.24823400787528,21.23821969272609,19.800005138025533,17.224045434974517
7.12,9.172033187919817,9.577000455844583,9.79353284711152,9.91585155169242,8.442101799966537,9.027638570121443,9.945551985206388,9.665157596520892,9.577697180857463,8.595494423523666,9.232230711346173,9.771236850669233,10.219090972985613,8.640051673172147
5.98,4.578084207111544,4.801407965222457,5.6772617598036925,4.0698658171733335,4.3158278605580636,5.033230338892304,4.338616001117927,4.321505931711728,4.9316986472344055,5.271116609574775,5.128267445195086,4.640910789387368,4.745299514638695,5.757733813005621
4.7,6.093891427326909,5.304809592900132,5.072081152667787,7.0349808212452105,5.745157647150981,5.812228226050317,5.121828853208836,5.297352508217791,4.875041128894014,6.235542770741053,5.2284655453829645,5.354743429062671,4.750195311833883,7.144221067453404
4.14,4.23100300532289,3.318205651465788,4.326434990218301,4.527499287010425,3.690182401304704,3.8474474672527332,3.25473203970886,3.5923793104131745,3.1887216860909344,4.197761486512265,2.514350416829473,3.5346217417891728,4.3071849509373,3.65278633659353
3.29,2.6941950910913883,2.842129829012056,3.8526391962485085,3.622433592027399,2.752208222329698,3.3473735025704983,2.8246045476311963,3.836467511931287,3.3992177891207573,2.8511692374070514,1.9949079850232323,2.382114332286977,3.834396730112232,3.2128055656565246
3.09,1.849963166914936,2.8779784144934064,6.1498157960485935,2.721606674154768,3.9030957329365497,4.299664462270283,2.0152769902646543,1.8327280725596244,2.2270107403122217,2.5700212090826016,2.865384455188832,2.1223145458948047,2.108283232138752,5.875222068416356
3.63,4.493901995268051,3.061573917266996,3.7134260567933453,3.248478198206259,3.7855251047188916,2.637808779930973,3.1897992186209083,1.959070730159806,2.7966838825743583,2.8889996843116736,2.843523800561907,4.217462508163049,1.9015706253391231,3.6585036262737862
3.43,3.553806506190302,2.5959841875772103,3.6815130369421945,4.225494891470045,2.7034428817448695,2.5619697528819074,4.163400961103008,4.308643034500915,3.759133710868509,3.746167408573621,3.761952015519833,3.861098680174234,3.6963774251083685,2.0183741348001023
2.6500000000000004,3.4277746720901856,4.218811434174018,4.667512205780522,3.866425566441876,3.9194010016528487,4.004060848286764,3.466502361578362,4.090877941215787,3.115452993524067,4.168709093008592,2.6813993429596685,2.7254916644161438,4.376375041173667,2.9773439193744027
4.78,6.093747627158269,4.469981696661794,5.530099225022193,7.202853061689893,5.5359034045690265,5.293818280002076,5.37208809426823,5.691328058406126,4.948891202578622,6.2117232985278035,5.544346215433603,4.537274915302844,5.507340614429988,6.146821929043273
17.33,17.131960090493518,17.40441319718255,17.79968056945669,16.172557047513493,16.697378256831968,15.901241483688192,17.507785128552626,17.099066675078674,18.074810613363432,16.471877283187958,15.909420089146655,15.298775595173217,16.369918970291764,18.77860191344062
18.11,19.338312490219053,17.493522346582488,19.48800081332563,19.87185390934325,19.74530454139356,19.406902116497157,19.49253661751734,19.40478972189154,18.88266383299021,20.144945236405388,19.467048411480146,19.93365546226166,18.699565453580387,19.363530112443218
11.39,10.45347338401215,9.66609849531896,10.778869493175574,12.8259217318598,9.923615794593868,10.895736438643675,11.465313205719076,11.288129759350618,10.587144968632368,9.427759463608634,12.606437413424905,12.324185219564333,12.015937725092403,9.987319656710088
5.84,5.935637874389489,6.568824185174817,7.518016096681539,5.987910920847349,5.742181570377563,6.760749222810669,6.171596033840289,6.2301033157625465,6.59384556836215,6.305721053444454,6.49706001018785,6.150595141367003,6.759375400735866,7.394824149191084
4.82,5.000431171803038,4.490601508890147,4.628466725553418,5.002140936547745,4.478635902418363,4.9423413396310085,4.082043118766887,4.209120415011201,4.434942730867876,5.488884738034098,4.797223429504812,4.74493522870282,4.340197095639306,6.1501793307191255
4.31,4.454075637191775,3.406893042936713,4.330322408984795,4.693768747732292,4.010645307226676,3.9353832102186423,3.298093417559225,3.7024931917496975,3.228312610833308,4.735726887847132,2.749114471501212,3.980239620200638,4.009947607145887,4.1744245712852255
3.8,3.021358502174688,2.9401176955299735,4.120395867774906,3.681017451105064,2.97125122859729,3.504822453178935,3.0139293389237114,3.850602049293308,3.5010841447970518,2.9948025916273835,2.192851063686385,2.631876307437401,3.7518234759222584,3.493252156381251
2.96,2.0461715795239384,2.6789698813994205,5.751828308862977,3.363795356311221,3.6544178988179006,3.5648814558675204,2.077183425580136,2.159031524416487,2.303141651678213,2.6149588372450827,2.8667453690219764,2.3988896634015497,2.4576251189208778,4.8108418403183855
3.7,3.2584065819200383,2.7208941288164468,3.9054040094337337,2.486550569282348,3.0633432171564925,2.729675271599371,2.655143500207231,1.9325922370739856,2.645626836976624,2.4949675228819945,2.7896609383928244,3.1860844227196683,1.9158774428813723,3.896792007450693
3.1899999999999995,3.7645722752299178,2.305483111617626,4.027314787795163,4.02984452971408,3.2510979519605208,2.704476104683147,3.634550109738043,2.87500798665135,3.2626535664703655,3.3326949297948096,3.5255536122991438,3.672692469339295,2.5260363184591865,2.6356455747440606
2.7300000000000004,3.307055478622756,2.6583586636417884,3.7467422632241614,3.5285450895110464,2.8801249743200388,2.962281129680516,3.516811523368624,3.9807746976943417,3.2016018410237344,3.876037413943299,2.7168301501634233,2.9045562860344143,3.6204462318080513,2.2906407606597963
3.58,4.8695222900009005,4.115180983196241,5.416101726248872,5.647879393039128,5.002440332673332,4.963027356742385,4.524131157786477,5.170713528464273,4.176542976115232,5.504944762138349,4.143820097856578,3.8048311832737567,5.350812079907827,4.2506842296717835
11.54,14.931987722739908,14.22084348350386,15.07385821393862,14.558226579171336,14.760253652068386,14.139510905918172,15.370797020580616,15.082957685239931,15.620309969053654,14.075758996051187,15.140758957991723,13.849626223367267,14.806226838411678,16.74221877319468
11.78,18.07166861876761,17.197955563807508,18.878998641830986,17.888686276898987,18.48175976694265,17.63812716969182,18.482351136554332,18.037257902295863,18.268294473351663,18.51477309317784,17.34319694390348,17.151479018631726,16.625572978540823,19.26535416066345
9.23,11.162280556075938,7.578662069861142,10.523163767783236,11.217845995067485,11.853479101331768,11.505634921080448,11.257084484941704,12.26078490034034,11.323323821642699,10.831476047315862,9.685653109506594,11.640050491653007,10.647167782649896,10.233641112852936
5.68,6.584776570938232,5.836280552329693,6.914036148428882,7.792247320529079,6.944233602777352,7.8941605431980655,6.521867234753361,7.253136295011856,6.943150274084778,6.729501413608624,6.631979240958301,6.468134589945094,6.851689756421346,7.7987762821011595
4.71,5.7569772747793575,4.666177951239045,5.049062464846874,6.158015457869224,5.1540337916768895,5.508058220831122,4.871195203119651,5.286222936475894,5.154936905145347,5.815472617619612,5.306597922305965,4.961982210397238,4.8655500890224985,6.636128776291374
3.6,4.754012184275034,3.3148257186390278,4.23901443883884,5.649804649345183,4.598145588518216,4.244391854260641,3.6204576875092895,3.9880282769570097,3.4160584278463797,5.4567735992579935,3.08898664700847,4.296048890090785,3.8595750319080704,5.1697223273484765
2.9800000000000004,3.2592132044403415,2.842377182071816,3.8112053156355934,4.017885354375581,3.0334236525442586,3.5403620069124697,2.9414949038953164,4.277398691981181,3.0561948700102985,3.59212260833418,2.6574894297203224,2.7236024341141487,3.617063745269649,4.1210929833153935
2.8599999999999994,2.553165276720305,2.6771646233056443,4.982014186186253,3.6366097607336987,4.04527061055183,3.7909720676657184,2.337537557477723,2.45934409024487,2.3130869324171592,3.041292941059498,2.5409597244961755,2.2392001266173427,2.765734071675353,5.115229887674322
3.74,3.808923098087442,4.072648414949193,4.1797795150802814,3.97508340467838,3.412582832735815,3.2335847556250386,3.269282819237572,2.727469088480308,2.9044173329151857,3.2817619253543207,3.094612764311188,3.172153942207463,2.3129720223038817,4.657785898160091
2.95,4.0668762845648185,3.9811755764798815,4.4390098081122895,4.2349058848644425,3.771146916611608,3.4736250906022725,3.747764405573588,3.388994865877817,3.247459399130747,3.7622226981511404,3.11550198691882,3.1276514971127,2.803296624904502,3.3954659476390563
2.6099999999999994,3.9441053184287984,3.576767158773185,3.8911943684238537,3.77031754663755,3.2930598757731,3.236358739022304,3.672305276403213,4.06270756217334,3.3796928208930845,4.09831694630385,2.9681066813795502,2.744506009006053,3.2772277958254312,3.1085410650443777
3.21,5.0633041271694035,3.976154309366744,4.97121071582621,5.3180012082027455,4.674090861585187,4.44233088501363,4.3653230491915815,4.841918253494527,3.978643701714944,5.2231839586181135,3.6915175337978656,3.2456735214003603,4.488810749717309,4.569103731751435
12.32,11.674913064549894,16.275362190298942,10.556654698228028,12.761797141375975,11.994641812128885,11.086470859231767,11.64014176252042,11.444262462238369,11.302021268558631,11.346975289298832,13.797440059109167,12.346685317184455,11.598934925313056,12.807194029285695
15.46,14.821648972932934,17.833007293981648,14.80514720899176,17.278132026347862,16.148538227623252,15.665443221355893,15.84882575051967,15.856293471926133,15.236429668947096,15.773604235361303,17.611562751322733,17.135069512796687,15.569396950414946,15.632413085809016
8.58,11.432658831760302,9.43414190580117,11.521181677984787,12.191545363518946,12.051889455789,12.268096468798941,11.985118881065345,12.978310858555224,11.87444738875706,10.954217564928989,12.061994454432256,12.896710702791314,12.456978508185161,10.549101157775445
6.55,5.462269939076423,5.309284587069426,6.353297937570803,5.1758076675347615,5.422915014421023,6.238713257368809,5.11407559461585,5.271186414372932,5.823807616507392,5.8807154182723425,5.45901356262129,5.309128897318414,5.301751581498955,6.981432205643097
4.62,6.361699327402133,5.304174440551765,5.5012484828428505,7.266450508503039,5.722339716658647,6.036047212105856,5.761746429412911,6.276517759681245,5.9139201499730625,6.223003725362957,5.9975537386531474,5.364448559469954,5.413499592229004,7.030615982716334
4.34,4.318095179179597,3.260532141264081,3.861018387276399,5.0399915898710566,4.155826087697893,3.9875398635194697,3.2184262916494135,3.559856542674237,3.047104632167663,5.0473424603306745,2.681641637323665,3.7339106757339673,3.767180016838141,4.704827855233974
3.82,3.393935515787533,2.88790020688712,3.751287093865269,3.8759036690136246,2.926934069298225,3.502235003539304,2.9490401816694547,3.9471147973062064,3.1186512138136493,3.336338221892329,2.220157181705985,2.5964286095336373,3.631505661538257,3.8249684992131625
3.09,2.3262201021175097,2.878663037453726,4.910932265045545,3.5391325402677687,3.5456003371175626,3.60829254638185,2.3520485997274863,2.6891387636401434,2.404240170943627,2.9534348373530213,2.6961343258556933,2.3110474613984566,3.1316631320799613,4.99293909766512
3.75,3.6545932354657817,3.3351061540845395,4.539274105209843,3.3543217696745837,4.000498566582489,3.611883155508792,2.8182365074909104,2.0881935176019306,2.5645452175414274,3.100858095920912,3.194917174553799,3.5513334193528845,2.0191333426159943,4.926918584974977
3.2200000000000006,3.955195539598024,2.8863288860939296,3.5664722415030026,3.862089277448007,2.9402495124458463,2.5904919779786875,3.8778712166492686,3.638046310679048,3.418895824147004,3.4074590895692625,3.2457547633588746,3.1041067544281584,2.80641564410138,2.7261216353058764
2.38,3.444181307074365,3.6392975930381537,4.237612056705742,3.5984281219187078,3.5410858074226677,3.548750074181957,3.3110808561433647,3.657319777519754,3.006148672780298,3.952720389534406,2.5405733024430743,2.6748987746755932,3.5399100157821075,2.8722655655724045
5.05,4.458104138126076,3.5923680097220085,4.252782468712647,4.757445289886153,3.845185311875292,3.7063382299836416,3.866877838475532,4.405703761840567,3.5809503093728416,4.6371959578245185,3.1106761600208728,2.821057724900899,3.8086880595141785,3.861925921257295
10.47,12.198813553002124,19.469944565289136,12.378469064301019,14.441525218339635,12.889899848855693,12.923351320691994,12.95207936980332,12.870034114528751,12.421458269435565,12.41137895423715,15.638077824346404,14.067818540751665,13.449080617305961,13.965912555772402
7.31,15.620001516191039,16.500334409818294,15.522763448706273,15.686656714949116,16.360663706077755,15.449335488419964,15.873157914805045,15.616857492236976,15.459485852734428,15.803720667970211,14.759731390655205,15.347930281283247,14.30646758635983,16.706212293222634
5.97,7.680505452300457,5.204795108262076,7.031607542062451,8.208759096456719,7.8953696430079106,8.104381223886298,7.568713062023794,8.541768076430824,7.9075373577552845,7.651950154971757,6.901284280807039,7.9927658547366205,7.457972102544343,7.698182813676097
4.27,7.309812828798388,6.098352062441464,6.65482425148292,8.61569194375032,7.723136506226464,7.963758395761646,7.013495027000363,7.601361630443012,6.86661055084106,7.109711503953072,8.043815011603089,6.361052282167213,7.824089849237574,8.634262087917755
3.53,6.064144077572157,4.176156447124513,4.781206244770159,6.840055957888002,5.413849828029388,5.283790011369666,4.773356764497716,4.966629642401031,4.561421900798504,6.146237687962607,4.639558988603358,4.8496327794664404,4.580865963101851,6.858246999653196
3.35,4.435751806373214,2.573252860627699,4.156856857167725,5.617510493561269,4.175037149110324,3.99955236851172,3.558306395742563,4.340534197164951,3.4471832009278094,5.017258849959512,2.881763176076638,3.637880532154652,3.851144450560162,4.917594543158048
2.91,3.334397634303192,3.1472783985342003,4.50944044858303,4.774790359391499,3.728890284512055,3.8303440254707875,3.270659105705806,4.872553827621333,3.1282466061132204,3.787164260845125,2.997937572124491,2.62140759940034,4.768630647679394,4.866592471906406
2.8,3.6013989118581105,3.5210976275980115,5.1395234794483935,4.4024556222161015,4.803472827705517,4.4110184843006,2.9103882279467346,2.6385884347257638,2.5846267060203005,3.6673071518299194,2.9433128869272136,2.68670141444148,2.8122239101265847,6.361058697091536
3.2200000000000006,4.854488254877153,4.486612626369653,4.0803750558322385,4.991618241875066,3.791780485049273,3.3366410838196314,4.228891520440458,3.9291326820074337,3.702546201843681,4.188867465687508,3.6813201228669445,3.389066908187357,2.817476612410428,4.5365777108237815
3.1099999999999994,4.619116725786012,4.890852718222972,4.858549351644392,4.934234853518167,4.342345509916795,4.157620143794423,4.173537942231803,4.436957568979448,3.7053938079210447,4.6669531342962065,3.4348699611860734,3.1563435278010825,3.89312958162796,3.986475540498034
2.8,4.776665112881877,3.737873656747333,4.286930833025231,5.3256164153700825,3.981667905331352,3.778838568043721,4.0735495611715,4.612030647296641,3.698559082819252,4.740929363419332,3.1163847251133667,2.810414111453796,3.8089173793769695,4.365398750440951
6.65,6.437618270079727,4.445663956190022,5.651785440807379,8.136566277390717,5.822673451894121,5.542404981005509,5.60503006118845,6.20124630755875,5.125008523088659,6.5186245830056695,5.401752940689397,4.382035326972531,6.218041824851398,6.758944756502769
15.35,12.141033974454455,20.166192280932968,11.6197678823404,13.918068125826087,13.103209998408527,12.33884665907506,12.748312586168785,12.75751540807844,12.108609145584891,12.108594505999925,14.680793260289645,13.050653613966125,12.783212632700556,13.656679845335448
20.48,12.604414296305366,17.391456089275838,11.81982063464209,15.592470291833274,13.939751762273836,13.79714406308727,13.675859923676569,14.171706163610438,13.03272968472208,12.95717727622096,15.634536680350132,15.545248449225314,13.759146686652935,12.676088814197076
7.82,11.975099060905285,9.629965244197646,12.302815222911349,15.050212666268001,11.688774111405886,12.533688171821813,13.38120739970993,13.0136818779034,12.168336398530107,10.695933959782005,15.703611517671833,14.521136564379615,13.778204081064557,11.32358640376034
5.42,3.9290830220943302,4.88132270792137,5.655832670258897,3.73702614850624,3.2110544689976748,4.2058738144237635,4.127502442236857,3.5820647244284047,4.46993624763399,4.930540596096061,5.530668069620594,4.080134597303987,4.950491371229127,5.588151686865031
4.8,4.96962146161874,4.245366671730437,4.199366519023763,5.659312222353152,4.435884771441081,4.593962531105044,3.9115249846406495,4.273122329986752,3.8535544347236033,5.329146386175061,3.7978223746867137,4.026208106320978,4.118799283910598,5.87169178748605
3.85,4.09794466735568,3.2143777372826774,3.926219792039199,4.415144667570312,3.4974512528753854,3.736184198855197,3.148606276360684,3.7131521305401542,3.050941591751184,4.141774590474668,2.460272485667528,3.1260195122917827,3.846953978640319,4.231392551435569
3.2300000000000004,2.9212509457073645,2.5441624638299727,4.566754162634743,3.715152427049324,3.4412629502727525,3.449932874896282,2.738052499642844,3.1677851372312302,3.1840168507630637,2.818341027444617,2.169258930924861,2.4843675075282485,3.582383907255931,3.466584568907024
3.03,1.9801815563621163,2.5395285767629687,4.372445432705568,3.1011627321362543,2.9716067668631974,2.8813177942264465,2.1627698038104715,2.474827754785805,2.499540363296526,2.6820442133715767,2.5688198854596127,2.1295754996478244,2.6750582012710904,4.396298236082694
3.43,3.414038611666472,2.959020500205363,5.424305379929569,2.730870785974689,4.741844939298737,3.7597095847211803,2.473787908628297,1.6597227644798105,2.4101705861904983,2.5847751524003093,2.285717600112565,2.759834478086831,1.463782487154682,5.112992416416835
3.2300000000000004,4.374341168756754,2.034519573439324,3.176353786740622,3.9959832447792873,2.59711093042038,1.9873208664925563,4.255816942137605,3.6933418041803208,3.826155522549629,3.5400581818862262,3.8434662910662714,4.06969863936142,2.7739364030118465,2.186108290165012
2.27,3.1177591166853977,3.9078370712308033,4.633402075601424,3.597492445084293,3.653416062829252,3.828520976221608,3.5148237606483894,4.394604622912522,3.1630609255167634,4.169480196031236,2.6594160246479457,2.7411335432020545,4.902440449205318,2.517363792784048
5.8,6.650521756495137,4.64802705794108,6.334153858364488,7.743396504811945,6.520216246254948,6.175592476440755,5.78267051876634,6.035330110554618,5.36166519016731,6.950778504858611,6.39822871084028,5.3465516704248826,6.37083158434069,6.87756756443524
13.97,14.99976916899386,20.184117412158596,14.830579322954032,15.683279528752628,15.510918047287534,14.580771272758579,15.581783493372447,15.221874117377592,15.517882849150615,14.741494727510593,16.480956458407334,15.163701207824392,14.9130050313018,16.520745405971827
13.88,19.3743916590612,14.486116643580248,19.85482316796169,18.045950944739705,19.20120137275105,18.398669209701964,19.399064946320905,19.56298836652156,19.27133534009621,19.680412071145753,16.398467158754613,17.558704208078694,17.188380230984272,19.887904211578164
7.44,9.279435353816467,8.280273211795341,9.69939636088718,10.37744730521058,9.787183436779033,10.235028730562655,9.77681554585564,10.620243633017992,9.904222089630913,9.082323139894607,9.810182329622185,10.828144477425148,9.86682915995253,9.163162291845797
4.99,5.324234773698338,4.837834476454452,5.883595355134668,5.2147610459659965,5.099609428460845,5.909141833383022,4.889881659628983,5.373304036137816,5.647607823287256,5.604223511991995,5.272500721577407,4.932677706013305,5.281315973401075,6.3859204674177725
3.78,5.8125902082205165,4.373953788710621,4.695372178791138,6.3646439560046435,5.388895932696469,5.351824606788957,4.543941585239631,4.712709814168637,4.484781677793496,6.127208056021714,4.79629680951388,5.103803092020363,4.414088186361855,6.757632706000362
3.26,4.032286264990926,2.6438709014618857,3.874504423715515,4.5442430709768615,3.597197444230797,3.747634224086687,3.0866976309254355,3.7070654903396094,3.0985436052289583,4.472714979628816,2.5634070524988632,3.2973830622992013,3.55724656711169,4.327986002520674
2.67,2.8427306034775413,2.3922432454347917,4.191312704865881,3.7385742052307034,3.2253176146543265,3.374136013292832,2.5314440116146852,3.432519918648333,2.8284627780328178,3.121610804378768,2.2138664496565363,2.3964021862800395,3.2680924634037036,3.952009942637969
2.390000000000001,2.374209111165883,2.7022537699298885,4.914723285583751,3.3253339058618048,3.6396377311925456,3.626403260781904,2.329557307906625,2.3068427034638597,2.3748852882554554,2.905147164551379,2.799289745197284,2.239917250771228,2.4018240732632234,5.2879153310302645
2.83,3.92442943063104,2.860350106939495,4.310955889325851,3.058520593034805,3.802013768554677,3.131237453214857,3.1011648366815843,2.2094100088544506,2.7756037172172343,3.0659184869555385,2.69380650927924,2.979480190101879,1.8144241492711293,4.0488684047089825
2.91,4.2490501361084965,2.6945313235556725,3.9123554108327476,3.672187715936792,3.312937187614623,2.8855482716623437,4.0922302961689,3.8990885666932695,3.6775540850594575,3.97751456228082,3.3299146687266203,3.412938674152164,2.66499538233267,2.6764942438683885
3.51,4.01632821945411,3.466308924861072,4.342443286951326,3.9180277366292096,3.6945431748824733,3.6275403737133294,3.765801362812415,4.368907609149876,3.3908887899389404,4.396645503870194,2.7861872224268103,2.7349743501300954,3.710109299227879,3.0464853145264263
5.23,7.209953044633299,5.9429009358226335,6.434751343892898,9.461290356147432,6.7038827062605355,6.4296740678714475,6.7232570409312125,7.271796007985201,6.025015995250063,7.3864849811741555,7.0834517269235056,5.724881400418352,7.2298223045211625,7.323050753734652
11.18,13.805646279966865,15.87213142470219,13.16204145014977,14.192844299464381,14.402077648314615,13.413260736458788,13.949283559539687,14.020402802563991,13.870628558591138,13.367294753500447,14.432682901626288,13.856608893727575,14.115378024061494,15.325878415336799
10.36,15.232016922409963,12.98262509028611,14.824780792409936,15.6032498426973,16.451111702855037,15.198207683604794,15.546502070600429,15.851158898256125,15.427520082710005,15.479931809348749,14.84737144044919,15.281698091883488,14.744997804950644,15.949607034088515
6.37,8.546883964985572,6.600038045104215,8.365018119107642,9.263307565976346,9.153766639602491,9.158497619248584,8.7394550481857,9.821050739772717,9.261289513439953,8.473461872892358,7.772641961914152,9.165284292929874,8.27933282737588,8.211998925930859
5.32,5.622792013041579,4.672108974521132,5.351178165298168,5.846036179699366,5.346712365794038,5.796342196728272,4.943111565079551,5.62011653395815,5.431714016671824,5.7769853338162545,5.1110353345299275,4.826065732227832,5.206751992539885,6.335219505301013
4.2,5.370167817653379,4.830224177442076,4.700954704284415,6.429238448506781,4.868260003299612,5.012905159289243,4.617203440599916,5.389004074280071,4.441871861222179,5.458734912908662,4.381340504366108,4.096913219414061,4.777308488499216,6.236848728677888
3.73,4.026043744550532,3.040200097448848,3.8780364022335663,4.7100129439802645,3.9109426298697936,3.801411767630496,3.11125589019915,3.586798902504301,2.9161272028989136,4.417424777692114,2.6928575972926936,3.142163844137533,3.5858903141784806,4.870502606914023
3.01,3.0892544016240877,2.8422589556941005,3.657105334014013,4.054925005723028,2.9134550121596154,3.293384051938916,2.7483208116576274,3.7450124354271583,2.686513902361331,3.327775549659232,2.2794213551168365,2.292538736944925,3.5447800331658734,4.172541482549343
2.88,2.7236225588383465,2.7887543926555427,4.534647400531412,3.6686191103287498,3.743015731545693,3.664653948409523,2.46644683378754,2.533530527377517,2.3699423152129397,3.019112170646256,2.2837494135965164,1.9632101642479505,2.7242841557812296,4.960848306093308
3.35,4.056465655446223,3.6838517484956497,3.99270871220174,3.8279688628972535,3.5886385457790864,3.1709664041388232,3.231655974448719,2.662110564258648,2.824505543177376,3.3914649218093533,2.5861338056510004,2.8012881164827044,2.211094738367793,4.130208511016137
2.390000000000001,4.137335851743768,3.9788819009036964,4.0314758679357885,4.3441782558002,3.3869616315237496,3.2500149602601702,3.9617233283330577,4.19807406928962,3.5259069966865084,4.037775047651453,3.1604933873870564,2.987130120383138,3.2105155950536335,3.0735351871390133
2.09,4.367691983116413,3.757342438762852,4.609169030164847,4.437708744195168,4.204317129328912,4.0473049833724,3.7871075996188086,4.207173477830064,3.4970016157762824,4.701675150064314,3.146613645910188,2.928353937098957,3.970618506718589,3.811748238573857
8.2,6.352803002100239,4.2303374578951445,5.646607741588124,7.4613169119434835,5.620891784368521,5.172731430793784,5.449651914408129,5.810395594930543,4.9641923344512735,6.299268144823523,5.163981159294496,4.248816899375854,5.4568645788349786,6.300882564152863
26.18,13.307159851056364,22.001644217699862,13.25262009554671,16.15151341514933,14.601478224935002,14.166380383023554,14.313511976270366,14.180462734585301,13.533189303087234,13.80026033669228,17.13444458023109,15.530549685130314,14.414581491675365,14.929144226259053
25.52,19.72020968327518,21.313502974536586,18.22728468080152,23.707264705108102,19.97308729310253,20.556756286934547,20.397290542057828,19.5554778924402,18.62120763057903,19.939976838066197,25.676857095528568,23.81153910145932,22.883385396929572,19.185021647482774
15.23,12.6182279165868,11.999839397791026,12.524030177779755,16.09043971726655,10.490685318510748,11.452125878893346,14.470511760688849,11.546527276121541,11.945126496749744,9.886540606528037,16.370846147390207,13.276744502405071,15.810787009278961,11.397604751302334
9.14,6.120172899547695,7.7399216486566695,8.701946835607997,7.934207243192272,5.246352310728795,6.326288178621444,8.312638429507178,5.997312704588988,6.887767194876756,6.6703874747818075,8.516779864519009,6.4640885941096995,9.166269236721435,8.508984355348781
5.49,5.1401818773854275,5.508910873949101,5.053880506479118,5.461230445025764,3.925625069225899,4.598735307842375,4.9048830898865186,4.451383918890072,4.850334493643793,5.869078582155511,5.6225003178852715,5.333363653418067,5.4370873400858,5.79790324661766
5.18,4.200421363044541,3.562507464499232,4.673695562641455,4.985113478522379,3.693477188585596,4.060920030216766,4.154944085152604,4.081046420414898,3.7618215680171647,3.901870157330937,3.068760686587113,3.4952183931828635,5.219551134223954,3.4630246036669305
3.84,2.8718993986179377,3.838057096102482,5.4283045277426245,3.7848135884719416,3.2715713607901726,3.5263450441026905,3.7296807845502205,3.902022938845935,4.84204532021987,2.7155153043608036,2.5505540859260423,3.1748851675327368,3.908483054999889,3.3565300818784234
3.49,1.5676234842000245,2.9495003421019046,6.7635323272542385,3.36095203299338,3.4163721374429534,3.0168433118781834,1.7912032134346063,1.7743848003067368,2.3383710352586577,2.192580668836745,3.492258186345852,2.542467490681526,2.0350767002430663,3.8784589396401827
3.88,2.6599589121656964,2.5678622408948177,3.665114475997612,2.3414730900028635,2.263192806170545,1.9453573917408225,2.0648634511857864,1.5821730681604675,2.561285240445768,1.6260491043775491,1.6398678431603662,2.7282241706890757,2.321204828944179,2.440068497405637
3.98,2.4053512806321993,2.7754820144082606,3.4058022822423224,3.0900533046786784,1.9455260669545584,1.709412952740185,2.668469030962316,2.1225028050210195,2.8496455906938234,2.072272529390631,3.5647602084131003,2.563136165337431,2.5106396627845573,1.6089696038652932
3.09,2.516004462294801,2.6622706151682705,3.9090789017548833,3.7700804039993,2.5621914433640223,2.648050126090782,3.02308406078368,3.0002541015275,2.739475131737491,3.1095063053695617,2.7678090521282264,2.7788108255681956,3.509107829515582,1.882338729563485
5.84,5.562478113737547,4.908228851428669,6.422140724045381,6.664832613119253,5.895714260318183,6.044939065171735,6.3013917283409215,7.0271519577204336,6.10478095774081,7.070173001431593,8.285409542907539,7.487570511348945,7.5328283271421235,4.386087225542959
14.13,19.74628740365352,19.66273573249118,22.308178215350143,19.30145019976913,18.24834246721086,19.324102264807948,20.565213623639146,20.26917510433278,21.425945496121585,20.270109201995407,17.64545255100697,18.246584258110982,19.585198675605756,21.77279436875653
16.91,21.988646024030686,15.864184264361818,22.235521163781513,19.24074021597213,20.696536427050386,19.73342175212852,21.837360365275913,21.721149859081425,21.986567741108583,21.96426650293966,17.178645343029388,18.25783547187717,17.8458373397567,21.882828806010927
10.14,14.705861747931642,10.628350529914133,13.037462318131432,13.88441299259161,14.486468592806833,14.468737800898216,14.188521028415645,14.660023033273461,13.838399566398268,14.266804699126455,12.550812791354305,14.719693627668875,13.955807103174068,13.412484888421346
6.15,6.795819040010801,6.131546738250696,7.863189562894219,6.16257380229083,7.378682773064166,7.717658020924915,6.652297106625206,7.280134374619836,7.302460047779249,7.359047826505924,6.243542494520254,7.363482725800775,6.533978083964207,7.5473005485344995
4.7,5.405136413181447,4.945536400720132,4.858561274935466,5.788895393546394,5.192633316379972,5.527975471007666,4.495106767147,4.568325543488322,4.630691568156361,5.921282216430978,5.07592143979437,5.405532181618431,4.556899638335706,6.649829290085754
4.22,4.484271576393887,3.2543885620475903,4.371942920335239,4.824299753200682,4.0801055439894105,4.084638274468636,3.54060949425012,4.027924561761509,3.4542977114081186,4.986279948824235,3.482117263648634,4.358487770465044,3.9250083070142296,4.8391543361660965
3.43,3.124386501717081,2.840502329727326,4.544932904733145,3.83843981405628,3.4110821701895238,3.5590404231577617,2.8511020933340525,3.5715304731836652,3.1906912750385086,3.1460896150169737,2.3415010191154333,2.7087792119211542,3.7654734511710046,3.8027131018583873
3.0700000000000003,2.276223760102809,2.7030935126056517,4.8431064589277595,3.4117137132253634,3.3464961530595785,3.3356485631972217,2.270851060053496,2.4619803710239374,2.4715696675416297,2.7985175818169172,2.7990480950816155,2.3847019276681767,2.759434121313756,4.620167296354389
3.8,3.2828609954383903,3.0654200477250337,4.667893348285423,2.9313002000001207,3.6663449181373684,3.3787581938617413,2.713341887684514,2.040865394572994,2.639265410267269,2.6957129945452247,2.6481674776646686,2.8329888920615884,1.9656624233241902,4.200529295599234
3.640000000000001,4.26569741627285,3.0414041618346648,3.985613952841438,4.294470618655702,3.4577286095290614,2.8816593944067206,4.13020685946267,3.4123686128085,3.6330597485345466,3.668990046412041,3.9194998094196887,3.9588689242190935,2.8055181490534995,2.9443323197567963
2.37,3.6116732871726014,3.745774281173072,4.1869097109828735,4.0119875225051675,3.3986179723897525,3.504231861891551,3.7655405051383,4.168106310037843,3.3779602274739107,4.161869667357478,3.043593056277489,3.1860744444850413,4.00274460244958,2.7633299597858207
3.2300000000000004,5.49672077014889,3.8691468602595274,5.531833800265592,6.050382594904049,5.333035598059578,5.257609093558567,4.977582002197754,5.5306807054686775,4.7014428713559875,6.110635584146857,5.15777413523035,4.4600856022448525,5.678849996432097,4.986793171334735
13.09,13.043825268180536,15.5908415251426,12.806451807409925,13.816701923292165,13.388107463357215,12.821412099381096,13.340169389535381,12.96054606466189,13.263267503938613,12.733820392251953,14.818356517348787,13.695461407803386,13.386734703831491,14.795262168744127
14.91,18.101043261962825,17.36438979514341,18.82418213972997,18.578518330198484,18.683949886308483,17.92792144720503,18.707331575016074,18.389736250911763,18.34114613817745,18.79534754506746,18.57423780527552,17.991230921206114,17.130965467406178,18.97973260826509
8.42,11.318106695087913,9.159502449609342,11.015685602883632,11.87468898163671,11.758183778648831,11.891903726520322,11.669804351497714,12.433721501562419,11.50373520215236,10.968834332346564,11.190059575885478,12.653891980716553,11.795684821494394,10.338395316251797
5.15,5.531932945554451,5.24389953079783,6.461023221608298,5.427403852587188,5.5795531551847235,6.460069071672126,5.292854364810049,5.783919578562545,5.967916065389317,5.879774704594292,5.549538580173617,5.396263499375781,5.683922188986154,6.731761702893863
4.3,5.933955873583118,4.5108756556985465,5.055119990174237,6.309347262682133,5.423521423472577,5.601518888322245,4.8359142501582655,5.0244237893667885,4.986402857737766,5.900827552021525,5.312535015373974,4.891339401803856,4.838153017728682,7.129874322273081
3.7,4.687552190299668,2.9816294083524166,4.133173500725077,5.559539036150242,4.3792359231071645,4.048411976474263,3.4479977599883864,3.7866430728475713,3.3000453689207165,5.458025989037034,2.779491044307216,4.367258339869034,3.7105708139526863,4.689510553108862
2.79,3.1744775925309447,2.6025440745705524,3.872525077687736,3.8538959061801803,2.9800907425379974,3.5094680185418463,2.8296826745097703,4.034410033673328,3.181217161257977,3.3225013239956582,2.1698758537181733,2.5264246084386555,3.5860604524908988,3.711318164819593
2.8100000000000005,2.209536536706442,2.446942649524733,5.155154260328284,3.380701369401579,3.721376633150044,3.6584651104434727,2.2335285856832243,2.4168513172577084,2.3473572045800934,2.9470876287472163,2.7679462841764577,2.2807393105260427,2.7332217453146246,5.2967298354057375
3.12,4.087772167962413,3.308651953964396,4.71045340454422,3.4692521796788323,4.178391466328272,3.5432898058638185,3.2326558182773537,2.241393721595012,2.8100281041534947,3.231939797829876,3.3108573522985063,3.6625301914102946,1.8967787387386168,4.992053322392641
2.95,4.393585656048591,3.0031428359144643,3.902972572344882,3.891986230273952,3.4626717183127287,2.9078441836010427,4.107547270742232,3.6103183190638792,3.657167029204741,3.9534456904492794,3.5101326752463384,3.725838482620897,2.6102549199820237,2.886067028704641
2.4399999999999995,3.707744796341088,3.235122274147096,4.092017765765254,3.698387869816356,3.368488533704147,3.3822436682041337,3.6212834006892596,4.2449692117498365,3.2805731516812395,4.176340857180714,2.6896348700639603,2.701245708364489,3.627914896271593,2.7220060262404
6.36,4.935111098114941,3.6917465035267503,4.772650113729252,5.260395803111789,4.453914334535165,4.248468609143174,4.2310399446946,4.879046011039382,3.8849965995635714,5.0857094031979715,3.4991424695743887,2.9430956475843377,4.487540341707239,4.601784225684058
18.7,13.931714588162231,20.92737394794619,13.558313105275344,15.318800278775587,14.853188465743434,13.985265880981649,14.440172463480067,14.148269691250613,14.053593424230607,13.943713920765607,16.03507833207291,14.955827307097467,14.234255076468216,15.571150999482825
18.84,18.6374019597775,17.332733634403766,17.987225007428073,19.37796807914164,19.35336093178316,18.936233456004263,18.651330587749925,18.892622122111632,18.186732548892696,19.305846335892,19.27457712876148,19.860066570649995,18.73613506228336,18.045683074588357
7.56,11.107929752103267,10.871666284648331,11.48567271110446,12.613770244988995,11.047581830389431,11.436135207216367,11.83308769939693,11.67787865421836,11.366502751258267,10.197100423669237,12.216394456181323,12.413298081442724,11.973964993343987,10.571205620396212
5.95,4.38621453486773,4.86609120959229,5.845017956652923,3.8823933324902566,3.8666581050729,4.664857320292566,4.31841344785078,4.027587483646451,4.888490339161231,5.226674687359628,5.335085675162897,4.5470429196286295,4.739239481174357,5.795851964288462
4.95,5.727716665537118,4.707197054154338,4.700944795305107,6.526619989429658,5.25501708957375,5.310971863520284,4.653436053752486,4.982053835567115,4.5427084361769365,6.051135076078516,4.593540630341461,4.971763187498998,4.4825515053976135,6.526827130811889
4.39,4.2945756763786465,3.4591864144673927,4.232356205690149,4.317544828351521,3.6655546842827,3.8539881976719887,3.3218385283945224,3.749175279955725,3.247569199888696,4.250283731563697,2.667619198389815,3.472917383789821,4.018322669789223,4.07421709316522
3.43,2.8425712913373564,2.8449769046541453,4.251054972511503,3.6538472005192997,3.0537412648353994,3.4126133850534632,2.8991606908543814,3.501034444795648,3.3722624430403565,2.8330592921015443,2.1736609347115428,2.550150300255237,3.6419696573687954,3.493698229141088
3.2,1.8760731689637857,2.606191903338308,5.235084682920559,2.878313354998669,3.404103954367078,3.562886643800919,2.059018436438219,2.0097292442814307,2.3228387256404868,2.626636627018548,2.9158940763791463,2.2097513996725593,2.2621420819860334,5.23304031311684
4.06,3.8058840093921815,2.6075083247072026,4.187122580658952,2.964838921275001,3.937842070590504,2.907922971912828,2.6930237897238074,1.7546781205898156,2.519955892283188,2.5836690342102946,2.4159783215947592,3.3082935427034537,1.6855036579854277,4.024522377672723
3.35,3.751526287918688,2.1542820555806985,3.3385831282847507,4.3633775498509015,2.510426490215216,2.188781053339432,4.140560022272009,4.005086246465975,3.655127908814805,3.456820389585742,3.795481700066059,3.8025061629508703,3.286520869865712,2.018667320859267
2.6,3.009888866566338,3.544061214878214,4.325362122168473,3.4558015099407964,3.523203939028976,3.6543810552831726,3.152149435438149,3.84286589170162,2.878586261756501,3.8676481134322183,2.3603497422909294,2.465629375641914,4.387770536291246,2.562382961745609
4.83,6.290263344500837,4.851234723656356,5.987105307288205,7.6385278966180925,5.990046268188027,5.775203133942359,5.651414314882596,5.965612135414405,5.211439185856434,6.512446619893389,6.184970973445238,5.028718917187968,6.012117922831327,6.460307450156527
15.23,16.335334826228998,18.194927583143567,16.785334215722273,15.841594652176996,16.187074629747556,15.465111675909936,16.754648610825633,16.23180866346756,17.082900268422446,15.788103825055563,15.881444984610207,15.12013380033268,15.684908585794537,18.034193214604603
17.95,19.44067221725762,16.371033322904598,19.79082232469764,19.001872124876908,19.44757185444205,18.77847921494017,19.57334699973552,19.345683365175642,19.164668908466144,20.065193736564208,18.01380123450089,18.76771177705849,17.52808332995416,19.652950022321846
10.38,11.02230618463358,9.610755554031165,11.239393302502585,13.459672515355233,10.74608592465017,11.811935525050359,12.076080691527386,12.343756213042257,11.128183858498437,10.067080361438551,13.72400727889278,13.336076948309467,13.053936273057875,10.347911541112957
8.17,5.516443613103754,6.171806697855885,7.055050688929797,5.5237876059331565,5.442509280607355,6.487959007713192,5.6210217674464955,5.505736357512639,6.020666143200795,6.067151444583606,6.154203486742335,5.730930538446509,6.190983709362795,7.469599118887558
5.11,6.303951192040023,5.719802625352206,5.540364149517703,7.230164270350968,5.725281030682272,6.246775751121239,5.7104951813018525,5.93796696954851,5.925332486351628,6.4840796576457365,5.8412649607635165,6.093815482115011,5.207198309301719,7.12450414936697
4.27,4.202200208862443,3.573882351308419,3.973805158064096,4.561913093423357,3.729981434971668,3.99673045404804,3.3450509052674087,3.700040408080632,3.2259641862392483,4.8093142007839225,3.1446177635758703,3.909762139407967,4.2676310334918925,4.4204427942263225
3.62,3.1231120045956033,2.891519527166632,4.219343236923443,3.71362082436036,3.1511257716686965,3.5485844757250966,2.96427171397264,3.68289807689964,3.342615482139716,3.1064733631967334,2.3323282529197646,2.7045452779626853,3.686260345128761,3.6795643218771463
3.38,2.144182504377937,2.6322780085661304,5.163990860355673,3.3859822106100923,3.4397237409992703,3.397239708128057,2.185033849497088,2.357488880639961,2.4006057361219497,2.755085616008041,2.864851756107332,2.4177427651644097,2.6427886349631398,4.830350921576745
3.89,3.4206307803303253,3.0768951334855483,4.531429745353092,3.2425450915289096,3.5735935437098085,3.2988753970124405,2.6201774489706624,1.9893659059342204,2.546592604266544,2.6609121239568547,2.777265433448932,3.383245989385093,2.160840792067225,3.8075133898309694
3.82,3.444827778969535,2.5333912861835906,3.5044510834268623,3.717607398686273,2.612361004765116,2.3805820462811957,3.5832354034244065,3.3084410346744155,3.2783943642545017,2.95631204932068,3.3390189946155457,2.9859005430195893,3.0260558805899507,2.3924388983539187
4.28,3.2270635953085947,3.411572208190928,4.397457886779524,3.741392482538764,3.4778331653793115,3.5335447919949408,3.286738389554728,3.410939858662548,2.9521466733505766,3.6595154104937815,2.696559268407417,2.7547611493130013,3.6038885329515518,2.8999772075536967
7.97,5.573601455062233,5.5130286735304015,5.1423724618314495,6.8498865062685725,4.899339476154324,4.86224296701263,5.4658050789528785,5.8020599287331995,4.8978741103834835,5.7195769529868725,5.379297020243393,4.816590446322801,5.213520039135445,4.727350343769952
19.07,14.158764573383571,20.42510301722135,14.727238291245072,16.820568444342744,15.033797767763598,15.650036808253816,14.990455032080565,15.127488924881394,14.504838090735033,15.315623095137074,16.489611259728512,17.073840344876206,15.7169543165478,15.723041974729393
20.36,19.747735467159306,16.662778291285044,18.55572383780339,19.165236049745644,19.32647160841601,19.30199722848911,19.116942038611167,19.090821774454845,18.414964188421017,20.045389318781965,18.341851737116365,19.727744272217507,18.69713816244744,19.004156358615433
11.48,12.724689511992647,11.907946478362591,11.880311407168165,14.168299859386178,12.016825891088462,12.377266559250836,13.388273423361175,12.644705811345515,12.155917953222636,11.426814502144447,13.608810231149974,13.529747200046467,13.204185033545208,11.504143859560294
7.49,6.014183790410236,7.644380481218009,7.53601601250787,5.924928267895265,5.870422165927775,6.3221103069140705,6.618323879569018,6.13234528084192,6.571431737536908,7.012110581082769,6.821407351564858,6.852144210024545,6.828465332082501,7.264095390724455
5.79,4.997700226326293,5.346935495947236,4.710850710558844,5.228599414793097,4.3784752998145215,4.856219317850821,4.4275143518627385,4.546901002222585,4.331493881561023,5.517833140551602,5.105074090431465,5.048055398311794,4.846666637499914,5.773032487895741
4.24,4.191366144844936,3.947631566879045,4.53147938972567,4.530363635953903,3.7731560041623458,3.9354735198233706,3.5945212316287027,3.8159208557319366,3.2882898914738816,4.055071238868121,3.0360431620035535,3.621632312677102,4.7761120910739345,4.083785570308413
3.45,2.7566664121674997,2.8707523512086075,4.563708705656093,3.7396645892456912,3.12333634915241,3.4819405439666493,2.9729183126951866,3.3432164156227406,3.554599619285262,2.788604871661474,2.403782919618595,2.688441544551217,4.068673849926567,3.406532775520631
3.09,1.9046650864597237,2.3777135590074723,5.319164240042126,2.9985274832613795,3.3063229003725265,3.1250396683905555,1.9846428933409481,2.0591916247143205,2.4231121755657385,2.3414296498294953,2.431586167351102,2.10874999226104,2.4619317555039792,3.7647425364341234
3.35,3.023268151644533,2.6547938448839177,4.333526704253659,2.7146044736049806,3.092956630978162,2.759706562939331,2.393325523837288,1.7838977824103468,2.588293068137464,2.1678535639176197,2.1810933254855422,2.7012647115915907,1.9765042717390433,3.206721856800318
3.5700000000000003,3.3126456577733414,2.2249797524849777,3.6162558978196913,3.7388631373858874,2.5986146001875094,2.248349669693356,3.396984527820526,2.8487290602331656,3.2556642372373967,2.9626412733148366,3.3975585602373513,3.458227637852545,2.8007524981302527,2.0349247568260984
2.71,3.4040933416942036,4.843055512606531,4.904676266178769,4.231529452867633,3.668721829419783,3.844147613980212,3.9884797341100646,4.365452640584467,3.61374045289546,4.178135620520017,3.636224776095288,3.662591985460227,4.855815496947159,2.6490833291057108
6.59,6.665840038016372,5.234779749257206,6.9561033562078,7.4158519064805235,7.00305006468027,6.765489294867679,6.390015517057849,6.500141334815179,6.011813366099013,7.57856100526608,8.16226061007872,7.2366916092173135,6.853383733813772,6.0710870298066615
23.39,16.96004132911052,20.342378092218073,17.59605195233465,17.962728602929854,17.231850554871762,16.96696007250451,17.690551344094352,17.463152758967322,17.883238099570388,17.33519687142359,18.00020085573196,17.514574805311963,17.071161307563738,18.3940406023951
25.48,23.5056178998393,21.837982017603174,22.76322991709271,23.56529351307127,22.56154829525764,23.331500426574923,22.75554282175764,22.595530320200748,21.89063780773449,24.541362816299987,23.841941396868066,24.47049804469759,23.767878312015988,22.848053154447737
10.02,14.969544302061028,14.85077961700818,13.215642848648825,17.210732370140825,13.64925561510664,13.68590307844326,15.988103059901187,13.726484977687116,14.0443054387442,13.046984769040982,16.79513257010254,15.465342711314614,15.363682221537733,13.334330216074346
5.63,4.450729663005421,5.937874952231661,7.101699646857837,4.879292223561735,4.10204841280725,4.851555073550177,5.856601708794744,4.67164581711096,5.310438711907633,6.0767218199848125,7.124493270716957,5.685459892384005,6.346516689909987,6.165835463465021
4.69,5.422181554453788,4.500360635203883,4.773837638144119,5.432019361946492,5.336720438945825,5.304315463291967,4.355952192819924,4.392658756048118,4.5014626240474085,6.080978799138022,5.020588592871045,5.570253030477576,4.310454444170713,6.617371459599652
4.38,4.3872974381785115,3.544615872671541,4.947100627979213,4.530320839076694,3.954397275095925,3.939540335516744,3.5393358613778965,3.8554047986070015,3.587218736078268,4.149533351403708,2.788722841110059,3.820449049490783,4.3413948454617115,3.5689808392901337
3.54,2.9051914434917983,3.0723635415822423,5.29001280032589,3.7488590979007697,3.341231488079658,3.595134520873589,3.5044342785332216,3.8959623033743167,4.748705559506728,2.6930319010705546,2.181841732514708,2.8677464854311108,3.9629374536062447,3.2197632201398205
3.4399999999999995,1.5411512566534906,2.748946481248128,6.1548296375280485,2.913621580636793,3.2666515533031517,3.3108024333199846,1.8419974653147382,1.855741251959164,2.455499300666792,2.457056378029768,3.054652121632741,2.366423379408362,2.1003460473775064,4.6844472946867155
3.18,3.531509514444031,3.62404261713052,4.648089344589151,2.5404172203417703,4.091856902303393,2.8248516384957165,2.4203952922890606,1.510386600407018,2.5407612815711382,2.1141960884905693,2.398074372771481,3.560763088067419,1.4889602102714523,4.0251900552605955
3.4700000000000006,3.6042103518898965,2.106382764421797,3.197090984440827,3.716568827600869,2.288807673255693,1.6919298895399155,3.912019194894119,3.0893247457155493,3.6899565965987895,3.162543024721192,5.200911111109907,4.565649143127227,2.7167509498174054,1.7186534098364232
2.55,2.7288756670397003,3.8345031776489407,4.591542587289887,3.924993912019009,3.30400251463733,3.5036683604327368,3.5515798482641965,4.348951117742804,3.1212543708934124,4.048236563518769,2.6683323443534483,2.98938415345708,5.333266240674115,2.0272410342024765
4.83,5.909602078258567,4.277742462176998,6.207944666035882,7.17117433735028,6.0738788448963215,6.037644738357438,5.500499604016699,6.143119784195782,5.171582479212943,6.682875032140095,6.082587739507977,5.154453575395172,6.692818908592735,5.700634414805218
18.53,18.913620702369524,17.227275705481073,20.226264525645423,16.477867180536965,17.549930415282546,16.5959869191431,19.2811601105254,18.686727230375496,20.208689857116443,17.76023324725061,15.799770203649098,15.058620859768943,16.994301783231432,20.329802670939763
14.36,24.119345280807252,20.907533717098552,24.999252927600075,21.705579739873976,22.64901398256149,22.289243722464324,24.035590576674327,24.052203267990137,23.822805450092353,24.43080189772699,20.7291316779722,21.04955819023679,20.970881365361517,23.72700341537013
7.0,9.085401761542222,8.353456597328977,9.583977160000256,9.670466497542987,9.762819618736456,9.802892865623944,9.143162576854051,9.466299475404234,9.497379816068054,9.407686454752831,8.35422888964985,9.837778669179507,9.132710840823412,9.604622988914574
4.94,5.082954860418713,4.788722107196539,5.624214539302732,4.867182819647335,4.6456110791279315,5.425274557960313,4.684092032055603,5.146466510901552,5.442772283160084,5.5003302507604985,5.224776748340295,4.913902797180137,5.1031438314067366,5.9258864756992375
4.19,5.833071880053631,4.810962291587559,4.952127559706706,6.733245050096365,5.587013730314069,5.6558160064450655,4.7250764351003145,5.001520096807849,4.607824039584012,6.067310540697209,4.8541652567046185,4.7731983154681314,4.877143663071674,6.9026049048978795
4.03,4.4771616432744334,3.1041396056695034,4.546937793151869,4.532210788051193,4.119842797194767,3.9085467999808574,3.213350402372773,3.653849763089976,3.3239964536638777,4.773376716894964,2.867041398841052,4.1796135241649575,3.6896487685786967,4.125639513294471
3.3599999999999994,2.845074588150627,3.1920581064428006,3.940317950891637,3.701603721707381,2.810872339529224,3.4094340218016153,2.857050676623407,4.521068293039779,3.3919464151544534,3.0676432051689915,2.2894623270759578,2.613704221838251,3.9412651415665,3.45055160115135
3.12,2.1120014520606274,3.680663409479586,6.65397625762608,3.1066221468675352,4.397040286507038,4.997556995453024,2.213369340301565,1.967392665613958,2.2976649110460117,2.8527803860429533,3.3145242270582664,2.3992214413524247,2.340402976463669,6.90013256215211
3.29,4.539263192488327,3.4499157056360663,3.5142279406364065,3.1280930864460244,3.5659965279371484,2.5603314770135785,3.42489971228819,2.1769697194387434,2.9219296304305957,3.0085078984834093,2.9943080433949234,3.9673319558994247,1.9120755879580056,3.947490914188925
3.63,3.7610581848114233,2.6924049257266813,3.920808466254304,3.9559643862036618,3.0620836531525644,2.912973931045012,4.032748251905764,4.0776988578000655,3.6453386212048833,4.018086843863699,3.4586799723611943,3.709748255967543,3.3964143381358225,2.3467970225100467
3.9,3.878041927833997,4.040147480624094,4.484416729013086,4.453260591590398,3.824405717923209,3.9064115301628153,3.823685213271472,4.559582582618479,3.4036638252370723,4.431927371117244,2.861044381174461,2.9012868338516906,4.30908883352214,3.0778717782862235
11.03,5.943750635507157,5.204103777422168,5.604651903584467,8.294868774930606,5.576651175929163,5.5726505748413615,5.525112702283164,6.1597321853140246,4.982643018644991,6.166410063424138,5.4193746804617255,4.393324166886142,6.182113597263519,6.307811158050282
21.36,17.872328884119028,16.36427681119087,18.93454095683402,17.608946362681014,18.07147536669316,17.675818829376322,18.347945566308226,18.225217417319268,18.06064027048136,18.00582932579684,17.185182028983192,16.502814805972527,17.008066586903723,19.316631807593726
20.33,18.32932414308833,14.899690121014784,16.346989494475967,18.39433512165488,18.29757244472114,18.0866332090098,17.596917554391748,17.518795904505605,16.92553265589809,17.958650000771502,18.827315419764627,18.95182748762932,18.205537312611398,17.282757234741773
11.61,10.82492682779422,10.79681682952234,10.87555678881372,13.544876279862216,9.548977684533318,10.445612191809131,12.058037367484832,10.575885059483538,10.617961821214024,9.420281797072054,12.820460961193119,12.01176187864925,12.710589620066994,10.3806555748031
6.18,5.2069705574605445,6.8727677994208864,6.843187169540488,5.727083903926943,4.1372077381652215,5.295934915587946,6.157039437230496,5.267661239265036,5.811070209497881,5.756401431306409,6.5814389234803805,5.3559717495093615,7.128765965173696,6.479335846096608
4.97,4.169651480895288,4.527987246903042,4.0142115079310665,4.427923055254429,3.697528274417084,4.135934138916636,3.4989329177503423,3.5486110701431604,3.2818359855926436,4.959300996304325,4.5195202603773,4.2076246114207185,4.356632855117147,5.118758359913438
4.51,3.8792149682767247,3.4022226817744565,4.562790284339059,4.042159337660289,3.482895921617051,3.823128166118588,3.504251256238081,3.8523021364593113,3.573723013550256,3.5838731962230064,2.8050204435385733,3.303314590441416,4.2746018723398205,3.799851759416325
3.84,2.5438480319743446,2.9317613545348133,5.332945389335537,3.7858678830423744,3.3898491666445194,3.348034571427441,2.7843288735472833,3.101054000122212,3.4222303246558603,2.593601715505076,2.3645422977216257,2.6545475426105307,3.8311193306481344,3.4941095942706872
3.59,1.933771414471468,2.666368710353285,4.9712825099796705,2.7850026329678013,3.1434352340625957,2.8845560313379783,1.9748138003472189,1.925027595259846,2.360821750800458,2.173976747765863,2.540663243436125,2.108509878670516,2.4309024332609,3.5812303567775485
3.95,2.837334114350022,2.82212148193228,3.9360537631390455,2.613600850880297,2.756637376695216,2.4008369619205685,2.379580399702716,1.7745160066724166,2.63421037463944,1.9521727186818163,2.4225354301056337,2.1642848843633566,2.0274237135617783,3.2201808940697165
3.82,3.41172020078431,2.536589267776561,3.8494768083857975,4.129833448766761,2.8742281235791616,2.438913484885121,3.579161278449794,2.8673414817706977,3.2987094537307176,3.171600493676997,4.213065449680782,3.90643309625516,2.834851692450533,2.2618453929759954
3.4700000000000006,3.4344548816736147,4.097442624492861,4.33504065582908,4.466145191086659,3.3527544459275567,3.5382097398018386,4.042395776666534,4.5029685889838085,3.62534975913971,4.325969018012094,3.5947984769568526,3.8067005964089735,4.883527127121075,2.4900840666917508
7.91,8.533518724530259,9.196277770579847,9.534023449335695,11.860463694017957,9.868850361782068,10.15485188304675,9.343818740604933,9.798953694512043,9.0322185679756,10.401280499994256,13.292936249674769,12.211453364392725,11.295025155573006,9.125769389084736
17.1,18.186832010967336,18.58620155337698,19.518020734567,17.30388390945675,17.557244731773096,17.312572689785128,18.73497100679529,18.40723438411116,19.019105408229596,17.996123117351306,16.660868657226743,16.169722764685453,16.88370305633031,19.69998289121282
10.48,19.93609440292441,15.515822276814573,19.09227452925221,18.175464996946715,19.22010233172761,18.826969172761213,19.334901119390775,19.35217047319602,18.74628194664815,19.938336304159513,16.43104469404254,18.25735327178112,17.269592213388506,19.533396553965897
7.31,8.038105919413828,6.439032794187577,8.494265279311204,6.97441654548975,8.787301646754385,8.484002758281896,7.788756602807799,8.584233429002536,8.487263339146983,8.740728176060893,6.507486340918143,8.343982972751911,6.951450290903591,8.011101524877771
8.54,6.102413788341843,5.376820566854751,5.986331666873131,6.9402749372824015,6.156588854593807,6.878539090986417,5.81474014264624,6.399615552412813,6.089480770814368,6.254811083711952,6.033883237075617,5.815222906943228,6.052494834526393,7.1239648099637
5.82,6.700569246091687,6.156821294859143,5.483508066688894,8.449581131736101,6.217436520992948,6.475326541546817,6.137111463159356,6.228730398622871,5.391435672822549,6.910974890253499,5.501560247446252,6.860818898797027,5.399629920128747,7.156331616003019
4.35,4.163239167252853,4.004450660918392,4.132103620150817,4.362886322164023,3.432185966436688,3.9630194261612584,3.6602859190829915,3.9391618487797437,3.3812491658944954,4.265620123502542,3.3442084345322742,3.728272444950864,4.763328692476257,4.235223854776852
3.63,2.638808967828755,3.432987952256493,4.070693863616393,3.680458225649344,2.991111144547739,3.3984444704291965,2.718761475938,3.855260195660113,2.8887826631917832,3.135732406038075,2.800901562657096,2.6212199422602005,4.298776564615038,3.7903145476442304
3.41,2.75878065196474,3.7965474794924106,5.757770800749496,3.3557276249283396,4.851076561421415,4.6512822458438166,2.432028790460131,2.0126196770062768,2.3395399899959752,2.9256535606472016,3.0752820625142423,2.5789545654742367,2.186913620716849,5.98440166439554
3.78,4.244415829799019,3.5082675501609804,3.210868681286983,4.312161409045377,2.8206334519799916,2.4360641925789928,3.343694323469665,2.6912120003754154,2.9905121327029414,3.207361246586592,2.539352667210536,3.594907767954245,3.1457157320481275,2.7886561289681744
4.0,2.9021360043400453,4.3642170918692536,4.294474623881706,4.048361529584539,3.0145320017749127,3.3659899215630977,3.450696176896245,4.356513645104819,3.2197582168631245,3.400356686736637,2.909726315357365,2.6362323295019467,5.275762846286563,2.1983266238383083
2.93,3.929613783066629,5.567393941368432,5.212746101466962,4.66892890046134,4.575282077830474,4.519028091485946,3.6219239142152166,3.652356162542584,3.1927728178606447,4.046753867723142,3.2428328393165864,2.835278603197204,3.844879051116352,4.425052011528268
6.15,7.44469906395298,5.576277479774862,6.113265790646848,8.286465469047192,6.732325555786106,6.0692077504602375,6.7833172839015505,6.29061960493437,6.229665850193582,7.390335598458838,8.690212714404307,7.420184637851312,5.664964181666999,7.135996788593423
24.29,15.176915045544815,19.269332010488974,15.799246115848934,17.40718015267209,15.784215292823264,16.028468801919654,16.102535429674305,15.955423434472502,16.089923781231818,16.149429755787672,17.621280600924724,17.6459465389292,16.28647066312474,16.752637371995444
32.79,19.22338638925971,24.67918658808515,18.00752356473365,24.447301273971306,19.503074109625445,20.8638091334555,20.050075633031433,19.41605942383712,17.99870601142701,19.83259404327471,25.947932740641903,24.373730263173805,23.52272427044231,19.20754756988123
17.37,17.585275239024547,14.293822697952573,15.221789918061287,23.620809722512465,14.911642081123832,15.801164383705652,20.043569492200945,15.323362577254176,15.609199332161115,13.731764224770375,24.334433947913386,19.950623458766295,20.592703870487163,15.073294322508303
10.59,6.621211257398473,9.169438705868416,9.09995401024467,9.719404332418492,5.383660710532184,5.60321875163008,10.98729593044034,6.987785044347768,6.99019859479943,7.84751717997896,10.158955093894862,6.582352812333545,11.546923553267664,8.217993666608745
5.63,5.612328140128763,6.769522317845018,6.241223784418298,6.211806345687092,4.927720656503103,5.655454662257752,5.809828775357394,5.0989008023855735,5.728915998160035,6.42135430569037,6.463175101760812,6.29305258791824,6.310086356451772,7.339346843329519
4.3,4.1850267793930085,3.4975990869207694,4.413723445419041,5.816197377856178,3.4655786071677714,4.072679594425509,4.1091495441230785,3.921347867254098,3.539517026301884,4.3162995997123526,4.037272897234931,4.012778292949761,5.932282493136808,3.5910724939934964
3.9,3.1259896849383084,3.155114878861391,6.42859514006858,4.0195548653754045,3.9118360524562656,3.8215503663352415,4.270702299974355,4.273451034250535,6.145134290210417,2.6303823134975346,2.2245363466089065,3.026088333326772,4.811756304721923,2.7757160868935493
3.67,1.5501888666691794,3.40923409291248,7.390104168584707,3.6718170180122014,3.196738613101685,2.863803469364834,1.998823975064488,2.1112700006773584,3.092168842006924,2.3884766719274837,3.0736133314915954,2.76022177818877,2.281020692047792,3.780474183487205
3.54,2.2974210788393314,4.003231923045979,5.602368224649105,2.178231143121498,3.092209858891428,2.711068446172934,1.8190019776561144,1.4022215559793707,2.4591692257318174,1.6123384326346084,1.8228992040501195,2.9865268739377715,1.8766689906656209,2.5987671331034963
3.5600000000000005,3.1107158431193382,2.625941997053995,3.100068788693914,3.067628817129316,1.8831078877569127,1.369306684032514,3.0518943082273835,2.078091805466686,3.4736944836092936,1.9809992128806009,5.832567468972565,3.4243016185143214,2.7751623848467166,1.660526271920865
3.35,2.166542382495333,3.719761124135756,4.7360832816879315,3.5761238500299615,2.682276346504201,2.7451547893493826,3.114754628098459,2.952023618979553,2.9479597206192443,3.138193778772292,3.6262004191773367,3.15467659863954,3.958590046982853,1.751128897808524
7.77,4.863040801350226,4.303060095949666,5.39721922092018,5.408871767467935,4.741885450912399,4.745959496365543,5.398410659473053,5.749975335732043,5.031286142241209,5.92772019391983,5.6234199076223055,5.966303938143872,5.5910281400262605,3.4137800112000383
22.66,18.86822931969111,19.630408783792856,21.393932310372538,20.666779817574312,18.206272868090245,19.764076999986838,20.147991822511848,20.403862157480305,20.81813220167481,20.73771423965295,19.29710094083287,20.24715941001576,20.264266954122764,20.85557640683954
23.190000000000005,28.037867175345173,18.920032596769484,27.428289527282878,23.18767095924201,24.274317425437783,24.658552543753324,27.148456488527145,27.32204429948844,26.98256599864768,28.23103082328918,20.882729048372163,23.5471791046718,23.17212523265067,26.534542728302355
15.4,16.385471195230068,14.469689046472359,13.28102842863019,15.298849766144281,15.179242144016294,14.415004898736832,15.694820706990496,14.45489664985418,14.88115045845817,14.795064534682284,13.991678468693216,14.337383985454155,13.785680417628315,14.942530071617837
10.06,8.512353268221775,8.894284210297071,9.478111961053287,8.494038692515792,8.703131624828767,8.396343275258081,9.109882599816952,8.505937496628814,8.913001610233653,9.017792626475304,8.730088937703695,8.100817005648954,9.041592916040948,9.061320968808099
6.37,5.623312292952024,6.36267385653334,5.746321683659687,6.070691162365503,4.761034484503761,5.334324935347235,5.648323893916404,5.159852241609501,5.483068071629665,6.306109796767907,5.94751179508434,6.1738729206436975,6.134533647282331,6.3463064478861915
4.85,4.37955738362038,4.333779040138307,4.4932835298627385,5.1930943825341656,3.6045794992290485,4.061156559449243,4.264058941110815,4.1047643477523,3.6026373872609354,4.214079656541022,3.8551147040533738,3.9771935350725314,5.597303695033923,3.9721088207381294
4.18,2.862194773825844,3.300360176310257,5.090273603148816,3.7755686543146747,3.217841131812893,3.6346543448228967,3.529399214308686,3.788529422713765,4.38659214224127,2.8314620077832986,2.7041595794420283,3.1463268074805755,4.211808646794466,3.3905418232466715
3.85,1.8308775725208088,2.9885192391729314,6.788301889580947,3.5319465719371754,3.5488849717048727,3.235735083315607,1.9875373575686661,2.043881538169794,2.500263226554745,2.286986253772856,3.1832458699206736,2.603370312232113,2.5228614676082337,3.8492752585241763
4.28,2.5763787325151126,2.6449227808295803,3.80783473277686,2.64937514444863,2.2580891508439125,2.1548140752177707,2.133424766619009,1.7518383121358283,2.522571773739835,1.7629246662321725,1.7936513701334524,2.564013497601993,2.7196975105200414,2.5499477941087605
3.75,2.6383410932275813,2.9200691011726785,3.7385385194817062,3.618425654969328,2.236980165479321,2.0740446022878642,2.8207767891894013,2.2993377038733014,2.9951099365369935,2.2199708592191385,3.5932287499555886,2.7915327477410674,3.0329886145813623,1.9158476429064424
3.35,2.7336759933689496,3.0979029546237458,4.140499082429252,3.671962806131913,2.8132290511933387,2.88817152331299,3.1528806464986783,3.051435902189101,2.986970690505129,3.2100403142917777,3.257373020177285,3.0402507998890935,3.615939475007488,2.209431848330066
6.38,5.581780037248347,5.18355272095958,6.3480929821916465,6.501253495266974,5.8863106249231825,5.834939467737108,6.077607832419371,6.206682928232637,5.733324666450821,6.767491703281207,7.540915362020223,7.510911441723815,6.460021137119884,4.288981793124556
21.36,17.63028930347621,18.924047262702143,19.532839256560024,19.182639530807364,17.263154257152127,18.327449068012573,18.788567458606146,18.697316277734448,19.246575219746163,18.953663975767235,18.263818079054523,18.93207821008706,18.369635174782935,19.440716817647893
18.54,23.834416356571865,19.996021760667254,23.404859587021214,22.654772682855015,21.858873116007295,22.7946400875094,23.038004533532987,22.679852843180853,22.05567012214008,24.51650271640763,21.82869938482678,23.23944290660424,22.4935117469495,22.98054760216391
11.58,12.992726737701242,10.754368948255076,11.49093315668176,12.160684320310535,12.500544780883788,12.104874698212436,12.627190354453724,12.435092203796668,12.164452752682465,12.274969980579007,10.807443671171393,11.616186255754487,11.485504821016464,11.794809379075724
8.42,7.394335884773381,7.140860155514834,8.443186830434978,6.969618593125749,8.231919785522107,8.422876883020297,7.2663869565651975,7.513415009231045,7.734525336199845,8.166979477724466,6.944753022674187,7.937646942906586,7.248636123398155,8.699322722278756
5.56,6.22365745414446,6.251615372208834,5.643573251645436,6.846464518236622,5.8437365855858925,6.276977775189838,5.73748880203434,5.773821710991801,5.898761304513919,6.784270613441147,5.837163110766668,6.906396390675838,5.3882182408705495,6.970581853937137
4.58,4.314900551526422,3.7486867586411328,4.772128179150472,4.9972278275769595,3.9566782950558452,4.061387816435994,3.8115469390134487,3.940687749694725,3.506704099568715,4.474774851103716,3.373417944446473,4.127811412226215,5.048136651613467,3.882939067344537
3.61,2.8530552878889326,3.4169724705007147,4.458187345826149,3.674581770688349,2.9411984356786176,3.5687356835677004,3.248147839019613,4.050985635105349,3.9956526232381564,2.984795457559824,2.629868357009536,3.048110316449627,4.013777184913765,3.411332152960652
3.33,1.8801347900535468,2.845700097922089,6.83628779233217,3.1507824957614816,3.9088094583723896,4.168870803140362,1.9752082324386635,1.9243479908513388,2.3177976166830367,2.482076659027186,3.275968757867899,2.4950757323372263,2.2121328570804666,4.807487131026648
3.45,3.622328334653638,3.0862664605106764,3.607464272515008,3.138791019175179,2.773173830459696,2.3652804254294493,2.731124163943411,1.9969055758820256,2.771820472047072,2.357002093718786,2.499210180008043,3.751886437059194,2.536495937830836,2.86260836837456
3.65,2.7733690323384415,2.5007951838168525,3.916430754639404,3.5052589622587917,2.4783178946445057,2.4438156331575875,3.1451373674848258,2.9277362945638834,3.1257465587687965,2.8022922440726834,3.1599179458100184,2.9441545718187614,3.1669492119533533,1.9451094279965464
3.0700000000000003,3.3203605577830224,3.6901433203055234,4.5673141261774495,3.959226494345094,3.499794805357753,3.5480273129831166,3.508871259205001,3.5837846589243094,3.1606544116717954,3.765411093229088,2.9834776812414114,3.1261265998350023,3.7700440566422784,2.7198223134482746
