0.000000000000000000e+00,5.939062906168401490e+00,0.000000000000000000e+00,2.188548073172569275e-02
2.999999999999999889e-02,5.354348919391632045e+00,1.105501713527655850e-04,1.973080635070800781e-02
0.000000000000000000e+00,4.721296712215989899e+00,0.000000000000000000e+00,1.739800535142421722e-02
1.269999999999999796e+00,4.616927584148943886e+00,4.679957253933743171e-03,1.701340451836585999e-02
1.476999999999999957e+01,4.844626881405710961e+00,5.442753436267826206e-02,1.785247772932052612e-02
1.128999999999999915e+01,7.482573134675622128e+00,4.160371448575744813e-02,2.757332473993301392e-02
2.314000000000000057e+01,9.500298435539006547e+00,8.527103217009986136e-02,3.500865399837493896e-02
1.617999999999999972e+01,1.278858130633831003e+01,5.962339241625824043e-02,4.712599515914916992e-02
1.017999999999999972e+01,1.317588149756193161e+01,3.751335814570512517e-02,4.855319857597351074e-02
4.469999999999999751e+00,1.252258183825761151e+01,1.647197553156207195e-02,4.614578559994697571e-02
2.660000000000000142e+00,9.532193341031669931e+00,9.802115193278549549e-03,3.512618690729141235e-02
3.003000000000000114e+01,7.354875233657658384e+00,1.106607215241183634e-01,2.710275724530220032e-02
4.360000000000000320e+00,1.101640532955527263e+01,1.606662490326860038e-02,4.059551656246185303e-02
4.699999999999999734e-01,1.112602068938315014e+01,1.731952684526660976e-03,4.099944978952407837e-02
4.600000000000000200e-01,9.670788078382610564e+00,1.695102627409072592e-03,3.563690930604934692e-02
1.850000000000000089e+00,5.404358715899288512e+00,6.817260566753878537e-03,1.991509273648262024e-02
7.209999999999999964e+00,5.098095846995711611e+00,2.656889118178133030e-02,1.878651231527328491e-02
1.379999999999999893e+00,6.315455140806734313e+00,5.085307882227217344e-03,2.327248826622962952e-02
7.259999999999999787e+00,6.458125450629741415e+00,2.675314146736927287e-02,2.379822917282581329e-02
5.203000000000000114e+01,7.191061785928905437e+00,1.917308471828131355e-01,2.649910375475883484e-02
3.359000000000000341e+01,1.512349664039909847e+01,1.237793418579798965e-01,5.573017150163650513e-02
1.875000000000000000e+01,2.031816075846552749e+01,6.909385709547849475e-02,7.487253844738006592e-02
3.899000000000000199e+01,2.052947183661162711e+01,1.436783727014776801e-01,7.565122097730636597e-02
2.123000000000000043e+01,1.920785006806254458e+01,7.823267126064045729e-02,7.078103721141815186e-02
1.100000000000000089e+00,1.765053556270897417e+01,4.053506282934739129e-03,6.504232436418533325e-02
8.299999999999999600e-01,1.386970234535634461e+01,3.058554740759847779e-03,5.110993236303329468e-02
3.900000000000000133e-01,7.948460654448718188e+00,1.437152227585952822e-03,2.929012291133403778e-02
3.900000000000000133e-01,4.994398988727480670e+00,1.437152227585952822e-03,1.840438880026340485e-02
3.900000000000000133e-01,4.873554701395333311e+00,1.437152227585952822e-03,1.795907691121101379e-02
3.900000000000000133e-01,4.810608007721603130e+00,1.437152227585952822e-03,1.772711798548698425e-02
3.900000000000000133e-01,4.810612051449716375e+00,1.437152227585952822e-03,1.772713288664817810e-02
3.900000000000000133e-01,4.810612051449716375e+00,1.437152227585952822e-03,1.772713288664817810e-02
3.900000000000000133e-01,4.810608007721603130e+00,1.437152227585952822e-03,1.772711798548698425e-02
3.900000000000000133e-01,4.810608007721603130e+00,1.437152227585952822e-03,1.772711798548698425e-02
3.900000000000000133e-01,4.810608007721603130e+00,1.437152227585952822e-03,1.772711798548698425e-02
3.900000000000000133e-01,4.810608007721603130e+00,1.437152227585952822e-03,1.772711798548698425e-02
4.400000000000000022e-01,4.810608007721603130e+00,1.621402513173895391e-03,1.772711798548698425e-02
4.400000000000000022e-01,4.819618444889783859e+00,1.621402513173895391e-03,1.776032149791717529e-02
3.900000000000000133e-01,4.828967544287443125e+00,1.437152227585952822e-03,1.779477298259735107e-02
4.199999999999999845e-01,4.827112989481538996e+00,1.547702398938718190e-03,1.778793893754482269e-02
2.280000000000000249e+00,4.823170860037207852e+00,8.401813022810185327e-03,1.777341216802597046e-02
7.469999999999999751e+00,5.156526201833039558e+00,2.752699266683863305e-02,1.900182850658893585e-02
4.849999999999999645e+00,6.435900109987706230e+00,1.787227770203043617e-02,2.371632866561412811e-02
2.959999999999999964e+00,7.186160787455738053e+00,1.090761690680620496e-02,2.648104354739189148e-02
8.299999999999999600e-01,7.098876410666853154e+00,3.058554740759847779e-03,2.615940012037754059e-02
1.199999999999999956e+00,6.001900419183075819e+00,4.422006854110623400e-03,2.211703732609748840e-02
1.729999999999999982e+00,5.405359538607299008e+00,6.375059881342816197e-03,1.991878077387809753e-02
9.229999999999998650e+00,5.266112750098109530e+00,3.401260271953421288e-02,1.940565556287765503e-02
1.141000000000000014e+01,6.757602943759411396e+00,4.204591517116851307e-02,2.490180544555187225e-02
2.278999999999999915e+01,8.591285541541875403e+00,8.398128017098425990e-02,3.165893629193305969e-02
1.475999999999999979e+01,1.199814164087176316e+01,5.439068430556066869e-02,4.421322047710418701e-02
3.729999999999999982e+00,1.288626564636826544e+01,1.374507130486052157e-02,4.748596251010894775e-02
3.040000000000000036e+00,1.110148435812443601e+01,1.120241736374691377e-02,4.090903326869010925e-02
2.132000000000000028e+01,7.924827085491269685e+00,7.856432177469875600e-02,2.920303307473659515e-02
2.096000000000000085e+01,9.479201295040548203e+00,7.723771971846556117e-02,3.493091091513633728e-02
2.319999999999999929e+01,1.257678498081862983e+01,8.549213251280539383e-02,4.634552448987960815e-02
3.930000000000000160e+00,1.534053565941750996e+01,1.448207244721229359e-02,5.652996152639389038e-02
9.200000000000000400e-01,1.234202735614031532e+01,3.390205254818145185e-03,4.548044130206108093e-02
3.649999999999999911e+00,8.746544482447207614e+00,1.345027084791981450e-02,3.223106637597084045e-02
7.129999999999999893e+00,5.999368034452199794e+00,2.627409072484062150e-02,2.210770547389984131e-02
1.113000000000000078e+01,6.699630541130900063e+00,4.101411357187603746e-02,2.468817681074142456e-02
9.009999999999998010e+00,8.429278123881667639e+00,3.320190146294726280e-02,3.106193803250789642e-02
1.268999999999999950e+01,9.259589454010129117e+00,4.676272248221984701e-02,3.412164002656936646e-02
4.179999999999999716e+00,1.007760532334446957e+01,1.540332387515200470e-02,3.713603317737579346e-02
9.599999999999999645e-01,8.943569069169461372e+00,3.537605483288498720e-03,3.295710310339927673e-02
1.083999999999999986e+01,7.348554886616766701e+00,3.994546191546596847e-02,2.707946673035621643e-02
4.000000000000000000e+00,7.321666116528213308e+00,1.474002284703541249e-02,2.698038145899772644e-02
4.799999999999999822e-01,7.461606909874826776e+00,1.768802741644249360e-03,2.749606408178806305e-02
4.199999999999999845e-01,6.971978156883269939e+00,1.547702398938718190e-03,2.569177933037281036e-02
1.290000000000000036e+00,5.347843571789562489e+00,4.753657368168920372e-03,1.970683410763740540e-02
2.473000000000000043e+01,4.991270659565925527e+00,9.113019125179644409e-02,1.839286088943481445e-02
6.269999999999999574e+00,9.286537869088352437e+00,2.310498581272800792e-02,3.422094509005546570e-02
5.429999999999999716e+00,1.036718680284917404e+01,2.000958101485057067e-02,3.820314258337020874e-02
8.199999999999999512e-01,1.017015412867069202e+01,3.021704683642259612e-03,3.747707605361938477e-02
1.909999999999999920e+00,6.654094624314457640e+00,7.038360909459409273e-03,2.452037669718265533e-02
4.879999999999999893e+00,5.881634384971111906e+00,1.798282787338320240e-02,2.167385630309581757e-02
8.740000000000000213e+00,5.961738111563026798e+00,3.220694992077238056e-02,2.196903899312019348e-02
7.809999999999999609e+00,7.351832328252494442e+00,2.877989460883664113e-02,2.709154412150382996e-02
4.199999999999999845e-01,8.306023269128054665e+00,1.547702398938718190e-03,3.060774318873882294e-02
5.900000000000000355e+00,7.361121782660484669e+00,2.174153369937723360e-02,2.712577581405639648e-02
4.699999999999999734e-01,6.856473612524569106e+00,1.731952684526660976e-03,2.526614442467689514e-02
1.015000000000000036e+01,5.852185429520905480e+00,3.740280797435235893e-02,2.156533673405647278e-02
5.600000000000000533e-01,7.351296028811484362e+00,2.063603198584958165e-03,2.708956785500049591e-02
1.260000000000000009e+00,6.652839552201331053e+00,4.643107196816155004e-03,2.451575174927711487e-02
5.600000000000000533e-01,6.383147149421274591e+00,2.063603198584958165e-03,2.352193370461463928e-02
1.336999999999999922e+01,5.028165634870529033e+00,4.926852636621586318e-02,1.852881908416748047e-02
7.900000000000000355e-01,7.282280710171908034e+00,2.911154512289494244e-03,2.683524601161479950e-02
2.275000000000000000e+01,7.288815880268812109e+00,8.383387994251391417e-02,2.685932815074920654e-02
3.109999999999999876e+00,1.065345040343701832e+01,1.146036776357003267e-02,3.925802558660507202e-02
3.430000000000000160e+00,9.395788282454013540e+00,1.263956959133286616e-02,3.462353348731994629e-02
7.269999999999999574e+00,8.982410088628530076e+00,2.678999152448685930e-02,3.310023248195648193e-02
8.769999999999999574e+00,6.993327524922788641e+00,3.231750009212513985e-02,2.577045187354087830e-02
4.932999999999999829e+01,8.007055285740644734e+00,1.817813317610642299e-01,2.950604446232318878e-02
1.149999999999999911e+00,1.574492464564740679e+01,4.237756568522680831e-03,5.802013725042343140e-02
2.129999999999999893e+00,1.455120397545397282e+01,7.849062166046357619e-03,5.362126976251602173e-02
8.859999999999999432e+00,1.194513443090021632e+01,3.264915060618343856e-02,4.401788860559463501e-02
5.700000000000000178e+00,6.758892387561500570e+00,2.100453255702546332e-02,2.490655705332756042e-02
3.450000000000000178e+00,7.569338903333991730e+00,1.271326970556804423e-02,2.789305709302425385e-02
3.910000000000000586e+00,7.535498964618891904e+00,1.440837233297711725e-02,2.776835672557353973e-02
1.010000000000000009e+00,6.763294996544718884e+00,3.721855768876441723e-03,2.492278069257736206e-02
6.410000000000000142e+00,6.011538139674812875e+00,2.362088661237424919e-02,2.215255238115787506e-02
1.748999999999999844e+01,6.506149776633828985e+00,6.445074989866234061e-02,2.397519908845424652e-02
4.699999999999999734e-01,9.046338397301733281e+00,1.731952684526660976e-03,3.333580866456031799e-02
1.040000000000000036e+00,8.776817852966487976e+00,3.832405940229207525e-03,3.234262391924858093e-02
2.479999999999999982e+00,7.353249149490148184e+00,9.138814165161955605e-03,2.709676511585712433e-02
2.819999999999999840e+00,5.319688103869557594e+00,1.039171610715996542e-02,1.960308104753494263e-02
4.610000000000000320e+00,5.729901574980467593e+00,1.698787633120831322e-02,2.111472003161907196e-02
2.398000000000000043e+01,6.317648863308131801e+00,8.836643696797730207e-02,2.328057214617729187e-02
1.264000000000000057e+01,1.010023503679782131e+01,4.657847219663190791e-02,3.721942380070686340e-02
1.500000000000000000e+00,1.180611004743725090e+01,5.527508567638279684e-03,4.350558295845985413e-02
1.290000000000000036e+00,1.049891731172800036e+01,4.753657368168920372e-03,3.868857026100158691e-02
1.139000000000000057e+01,6.910657547377049958e+00,4.197221505693334020e-02,2.546581253409385681e-02
8.100000000000000533e-01,7.101551842279731908e+00,2.984854626524671446e-03,2.616925910115242004e-02
1.597000000000000064e+01,7.037532044257968522e+00,5.884954121678889066e-02,2.593334577977657318e-02
2.589999999999999858e+00,9.205029452443122651e+00,9.544164793455428911e-03,3.392058610916137695e-02
2.120000000000000107e+00,8.110518618710338856e+00,7.812212108928769452e-03,2.988730743527412415e-02
1.475000000000000000e+01,7.721611551027745435e+00,5.435383424844308226e-02,2.845418266952037811e-02
1.015000000000000036e+01,8.001625064350664118e+00,3.740280797435235893e-02,2.948603406548500061e-02
7.929999999999999716e+00,9.413750522732735604e+00,2.922209529424770608e-02,3.468972444534301758e-02
6.049999999999999822e+00,9.941413571424781992e+00,2.229428455614106130e-02,3.663416579365730286e-02
2.999999999999999889e-02,8.579991408921777918e+00,1.105501713527655850e-04,3.161731734871864319e-02
1.000000000000000056e-01,6.858545517716557072e+00,3.685005711758853556e-04,2.527377940714359283e-02
2.700000000000000178e-01,5.497696048207581399e+00,9.949515421748904818e-04,2.025904133915901184e-02
4.410000000000000142e+00,4.683082976080477522e+00,1.625087518885654295e-02,1.725718751549720764e-02
6.540000000000000036e+00,5.469395006075501442e+00,2.409993735490290057e-02,2.015475183725357056e-02
3.699999999999999956e-01,6.642749945092946362e+00,1.363452113350775621e-03,2.447857148945331573e-02
8.109999999999999432e+00,6.515058109667152486e+00,2.988539632236429655e-02,2.400802634656429291e-02
1.110000000000000098e+00,7.061288946922868348e+00,4.090356340052327296e-03,2.602089010179042816e-02
1.310999999999999943e+01,6.365520538575947462e+00,4.831042488115856043e-02,2.345697954297065735e-02
4.580000000000000071e+00,8.301539785582573217e+00,1.687732615985554699e-02,3.059122152626514435e-02
1.887999999999999901e+01,7.994897311702370502e+00,6.957290783800713918e-02,2.946124225854873657e-02
8.820000000000000284e+00,1.063339957758784315e+01,3.250175037771308589e-02,3.918413817882537842e-02
1.574000000000000021e+01,1.024735395301133423e+01,5.800198990308434721e-02,3.776155784726142883e-02
2.408999999999999986e+01,1.163160093884915192e+01,8.877178759627077365e-02,4.286251589655876160e-02
2.023999999999999844e+01,1.292730139926075950e+01,7.458451560599918539e-02,4.763717949390411377e-02
5.300000000000000266e-01,1.462845333546400006e+01,1.953053027232192363e-03,5.390593409538269043e-02
1.689999999999999947e+00,1.165620399162173371e+01,6.227659652872461794e-03,4.295317828655242920e-02
5.669999999999999929e+00,7.861096919495612845e+00,2.089398238567269708e-02,2.896818704903125763e-02
6.500000000000000222e-01,6.020863482169807490e+00,2.395253712643254703e-03,2.218691632151603699e-02
2.594999999999999929e+01,6.022059414759278084e+00,9.562589822014223861e-02,2.219132333993911743e-02
6.030000000000000249e+00,1.011413737405091595e+01,2.222058444190588497e-02,3.727065399289131165e-02
1.189999999999999947e+00,1.044831207625567870e+01,4.385156796993035233e-03,3.850208967924118042e-02
1.166000000000000014e+01,9.544342722147703739e+00,4.296716659910822939e-02,3.517095744609832764e-02
2.859999999999999876e+00,7.769333608355373677e+00,1.053911633563031983e-02,2.863003872334957123e-02
3.899999999999999911e+00,7.438683520667255245e+00,1.437152227585952735e-02,2.741159126162528992e-02
2.839999999999999858e+00,7.488302086479961872e+00,1.046541622139514176e-02,2.759443596005439758e-02
1.703999999999999915e+01,6.254257359541952610e+00,6.279249732837086095e-02,2.304697409272193909e-02
6.620000000000000107e+00,8.719651668630540087e+00,2.439473781184360937e-02,3.213196620345115662e-02
1.382000000000000028e+01,9.296604730226100344e+00,5.092677893650734977e-02,3.425804153084754944e-02
1.489999999999999991e+00,1.065683197107166080e+01,5.490658510520691517e-03,3.927048668265342712e-02
4.000000000000000000e+00,8.337063937056809593e+00,1.474002284703541249e-02,3.072212822735309601e-02
2.549999999999999822e+00,7.556588523127138579e+00,9.396764564985074508e-03,2.784607186913490295e-02
1.130000000000000071e+01,6.026821915544569919e+00,4.164056454287504150e-02,2.220887318253517151e-02
1.269999999999999796e+00,7.670937572177499497e+00,4.679957253933743171e-03,2.826744876801967621e-02
8.210000000000000853e+00,7.279991454593837119e+00,3.025389689354018863e-02,2.682681009173393250e-02
9.910000000000000142e+00,7.911869464218616699e+00,3.651840660353023599e-02,2.915528416633605957e-02
1.982999999999999829e+01,8.077259965911506967e+00,7.307366326417805147e-02,2.976474910974502563e-02
6.429999999999999716e+00,1.108097861286252694e+01,2.369458672660942553e-02,4.083346948027610779e-02
2.899999999999999800e-01,1.071922164119780163e+01,1.068651656410067249e-03,3.950039297342300415e-02
0.000000000000000000e+00,8.621756043806671599e+00,0.000000000000000000e+00,3.177122026681900024e-02
0.000000000000000000e+00,5.581925893872976552e+00,0.000000000000000000e+00,2.056942880153656006e-02
0.000000000000000000e+00,4.652878348939120556e+00,0.000000000000000000e+00,1.714588329195976257e-02
1.800000000000000044e+00,4.611301747411489238e+00,6.633010281165935967e-03,1.699267327785491943e-02
4.000000000000000083e-02,4.935773524008691737e+00,1.474002284703541314e-04,1.818835362792015076e-02
8.599999999999999867e-01,4.955191506408154645e+00,3.169104912112613581e-03,1.825990900397300720e-02
6.019999999999999574e+00,5.031404661089181829e+00,2.218373438478829507e-02,1.854075491428375244e-02
4.299999999999999933e-01,5.859134576283395290e+00,1.584552456056306791e-03,2.159094437956809998e-02
4.699999999999999734e-01,5.929430745802819480e+00,1.731952684526660976e-03,2.184998616576194763e-02
5.300000000000000266e-01,5.634299754928797199e+00,1.953053027232192363e-03,2.076242677867412567e-02
2.999999999999999889e-02,4.856541726291180083e+00,1.105501713527655850e-04,1.789638400077819824e-02
0.000000000000000000e+00,4.783320930413902161e+00,0.000000000000000000e+00,1.762656494975090027e-02
1.005000000000000071e+01,4.692876885570585799e+00,3.703430740317647379e-02,1.729327812790870667e-02
1.199999999999999956e-01,6.415496974326670099e+00,4.422006854110623400e-04,2.364114299416542053e-02
0.000000000000000000e+00,6.489565436709672674e+00,0.000000000000000000e+00,2.391408570110797882e-02
2.589999999999999858e+00,6.061894180402159549e+00,9.544164793455428911e-03,2.233811467885971069e-02
3.160000000000000142e+00,5.095056985318660914e+00,1.164461804915797698e-02,1.877531409263610840e-02
2.220000000000000195e+00,5.663328162655234088e+00,8.180712680104654591e-03,2.086939662694931030e-02
3.089999999999999858e+00,5.968324333727359488e+00,1.138666764933485634e-02,2.199330925941467285e-02
0.000000000000000000e+00,6.031038513034582493e+00,0.000000000000000000e+00,2.222441136837005615e-02
0.000000000000000000e+00,5.504102829936892149e+00,0.000000000000000000e+00,2.028265036642551422e-02
7.399999999999999911e-01,5.053104317076503982e+00,2.726904226701551241e-03,1.862071827054023743e-02
2.939999999999999947e+00,4.744810485728085503e+00,1.083391679257102863e-02,1.748465374112129211e-02
5.179999999999999716e+00,5.279191177748144170e+00,1.908832958691085782e-02,1.945384964346885681e-02
7.519999999999999574e+00,6.195062740091234588e+00,2.771124295242657562e-02,2.282884158194065094e-02
2.270000000000000018e+00,7.335254053920507111e+00,8.364962965692597160e-03,2.703045308589935303e-02
1.511999999999999922e+01,7.141793002597987439e+00,5.571728636179385658e-02,2.631754800677299500e-02
1.679999999999999938e+00,8.784751647524535301e+00,6.190809595754872760e-03,3.237185999751091003e-02
1.028999999999999915e+01,7.999692667778581345e+00,3.791870877399859674e-02,2.947891317307949066e-02
1.410999999999999943e+01,8.884332496039569094e+00,5.199543059291741876e-02,3.273881599307060242e-02
2.435999999999999943e+01,9.250362677387894195e+00,8.976673913844565589e-02,3.408763930201530457e-02
6.700000000000000400e-01,1.288731499381363399e+01,2.468953826878431904e-03,4.748982936143875122e-02
4.490000000000000213e+00,1.105119554437697005e+01,1.654567564579725175e-02,4.072371870279312134e-02
1.100000000000000006e-01,8.949968268908559565e+00,4.053506282934738478e-04,3.298068419098854065e-02
0.000000000000000000e+00,5.562794005237519990e+00,0.000000000000000000e+00,2.049892768263816833e-02
3.060000000000000053e+00,5.273010339327156792e+00,1.127611747798209010e-02,1.943107321858406067e-02
9.349999999999999645e+00,5.178093931190669963e+00,3.445480340494527782e-02,1.908130571246147156e-02
3.421000000000000085e+01,6.855133622121066139e+00,1.260640453992703802e-01,2.526120655238628387e-02
1.580000000000000071e+00,1.274169023513793952e+01,5.822309024578988489e-03,4.695320129394531250e-02
1.140000000000000124e+00,1.223808433592319567e+01,4.200906511405092664e-03,4.509741067886352539e-02
2.701000000000000512e+01,9.855279129818082851e+00,9.953200427460663635e-02,3.631675988435745239e-02
2.689999999999999858e+01,9.816063054576515512e+00,9.912665364631315090e-02,3.617224842309951782e-02
8.320000000000000284e+00,1.431655047677457304e+01,3.065924752183366020e-02,5.275657027959823608e-02
2.328999999999999915e+01,1.452454468693584211e+01,8.582378302686369254e-02,5.352303013205528259e-02
1.657000000000000028e+01,1.391883768565952728e+01,6.106054464384419456e-02,5.129099637269973755e-02
1.000000000000000056e-01,1.287071144618093932e+01,3.685005711758853556e-04,4.742864519357681274e-02
1.124000000000000021e+01,1.084247245222330136e+01,4.141946420016950903e-02,3.995457291603088379e-02
1.068999999999999950e+01,8.964020224101840739e+00,3.939271105870213729e-02,3.303246572613716125e-02
1.701999999999999957e+01,8.599821851588785648e+00,6.271879721413567421e-02,3.169039264321327209e-02
7.700000000000000178e+00,1.114671446800231891e+01,2.837454398054316956e-02,4.107570648193359375e-02
1.280000000000000027e+00,1.055862497918307774e+01,4.716807311051332205e-03,3.890859335660934448e-02
3.149999999999999911e+00,8.639719295017421530e+00,1.160776799204038708e-02,3.183741495013237000e-02
1.239999999999999991e+00,6.509359991289675129e+00,4.569407082580977802e-03,2.398702874779701233e-02
4.639999999999999680e+00,5.604640525616705560e+00,1.709842650256107599e-02,2.065313234925270081e-02
6.099999999999999867e-01,6.125249290615320419e+00,2.247853484172900301e-03,2.257157862186431885e-02
1.560000000000000053e+00,5.761340044662356163e+00,5.748608910343811287e-03,2.123057097196578979e-02
7.419999999999999929e+00,5.667836919501423765e+00,2.734274238125069048e-02,2.088601142168045044e-02
2.019000000000000128e+01,6.320348051823676094e+00,7.440026532041124629e-02,2.329051867127418518e-02
1.700000000000000122e-01,9.777456571348011494e+00,6.264509709990051262e-04,3.602998331189155579e-02
1.123000000000000043e+01,9.335682307779789468e+00,4.138261414305192259e-02,3.440204262733459473e-02
9.640000000000000568e+00,9.473932317309081697e+00,3.552345506135534681e-02,3.491149470210075378e-02
4.309999999999999609e+00,8.422416928205638698e+00,1.588237461768065434e-02,3.103665448725223541e-02
6.400000000000000133e-01,8.728078798018396256e+00,2.358403655525666102e-03,3.216302022337913513e-02
2.609999999999999876e+00,6.889458808209747431e+00,9.617864907690606979e-03,2.538769505918025970e-02
1.293999999999999950e+01,5.814955835714936683e+00,4.768397391015955639e-02,2.142814546823501587e-02
3.169999999999999485e+00,7.498151091765612897e+00,1.168146810627556341e-02,2.763072960078716278e-02
1.900999999999999801e+01,7.922487788777798912e+00,7.005195858053579749e-02,2.919441275298595428e-02
1.489999999999999991e+00,1.037806847520172582e+01,5.490658510520691517e-03,3.824324160814285278e-02
6.570000000000000284e+00,8.779976004622877639e+00,2.421048752625566680e-02,3.235426172614097595e-02
6.500000000000000222e-01,8.731055992841721292e+00,2.395253712643254703e-03,3.217399120330810547e-02
9.349999999999999645e+00,6.159109447970986473e+00,3.445480340494527782e-02,2.269635349512100220e-02
2.160000000000000142e+00,7.337143991347402583e+00,7.959612337399123855e-03,2.703741751611232758e-02
1.240000000000000036e+01,6.819230876602232705e+00,4.569407082580977802e-02,2.512890473008155823e-02
2.750000000000000000e+00,8.542124927937985390e+00,1.013376570733684652e-02,3.147777915000915527e-02
1.189000000000000057e+01,7.687920724786818205e+00,4.381471791281276590e-02,2.833003178238868713e-02
1.819999999999999929e+01,8.983815284147858904e+00,6.706710395401112301e-02,3.310541063547134399e-02
1.853000000000000114e+01,1.040012296833097949e+01,6.828315583889155160e-02,3.832451254129409790e-02
1.024000000000000021e+01,1.281253028608858635e+01,3.773445848841065764e-02,4.721424728631973267e-02
1.355000000000000071e+01,1.227844276435673265e+01,4.993182739433246059e-02,4.524613171815872192e-02
5.879999999999999893e+00,1.145441387131810274e+01,2.166783358514205726e-02,4.220958054065704346e-02
5.500000000000000444e-01,9.565931175611913417e+00,2.026753141467369564e-03,3.525051102042198181e-02
2.950000000000000178e+00,7.703403148800134659e+00,1.087076684968861680e-02,2.838708460330963135e-02
5.100000000000000089e-01,6.081588652711361398e+00,1.879352912997015162e-03,2.241068892180919647e-02
8.230000000000000426e+00,5.332373278960585772e+00,3.032759700777536149e-02,1.964982599020004272e-02
1.046000000000000085e+01,6.601476117707789193e+00,3.854515974499760772e-02,2.432647719979286194e-02
1.146000000000000085e+01,8.071631601843982651e+00,4.223016545675645911e-02,2.974400855600833893e-02
1.544999999999999929e+01,9.722362797670067280e+00,5.693333824667427823e-02,3.582696244120597839e-02
4.429999999999999716e+00,1.090374605339020597e+01,1.632457530309171928e-02,4.018036648631095886e-02
2.880000000000000071e+01,9.812003151550889868e+00,1.061281644986549755e-01,3.615728765726089478e-02
1.260999999999999943e+01,1.263289575211703841e+01,4.646792202527913473e-02,4.655229300260543823e-02
1.360000000000000098e+00,1.260056412398815162e+01,5.011607767992041010e-03,4.643315076828002930e-02
1.149999999999999911e+00,1.111409573517739879e+01,4.237756568522680831e-03,4.095550626516342163e-02
5.600000000000000533e-01,6.855739170406013550e+00,2.063603198584958165e-03,2.526343800127506256e-02
5.700000000000000622e-01,5.121854266058653238e+00,2.100453255702546332e-03,1.887406222522258759e-02
5.899999999999999689e-01,4.983523887433111810e+00,2.174153369937723099e-03,1.836431398987770081e-02
2.880000000000000071e+01,4.904667650964110948e+00,1.061281644986549755e-01,1.807372830808162689e-02
1.700000000000000122e-01,9.882042544335126522e+00,6.264509709990051262e-04,3.641538321971893311e-02
3.629999999999999893e+00,9.893256813324988741e+00,1.337657073368463644e-02,3.645670786499977112e-02
5.330000000000000071e+00,9.312946446463465477e+00,1.964108044367468900e-02,3.431826084852218628e-02
3.299999999999999822e+00,6.268670217469334283e+00,1.216051884880421478e-02,2.310008555650711060e-02
5.000000000000000278e-02,6.708152698129415725e+00,1.842502855879426778e-04,2.471958100795745850e-02
1.739999999999999991e+00,5.992412822097540115e+00,6.411909938460404364e-03,2.208207547664642334e-02
2.620000000000000107e+00,5.405444962363690209e+00,9.654714964808195146e-03,1.991909556090831757e-02
1.441999999999999993e+01,5.415414268560708067e+00,5.313778236356266060e-02,1.995583251118659973e-02
7.049999999999999822e+00,7.916024900320917546e+00,2.597929026789991269e-02,2.917059697210788727e-02
1.446000000000000085e+01,8.877143758386374373e+00,5.328518259203302021e-02,3.271232545375823975e-02
2.478999999999999915e+01,1.048735831491649151e+01,9.135129159450196268e-02,3.864597529172897339e-02
2.919999999999999929e+00,1.258320945385843537e+01,1.076021667833585056e-02,4.636919870972633362e-02
2.899999999999999911e+00,1.156832164853811307e+01,1.068651656410067423e-02,4.262933135032653809e-02
6.490000000000000213e+00,9.133201720900833820e+00,2.391568706931495800e-02,3.365590050816535950e-02
1.085999999999999943e+01,6.730009554047137854e+00,4.001916202970114134e-02,2.480012364685535431e-02
1.959999999999999964e+00,8.160358578637241678e+00,7.222611195047351842e-03,3.007096797227859497e-02
8.660000000000000142e+00,7.873130548894405223e+00,3.191214946383166828e-02,2.901253104209899902e-02
1.250000000000000000e+00,8.056455995701252704e+00,4.606257139698566837e-03,2.968808636069297791e-02
2.598999999999999844e+01,6.714996707960962929e+00,9.577329844861258434e-02,2.474480122327804565e-02
2.003000000000000114e+01,1.064578854959458099e+01,7.381066440652983562e-02,3.922979161143302917e-02
8.769999999999999574e+00,1.297858193732798071e+01,3.231750009212513985e-02,4.782614856958389282e-02
1.080000000000000071e+00,1.331405669812113146e+01,3.979806168699561927e-03,4.906237497925758362e-02
1.992999999999999972e+01,9.207081644460558323e+00,7.344216383535394355e-02,3.392814844846725464e-02
1.479999999999999982e+00,9.581014281474054428e+00,5.453808453403102482e-03,3.530609235167503357e-02
4.790000000000000036e+00,8.651758484542369843e+00,1.765117735932490717e-02,3.188177943229675293e-02
3.621999999999999886e+01,8.541264624781906178e+00,1.334709068799056486e-01,3.147460892796516418e-02
9.939999999999997726e+00,1.204514896925538814e+01,3.662895677488299528e-02,4.438644275069236755e-02
6.580000000000000071e+00,1.342957286819815721e+01,2.424733758337325323e-02,4.948805272579193115e-02
2.240000000000000213e+00,1.254558357469737473e+01,8.254412794339832660e-03,4.623054713010787964e-02
2.620000000000000107e+00,7.630173760000616312e+00,9.654714964808195146e-03,2.811723388731479645e-02
3.169999999999999485e+00,6.433943451046943984e+00,1.168146810627556341e-02,2.370911836624145508e-02
1.900000000000000133e+00,5.989013563152402853e+00,7.001510852341821106e-03,2.206954918801784515e-02
1.158999999999999986e+01,5.917033180873841225e+00,4.270921619928511048e-02,2.180430106818675995e-02
5.040000000000000036e+00,7.485558922421187589e+00,1.857242878726462001e-02,2.758432738482952118e-02
2.910999999999999943e+01,7.913524865414947485e+00,1.072705162693002173e-01,2.916138432919979095e-02
1.100999999999999979e+01,1.226915330994874331e+01,4.057191288646497251e-02,4.521190002560615540e-02
2.669999999999999929e+01,1.245643554471433134e+01,9.838965250396138063e-02,4.590203613042831421e-02
8.835999999999999943e+01,1.525778581824153690e+01,3.256071046910122835e-01,5.622502788901329041e-02
1.670699999999999932e+02,2.527238682478666476e+01,6.156539042635515990e-01,9.312888979911804199e-02
3.763000000000000256e+01,4.579220830425619937e+01,1.386667649334856478e-01,1.687445491552352905e-01
2.480000000000000071e+01,4.377334065020084353e+01,9.138814165161955605e-02,1.613050103187561035e-01
6.103999999999999915e+01,3.424378584176302098e+01,2.249327486457604053e-01,1.261885464191436768e-01
4.431000000000000227e+01,2.420261450871825204e+01,1.632826030880348001e-01,8.918677270412445068e-02
2.596999999999999886e+01,2.556574110262095800e+01,9.569959833437741148e-02,9.420990198850631714e-02
2.930000000000000160e+00,2.444350343614816623e+01,1.079706673545344046e-02,9.007444977760314941e-02
1.481000000000000050e+01,1.564829167492687745e+01,5.457493459114861473e-02,5.766404420137405396e-02
2.060999999999999943e+01,1.138261343494057698e+01,7.594796771934995971e-02,4.194499552249908447e-02
4.230000000000000426e+00,1.136200861833989606e+01,1.558757416073995074e-02,4.186906665563583374e-02
2.941000000000000014e+01,1.112940528981387622e+01,1.083760179828278658e-01,4.101192206144332886e-02
3.250000000000000000e+01,1.339937632851302673e+01,1.197626856321627326e-01,4.937677830457687378e-02
3.600000000000000089e+00,1.608487278066575499e+01,1.326602056233187193e-02,5.927284806966781616e-02
9.429999999999999716e+00,1.493825143367052100e+01,3.474960386188598316e-02,5.504754185676574707e-02
5.100000000000000089e-01,1.144106956854462709e+01,1.879352912997015162e-03,4.216040670871734619e-02
1.269999999999999796e+00,6.952644081842154655e+00,4.679957253933743171e-03,2.562053315341472626e-02
5.799999999999999600e-01,6.274394114613532913e+00,2.137303312820134499e-03,2.312117815017700195e-02
3.000000000000000000e+00,5.026500124353915133e+00,1.105501713527655937e-02,1.852268166840076447e-02
6.999999999999998446e-01,5.441368937455117738e+00,2.579503998231196839e-03,2.005147561430931091e-02
5.799999999999999600e-01,5.380118082258850798e+00,2.137303312820134499e-03,1.982576586306095123e-02
1.678000000000000114e+01,5.275331439264118849e+00,6.183439584331355821e-02,1.943962648510932922e-02
1.698999999999999844e+01,7.807327466774731661e+00,6.260824704278290798e-02,2.877004630863666534e-02
1.189999999999999947e+00,1.075877840053290235e+01,4.385156796993035233e-03,3.964615985751152039e-02
1.949999999999999956e+00,1.023156622752547307e+01,7.185761137929763676e-03,3.770337998867034912e-02
2.600000000000000089e-01,7.577613887451589036e+00,9.581014850573018812e-04,2.792355045676231384e-02
1.175000000000000178e+01,5.192636693883687649e+00,4.329881711316652809e-02,1.913489587604999542e-02
3.292000000000000171e+01,7.037894968856126532e+00,1.213103880311014460e-01,2.593468315899372101e-02
1.183999999999999986e+01,1.256607011225074544e+01,4.363046762722481986e-02,4.630604013800621033e-02
1.280000000000000027e+00,1.413387202646583418e+01,4.716807311051332205e-03,5.208339914679527283e-02
4.349999999999999645e+00,1.151256975810974836e+01,1.602977484615101048e-02,4.242388531565666199e-02
2.657000000000000384e+01,7.304162839390337503e+00,9.791060176143273619e-02,2.691588178277015686e-02
3.430000000000000160e+00,1.028593010827898979e+01,1.263956959133286616e-02,3.790371119976043701e-02
1.084599999999999937e+02,1.059968297258019376e+01,3.996757194973651894e-01,3.905989229679107666e-02
4.764999999999999858e+01,2.626934575058519883e+01,1.755905221653093484e-01,9.680268913507461548e-02
8.859000000000000341e+01,2.999195737056434297e+01,3.264546560047167922e-01,1.105205342173576355e-01
1.297800000000000011e+02,3.926020444646477614e+01,4.782400412720639871e-01,1.446740776300430298e-01
5.789000000000000057e+01,4.365960270956158951e+01,2.133249806537200199e-01,1.608858853578567505e-01
5.052000000000000313e+01,4.296260551333427458e+01,1.861664885580572859e-01,1.583174467086791992e-01
1.876000000000000156e+01,3.732352556630969076e+01,6.913070715259608812e-02,1.375374048948287964e-01
4.089999999999999858e+00,2.381842798814177442e+01,1.507167336109370946e-02,8.777104318141937256e-02
7.179999999999999716e+00,1.543982333764433967e+01,2.645834101042856407e-02,5.689583718776702881e-02
1.179999999999999938e+00,9.274403651952743743e+00,4.348306739875446199e-03,3.417623043060302734e-02
1.230000000000000249e+01,6.732072866316884507e+00,4.532557025463389982e-02,2.480772696435451508e-02
1.909999999999999920e+00,8.041644325088709522e+00,7.038360909459409273e-03,2.963350526988506317e-02
1.359999999999999964e+01,7.383098434023558809e+00,5.011607767992039969e-02,2.720675989985466003e-02
1.962999999999999901e+01,9.117119814194738936e+00,7.233666212182628119e-02,3.359663859009742737e-02
1.268999999999999950e+01,1.083749866664409645e+01,4.676272248221984701e-02,3.993624448776245117e-02
2.371999999999999886e+01,1.227775937430560660e+01,8.740833548291999933e-02,4.524361342191696167e-02
7.349999999999999645e+00,1.378549575112760017e+01,2.708479198142756811e-02,5.079963058233261108e-02
3.390000000000000124e+00,1.192616226952523029e+01,1.249216936286251349e-02,4.394797608256340027e-02
1.719999999999999973e+00,9.865538068041205477e+00,6.338209824225227162e-03,3.635456413030624390e-02
6.899999999999999467e-01,6.592988837864250051e+00,2.542653941113608672e-03,2.429520152509212494e-02
5.799999999999999600e-01,5.540292680151760685e+00,2.137303312820134499e-03,2.041601017117500305e-02
1.741000000000000014e+01,5.091000115089118871e+00,6.415594944172163527e-02,1.876036450266838074e-02
3.999000000000000199e+01,7.916516213286667991e+00,1.473633784132365454e-01,2.917240746319293976e-02
4.164000000000000057e+01,1.480180998153984540e+01,1.534436378376386467e-01,5.454475432634353638e-02
1.020000000000000018e+00,2.103428074494004107e+01,3.758705825994030324e-03,7.751144468784332275e-02
1.275999999999999979e+01,1.729192966617643989e+01,4.702067288204296591e-02,6.372085958719253540e-02
5.799999999999999822e+00,1.277097693599760575e+01,2.137303312820134846e-02,4.706112295389175415e-02
3.359999999999999876e+00,8.136248860694468732e+00,1.238161919150974552e-02,2.998212352395057678e-02
1.700000000000000000e+01,8.079775164797903031e+00,6.264509709990050135e-02,2.977401763200759888e-02
3.370000000000000107e+00,9.073267604671418241e+00,1.241846924862733542e-02,3.343504294753074646e-02
2.120000000000000107e+00,8.785509846545755508e+00,7.812212108928769452e-03,3.237465396523475647e-02
2.410000000000000142e+00,8.005964995548129792e+00,8.880863765338836702e-03,2.950202673673629761e-02
5.999999999999999778e-01,5.920437999945134422e+00,2.211003427055311700e-03,2.181684784591197968e-02
3.040000000000000036e+00,5.471730259060859858e+00,1.120241736374691377e-02,2.016335725784301758e-02
6.730000000000000426e+00,5.614649763628840162e+00,2.480008844013708441e-02,2.069001644849777222e-02
1.306000000000000050e+01,6.470319818221033081e+00,4.812617459557062133e-02,2.384316548705101013e-02
4.440000000000000391e+00,8.611281777061522646e+00,1.636142536020930918e-02,3.173262253403663635e-02
2.430000000000000160e+00,8.741066241785883761e+00,8.954563879574013036e-03,3.221087902784347534e-02
8.499999999999999778e-01,7.709379273485392758e+00,3.132254854995024981e-03,2.840910665690898895e-02
6.199999999999999956e-01,5.849538304004818556e+00,2.284703541290488901e-03,2.155558206140995026e-02
5.100000000000000089e-01,5.229282474443316175e+00,1.879352912997015162e-03,1.926993578672409058e-02
5.100000000000000089e-01,4.941060193050653027e+00,1.879352912997015162e-03,1.820783503353595734e-02
5.100000000000000089e-01,4.887595536336302615e+00,1.879352912997015162e-03,1.801081746816635132e-02
5.100000000000000089e-01,4.871858357451856136e+00,1.879352912997015162e-03,1.795282587409019470e-02
5.100000000000000089e-01,4.871858357451856136e+00,1.879352912997015162e-03,1.795282587409019470e-02
6.600000000000000311e-01,4.871858357451856136e+00,2.432103769760843304e-03,1.795282587409019470e-02
9.269999999999999574e+00,4.898902305606752883e+00,3.416000294800456555e-02,1.805248297750949860e-02
6.690000000000000391e+00,6.468077570982277535e+00,2.465268821166672827e-02,2.383490279316902161e-02
5.100000000000000089e-01,7.613663723580539333e+00,1.879352912997015162e-03,2.805639430880546570e-02
9.399999999999999467e-01,7.248024267461151027e+00,3.463905369053321952e-03,2.670901082456111908e-02
5.100000000000000089e-01,5.828459865748881974e+00,1.879352912997015162e-03,2.147790789604187012e-02
5.100000000000000089e-01,4.952248177807778262e+00,1.879352912997015162e-03,1.824906282126903534e-02
4.429999999999999716e+00,4.933358407393098055e+00,1.632457530309171928e-02,1.817945390939712524e-02
6.300000000000000044e-01,5.576333417892455735e+00,2.321553598408077502e-03,2.054882049560546875e-02
0.000000000000000000e+00,5.622507232818752421e+00,0.000000000000000000e+00,2.071897126734256744e-02
1.799999999999999933e-01,5.361323844920844017e+00,6.633010281165935100e-04,1.975650899112224579e-02
3.754999999999999716e+01,4.734042037762701938e+00,1.383719644765449286e-01,1.744497194886207581e-02
3.489999999999999858e+01,1.122405481189489329e+01,1.286066993403839620e-01,4.136070609092712402e-02
1.600000000000000033e-01,1.730668320819735584e+01,5.896009138814165256e-04,6.377522647380828857e-02
0.000000000000000000e+00,1.576534142889082446e+01,0.000000000000000000e+00,5.809537321329116821e-02
4.199999999999999845e-01,9.492560761794447188e+00,1.547702398938718190e-03,3.498014062643051147e-02
0.000000000000000000e+00,4.710023303702473463e+00,0.000000000000000000e+00,1.735646277666091919e-02
0.000000000000000000e+00,4.690028584580868909e+00,0.000000000000000000e+00,1.728278212249279022e-02
0.000000000000000000e+00,4.671496178638189889e+00,0.000000000000000000e+00,1.721449010074138641e-02
1.800000000000000044e+00,4.611301747411489238e+00,6.633010281165935967e-03,1.699267327785491943e-02
0.000000000000000000e+00,4.935773524008691737e+00,0.000000000000000000e+00,1.818835362792015076e-02
1.520000000000000018e+00,4.947970924396067893e+00,5.601208681873456885e-03,1.823330111801624298e-02
7.399999999999999911e-01,5.142719397656619229e+00,2.726904226701551241e-03,1.895095035433769226e-02
2.946999999999999886e+01,5.029104285258799933e+00,1.085971183255333983e-01,1.853227801620960236e-02
2.128000000000000114e+01,1.015801890060305546e+01,7.841692154622839639e-02,3.743235766887664795e-02
6.219999999999999751e+00,1.371810500025749313e+01,2.292073552714006535e-02,5.055129528045654297e-02
4.009999999999999787e+00,1.353862008422613172e+01,1.477687290415300066e-02,4.988989233970642090e-02
1.820000000000000062e+00,9.441828148886560967e+00,6.706710395401113169e-03,3.479319065809249878e-02
3.819999999999999840e+00,6.565831159856170274e+00,1.407672181891881855e-02,2.419512532651424408e-02
2.160000000000000142e+00,6.207989527937025187e+00,7.959612337399123855e-03,2.287647686898708344e-02
0.000000000000000000e+00,5.970425050482154106e+00,0.000000000000000000e+00,2.200105041265487671e-02
2.629999999999999893e+00,5.558891302142292545e+00,9.691565021925783313e-03,2.048454619944095612e-02
1.386999999999999922e+01,5.393569038361310852e+00,5.111102922209528887e-02,1.987533271312713623e-02
0.000000000000000000e+00,7.575519741754979108e+00,0.000000000000000000e+00,2.791583351790904999e-02
2.899999999999999800e-01,7.526256013084203111e+00,1.068651656410067249e-03,2.773429639637470245e-02
7.199999999999999734e-01,6.628135911691933835e+00,2.653204112466374040e-03,2.442471869289875031e-02
2.999999999999999889e-02,4.795539054907858478e+00,1.105501713527655850e-04,1.767158880829811096e-02
0.000000000000000000e+00,4.793116861768067061e+00,0.000000000000000000e+00,1.766266301274299622e-02
0.000000000000000000e+00,4.720087637510150813e+00,0.000000000000000000e+00,1.739354990422725677e-02
5.500000000000000444e-01,4.615596186667680456e+00,2.026753141467369564e-03,1.700849831104278564e-02
4.280000000000000249e+00,4.710546966493129872e+00,1.577182444632789157e-02,1.735839247703552246e-02
2.180000000000000160e+00,5.484137427844107293e+00,8.033312451634300189e-03,2.020907774567604065e-02
6.650000000000000355e+00,5.878863925747573660e+00,2.450528798319637561e-02,2.166364714503288269e-02
7.399999999999999911e-01,6.817599232308566570e+00,2.726904226701551241e-03,2.512289211153984070e-02
1.100000000000000006e-01,6.287367910798638881e+00,4.053506282934738478e-04,2.316898666322231293e-02
0.000000000000000000e+00,5.716397544946521414e+00,0.000000000000000000e+00,2.106495760381221771e-02
1.889999999999999902e+00,4.737927049547433711e+00,6.964660795224232072e-03,1.745928823947906494e-02
2.099999999999999922e-01,4.967728074491024159e+00,7.738511994693590950e-04,1.830610632896423340e-02
1.050000000000000044e+00,5.002612811457366249e+00,3.869255997346796126e-03,1.843465678393840790e-02
1.900000000000000022e-01,5.110236129723489285e+00,7.001510852341821106e-04,1.883124932646751404e-02
2.999999999999999889e-02,4.872232402302325127e+00,1.105501713527655850e-04,1.795420423150062561e-02
0.000000000000000000e+00,4.802677751425653341e+00,0.000000000000000000e+00,1.769789494574069977e-02
0.000000000000000000e+00,4.644162092991173552e+00,0.000000000000000000e+00,1.711376383900642395e-02
0.000000000000000000e+00,4.615596186667680456e+00,0.000000000000000000e+00,1.700849831104278564e-02
0.000000000000000000e+00,4.611301747411489238e+00,0.000000000000000000e+00,1.699267327785491943e-02
1.275000000000000000e+01,4.611301747411489238e+00,4.698382282492537948e-02,1.699267327785491943e-02
2.620000000000000107e+00,6.889933946263044895e+00,9.654714964808195146e-03,2.538944594562053680e-02
8.369999999999999218e+00,7.425860858820378496e+00,3.084349780742159930e-02,2.736433967947959900e-02
6.400000000000000133e-01,8.388636129014194864e+00,2.358403655525666102e-03,3.091217204928398132e-02
2.099999999999999922e-01,6.645695295557380256e+00,7.738511994693590950e-04,2.448942512273788452e-02
0.000000000000000000e+00,5.958914578408003315e+00,0.000000000000000000e+00,2.195863425731658936e-02
1.219999999999999973e+00,4.742344317045063207e+00,4.495706968345800601e-03,1.747556589543819427e-02
3.099999999999999978e-01,4.861395210959017277e+00,1.142351770645244451e-03,1.791426911950111389e-02
0.000000000000000000e+00,4.895587964951991999e+00,0.000000000000000000e+00,1.804026961326599121e-02
3.900000000000000133e-01,4.844043573625385513e+00,1.437152227585952822e-03,1.785032823681831360e-02
7.509999999999999787e+00,4.726101166680455101e+00,2.767439289530898572e-02,1.741570979356765747e-02
4.049999999999999822e+00,6.031803788580000436e+00,1.492427313262335506e-02,2.222723141312599182e-02
3.950000000000000178e+00,6.784757083505391861e+00,1.455577256144746992e-02,2.500186860561370850e-02
2.999999999999999889e-02,7.134703336283564568e+00,1.105501713527655850e-04,2.629142254590988159e-02
3.499999999999999223e-01,5.927770795412361515e+00,1.289751999115598419e-03,2.184386923909187317e-02
4.910000000000000142e+00,5.244267519898712315e+00,1.809337804473596864e-02,1.932515576481819153e-02
6.800000000000000488e-01,5.563945456817746660e+00,2.505803883996020505e-03,2.050317078828811646e-02
5.189999999999999503e+00,5.697479468435049377e+00,1.912517964402844772e-02,2.099524438381195068e-02
1.493999999999999950e+01,6.368862174395472309e+00,5.505398533367726610e-02,2.346929349005222321e-02
8.470000000000000639e+00,8.330352359320968958e+00,3.121199837859748791e-02,3.069739602506160736e-02
3.300000000000000155e-01,9.575206476971507286e+00,1.216051884880421652e-03,3.528469055891036987e-02
1.923000000000000398e+01,8.322641980741172674e+00,7.086265983712275451e-02,3.066898323595523834e-02
5.290000000000000036e+00,9.280038587078452750e+00,1.949368021520433286e-02,3.419699519872665405e-02
1.080000000000000071e+00,9.101474630124867460e+00,3.979806168699561927e-03,3.353898599743843079e-02
4.500000000000000000e+00,8.475189601946622631e+00,1.658252570291483818e-02,3.123112209141254425e-02
2.099999999999999922e-01,6.373534702230244875e+00,7.738511994693590950e-04,2.348651178181171417e-02
2.999999999999999889e-02,5.640871318578720484e+00,1.105501713527655850e-04,2.078664302825927734e-02
1.780000000000000071e+01,5.298466618731618283e+00,6.559310166930758246e-02,1.952487975358963013e-02
2.280000000000000249e+00,7.815070195179433021e+00,8.401813022810185327e-03,2.879857830703258514e-02
1.042999999999999972e+01,8.272345585003495927e+00,3.843460957364483455e-02,3.048364073038101196e-02
1.860000000000000098e+00,9.387485497705638338e+00,6.854110623871467571e-03,3.459293767809867859e-02
1.889999999999999902e+00,7.190398109052330788e+00,6.964660795224232072e-03,2.649665810167789459e-02
3.620000000000000107e+00,6.774614907931536756e+00,1.333972067656704827e-02,2.496449463069438934e-02
5.000000000000000278e-02,5.880318656936288413e+00,1.842502855879426778e-04,2.166900783777236938e-02
6.199999999999999956e-01,5.564370553735643377e+00,2.284703541290488901e-03,2.050473727285861969e-02
1.929999999999999938e+00,5.249616361260414088e+00,7.112061023694586474e-03,1.934486627578735352e-02
1.949999999999999956e+00,5.082363722771406245e+00,7.185761137929763676e-03,1.872853934764862061e-02
3.629999999999999893e+00,5.411705158948898031e+00,1.337657073368463644e-02,1.994216442108154297e-02
8.939999999999999503e+00,5.903183917552232707e+00,3.294395106312414390e-02,2.175326645374298096e-02
1.900000000000000133e+00,7.163182302452623773e+00,7.001510852341821106e-03,2.639636769890785217e-02
1.000000000000000056e-01,7.116611696705222201e+00,3.685005711758853556e-04,2.622475475072860718e-02
8.999999999999999667e-02,6.252224375233054410e+00,3.316505140582967550e-04,2.303948253393173218e-02
8.999999999999999667e-02,4.918171680998057127e+00,3.316505140582967550e-04,1.812349073588848114e-02
6.950000000000000178e+00,4.658759951479733097e+00,2.561078969672403102e-02,1.716755703091621399e-02
9.320000000000000284e+00,5.888711414635181107e+00,3.434425323359251159e-02,2.169993519783020020e-02
1.010000000000000009e+00,7.577576482966541960e+00,3.721855768876441723e-03,2.792341262102127075e-02
3.540000000000000480e+00,7.490192529372871277e+00,1.304492021962634120e-02,2.760140225291252136e-02
0.000000000000000000e+00,6.757062600590288959e+00,0.000000000000000000e+00,2.489981427788734436e-02
4.500000000000000111e-01,5.415474924482404973e+00,1.658252570291483992e-03,1.995605602860450745e-02
5.200000000000000178e-01,5.198289320319891438e+00,1.916202970114603762e-03,1.915572583675384521e-02
1.199999999999999956e-01,4.789441112913191745e+00,4.422006854110623400e-04,1.764911785721778870e-02
3.060999999999999943e+01,4.794822304099798593e+00,1.127980248369384875e-01,1.766894757747650146e-02
1.199999999999999956e-01,1.009984784983098471e+01,4.422006854110623400e-04,3.721799701452255249e-02
8.900000000000000355e+00,1.013009695798158738e+01,3.279655083465379123e-02,3.732946515083312988e-02
4.817000000000000171e+01,1.047529183022677834e+01,1.775067251354239539e-01,3.860151022672653198e-02
2.509999999999999787e+00,1.460463577687740333e+01,9.249364336514720106e-03,5.381816625595092773e-02
7.099999999999999645e-01,1.462103309437632603e+01,2.616354055348785439e-03,5.387859046459197998e-02
4.799999999999999822e-01,1.178337924078106980e+01,1.768802741644249360e-03,4.342181980609893799e-02
2.640000000000000124e+00,5.189388063810765672e+00,9.728415079043373215e-03,1.912292465567588806e-02
6.150000000000001243e+00,5.278131720982491615e+00,2.266278512731694991e-02,1.944994553923606873e-02
8.199999999999999512e-01,6.275784146152436627e+00,3.021704683642259612e-03,2.312630042433738708e-02
2.285999999999999943e+01,6.274975400529801739e+00,8.423923057080738575e-02,2.312332019209861755e-02
6.300000000000000044e-01,9.677590640000998334e+00,2.321553598408077502e-03,3.566197678446769714e-02
4.799999999999999822e-01,8.978385568223893998e+00,1.768802741644249360e-03,3.308540210127830505e-02
1.610000000000000098e+00,8.025436557345091870e+00,5.932859195931753857e-03,2.957377955317497253e-02
4.799999999999999822e-01,5.081529703848064017e+00,1.768802741644249360e-03,1.872546598315238953e-02
4.799999999999999822e-01,5.067616246342659281e+00,1.768802741644249360e-03,1.867419481277465820e-02
4.799999999999999822e-01,5.018073500432073786e+00,1.768802741644249360e-03,1.849162951111793518e-02
1.320000000000000062e+00,4.856551835611462309e+00,4.864207539521686607e-03,1.789642125368118286e-02
4.799999999999999822e-01,5.007886338382959046e+00,1.768802741644249360e-03,1.845408976078033447e-02
4.799999999999999822e-01,5.013527339100837921e+00,1.768802741644249360e-03,1.847487688064575195e-02
5.849999999999999645e+00,4.976647527776658642e+00,2.155728341378929103e-02,1.833897456526756287e-02
6.800000000000000488e-01,5.820583694316447065e+00,2.505803883996020505e-03,2.144888415932655334e-02
1.063000000000000078e+01,5.889227495435625848e+00,3.917161071599661176e-02,2.170183695852756500e-02
9.570000000000000284e+00,7.467985385507345697e+00,3.526550466153222790e-02,2.751956880092620850e-02
2.660000000000000142e+00,8.372993472274393056e+00,9.802115193278549549e-03,3.085452876985073090e-02
2.207999999999999829e+01,8.339814177639782500e+00,8.136492611563547750e-02,3.073226287961006165e-02
8.800000000000000044e-01,1.035301656860858266e+01,3.242805026347790782e-03,3.815092518925666809e-02
1.390000000000000036e+01,9.139629226736724732e+00,5.122157939344806205e-02,3.367958590388298035e-02
1.399999999999999689e+00,1.032823660273104949e+01,5.159007996462393678e-03,3.805961087346076965e-02
9.000000000000000222e-01,7.537804900575429734e+00,3.316505140582967984e-03,2.777685411274433136e-02
1.035999999999999943e+01,6.998628852479160223e+00,3.817665917382171564e-02,2.578998729586601257e-02
5.549999999999999822e+00,6.832557488065212681e+00,2.045178170026163561e-02,2.517801336944103241e-02
6.899999999999999467e-01,7.642287758495658778e+00,2.542653941113608672e-03,2.816187404096126556e-02
1.592999999999999972e+01,7.225031123943627342e+00,5.870214098831853106e-02,2.662428095936775208e-02
1.070000000000000062e+00,8.361186797115951919e+00,3.942956111581972893e-03,3.081102110445499420e-02
9.699999999999999734e-01,7.815588803309947430e+00,3.574455540406087321e-03,2.880048938095569611e-02
2.529999999999999805e+00,7.233606860339641287e+00,9.323064450749898174e-03,2.665588259696960449e-02
5.500000000000000444e-01,5.401219771951437210e+00,2.026753141467369564e-03,1.990352571010589600e-02
2.999999999999999889e-02,5.321363723706453719e+00,1.105501713527655850e-04,1.960925571620464325e-02
0.000000000000000000e+00,5.081342681422829521e+00,0.000000000000000000e+00,1.872477680444717407e-02
0.000000000000000000e+00,4.695738834142685114e+00,0.000000000000000000e+00,1.730382442474365234e-02
3.080000000000000071e+01,4.615596186667680456e+00,1.134981759221726783e-01,1.700849831104278564e-02
5.799999999999999600e-01,1.003746626716107215e+01,2.137303312820134499e-03,3.698812052607536316e-02
7.000000000000000666e-02,1.022785004138946618e+01,2.579503998231197706e-04,3.768968582153320312e-02
0.000000000000000000e+00,9.027689734175801561e+00,0.000000000000000000e+00,3.326708823442459106e-02
0.000000000000000000e+00,4.707530345320702025e+00,0.000000000000000000e+00,1.734727621078491211e-02
0.000000000000000000e+00,4.621333225928246691e+00,0.000000000000000000e+00,1.702963933348655701e-02
0.000000000000000000e+00,4.611301747411489238e+00,0.000000000000000000e+00,1.699267327785491943e-02
6.669999999999999929e+00,4.611301747411489238e+00,2.457898809743155194e-02,1.699267327785491943e-02
2.250000000000000000e+00,5.809053003601730047e+00,8.291262851457419092e-03,2.140639349818229675e-02
1.801000000000000156e+01,6.253737740479409446e+00,6.636695286877694611e-02,2.304505929350852966e-02
1.050000000000000044e+00,9.168148630186916392e+00,3.869255997346796126e-03,3.378468006849288940e-02
2.612999999999999901e+01,8.398041335139422969e+00,9.628919924825883603e-02,3.094683028757572174e-02
1.310000000000000053e+00,1.191790093299001541e+01,4.827357482404097573e-03,4.391753301024436951e-02
5.600000000000000533e-01,9.698863682672381969e+00,2.063603198584958165e-03,3.574036806821823120e-02
6.150000000000001243e+00,8.611276722401381534e+00,2.266278512731694991e-02,3.173260390758514404e-02
2.523999999999999844e+01,6.007284137699753224e+00,9.300954416479344233e-02,2.213687635958194733e-02
1.755000000000000071e+01,1.028352004632353811e+01,6.467185024136787308e-02,3.789483010768890381e-02
6.600000000000000311e-01,1.308226110428571687e+01,2.432103769760843304e-03,4.820820689201354980e-02
1.053999999999999915e+01,1.137089167807251222e+01,3.883996020193830612e-02,4.190180078148841858e-02
2.803999999999999915e+01,9.078372811414300969e+00,1.033275601577182401e-01,3.345385566353797913e-02
1.400999999999999979e+01,1.157104611035436470e+01,5.162693002174153362e-02,4.263937100768089294e-02
4.049999999999999822e+00,1.353233006514608938e+01,1.492427313262335506e-02,4.986671358346939087e-02
1.055000000000000071e+01,1.172865850102156493e+01,3.887681025905590643e-02,4.322017356753349304e-02
3.044000000000000128e+01,9.206773310191929127e+00,1.121715738659394973e-01,3.392701223492622375e-02
8.000000000000000167e-02,1.244948235422372917e+01,2.948004569407082628e-04,4.587641358375549316e-02
0.000000000000000000e+00,1.150164259381592302e+01,0.000000000000000000e+00,4.238361865282058716e-02
2.569999999999999840e+00,8.876557417809962658e+00,9.470464679220252577e-03,3.271016478538513184e-02
5.000000000000000000e-01,5.085750850532203771e+00,1.842502855879426561e-03,1.874102093279361725e-02
5.000000000000000000e+00,5.181540198475122594e+00,1.842502855879426735e-02,1.909400522708892822e-02
2.339999999999999858e+00,5.969752275217324211e+00,8.622913365515716064e-03,2.199857123196125031e-02
4.709999999999999964e+00,6.033381348010152578e+00,1.735637690238419836e-02,2.223304472863674164e-02
8.140000000000000568e+00,6.602983417361975249e+00,2.999594649371706626e-02,2.433203160762786865e-02
9.679999999999999716e+00,7.274731069784611925e+00,3.567085528982569947e-02,2.680742554366588593e-02
1.280000000000000027e+00,8.504376726001501297e+00,4.716807311051332205e-03,3.133867681026458740e-02
2.999999999999999889e-02,7.768835218865424608e+00,1.105501713527655850e-04,2.862820215523242950e-02
4.000000000000000083e-02,6.229470822606235636e+00,1.474002284703541314e-04,2.295563556253910065e-02
0.000000000000000000e+00,4.807431153822689929e+00,0.000000000000000000e+00,1.771541126072406769e-02
0.000000000000000000e+00,4.623110444433986999e+00,0.000000000000000000e+00,1.703618839383125305e-02
1.729999999999999982e+00,4.617044852264225341e+00,6.375059881342816197e-03,1.701383665204048157e-02
1.515000000000000036e+01,4.923173267208039938e+00,5.582783653314662975e-02,1.814192160964012146e-02
3.740000000000000213e+00,7.634693131633103036e+00,1.378192136197811148e-02,2.813388779759407043e-02
2.000000000000000111e-01,8.296831875126809308e+00,7.370011423517707112e-04,3.057387284934520721e-02
2.999999999999999889e-02,7.474736895058303965e+00,1.105501713527655850e-04,2.754444815218448639e-02
7.600000000000000533e+00,5.188463061004877197e+00,2.800604340936728442e-02,1.911951601505279541e-02
1.621000000000000085e+01,6.009180646184831609e+00,5.973394258761101361e-02,2.214386500418186188e-02
1.100000000000000006e-01,8.901716483198105934e+00,4.053506282934738478e-04,3.280287608504295349e-02
2.300000000000000100e-01,8.650526158399880927e+00,8.475513137045362962e-04,3.187723830342292786e-02
1.356000000000000050e+01,6.964498776271939029e+00,4.996867745145005396e-02,2.566421777009963989e-02
9.500000000000000666e-01,7.091558779180050287e+00,3.500755426170910553e-03,2.613243460655212402e-02
2.999999999999999889e-02,7.305431053619831694e+00,1.105501713527655850e-04,2.692055515944957733e-02
2.241000000000000014e+01,6.712939461283386144e+00,8.258097800051590609e-02,2.473722025752067566e-02
7.540000000000000036e+00,8.725310866124928566e+00,2.778494306666175195e-02,3.215282037854194641e-02
1.429999999999999938e+00,1.001547546274960077e+01,5.269558167815159913e-03,3.690708428621292114e-02
1.821999999999999886e+01,9.374660813994704966e+00,6.714080406824629588e-02,3.454567864537239075e-02
3.399999999999999911e+00,9.175963134765625639e+00,1.252901941998009992e-02,3.381347656250000000e-02
1.739999999999999991e+00,8.739912768341600469e+00,6.411909938460404364e-03,3.220662847161293030e-02
1.366999999999999993e+01,8.112346383817493845e+00,5.037402807974352553e-02,2.989404276013374329e-02
8.369999999999999218e+00,7.855446820389479612e+00,3.084349780742159930e-02,2.894736640155315399e-02
1.199999999999999956e-01,8.854604017883540124e+00,4.422006854110623400e-04,3.262926638126373291e-02
2.242000000000000171e+01,8.092177784387022399e+00,8.261782805763349946e-02,2.981972135603427887e-02
1.825000000000000000e+01,9.782055301144719550e+00,6.725135423959907599e-02,3.604692965745925903e-02
2.250000000000000000e+00,1.190195853490382483e+01,8.291262851457419092e-03,4.385878518223762512e-02
1.092999999999999972e+01,1.139512371879071040e+01,4.027711242952426718e-02,4.199109598994255066e-02
2.075000000000000000e+01,9.531685853153467392e+00,7.646386851899619752e-02,3.512431681156158447e-02
1.359999999999999964e+01,1.060247819963842630e+01,5.011607767992039969e-02,3.907019272446632385e-02
2.140000000000000124e+00,1.227002170056104724e+01,7.885912223163945786e-03,4.521510004997253418e-02
1.219999999999999973e+00,1.034433670621365309e+01,4.495706968345800601e-03,3.811893984675407410e-02
5.959999999999999964e+00,7.149444241654127730e+00,2.196263404208276607e-02,2.634574286639690399e-02
1.378999999999999915e+01,6.214051581844687533e+00,5.081622876515458354e-02,2.289881557226181030e-02
5.559999999999999609e+00,8.344692935608327033e+00,2.048863175737922204e-02,3.075024113059043884e-02
4.290000000000000036e+00,8.963176095858216286e+00,1.580867450344548147e-02,3.302935510873794556e-02
9.109999999999999432e+00,8.344047960974275924e+00,3.357040203412314794e-02,3.074786439538002014e-02
1.085999999999999943e+01,7.821843945235014139e+00,4.001916202970114134e-02,2.882353961467742920e-02
4.330000000000000071e+00,8.829263995662332221e+00,1.595607473191583414e-02,3.253588825464248657e-02
9.599999999999999645e-01,8.657425769492984813e+00,3.537605483288498720e-03,3.190266340970993042e-02
7.559999999999999609e+00,7.120820206739008285e+00,2.785864318089692829e-02,2.624026313424110413e-02
5.950000000000000178e+00,6.760998664442450234e+00,2.192578398496517617e-02,2.491431869566440582e-02
1.300000000000000044e-01,7.212914092652499498e+00,4.790507425286509406e-04,2.657962962985038757e-02
2.479999999999999982e+00,6.806419335007667826e+00,9.138814165161955605e-03,2.508169412612915039e-02
1.819999999999999929e+01,5.929366046153009329e+00,6.706710395401112301e-02,2.184974774718284607e-02
1.122000000000000064e+01,8.327154275849462550e+00,4.134576408593433616e-02,3.068561106920242310e-02
6.469999999999999751e+00,1.026157776664942567e+01,2.384198695507977819e-02,3.781397268176078796e-02
5.559999999999999609e+00,1.034398389093577819e+01,2.048863175737922204e-02,3.811763972043991089e-02
2.180000000000000160e+00,8.377958159465343613e+00,8.033312451634300189e-03,3.087282367050647736e-02
2.870000000000000107e+00,6.949198825489729892e+00,1.057596639274790973e-02,2.560783736407756805e-02
3.629999999999999893e+00,6.323715971875936148e+00,1.337657073368463644e-02,2.330292947590351105e-02
4.370000000000000107e+00,6.109143121540546950e+00,1.610347496038619028e-02,2.251222729682922363e-02
8.410000000000000142e+00,6.479480884261429097e+00,3.099089803589195544e-02,2.387692406773567200e-02
1.178999999999999915e+01,7.441723898742347743e+00,4.344621734163687382e-02,2.742279507219791412e-02
1.848000000000000043e+01,8.877744252011179782e+00,6.809890555330361250e-02,3.271453827619552612e-02
8.070000000000000284e+00,1.120861181423068054e+01,2.973799609389394735e-02,4.130379855632781982e-02
1.380000000000000071e+01,1.102751951627433336e+01,5.085307882227217691e-02,4.063647240400314331e-02
3.439999999999999947e+00,1.110736494973301980e+01,1.267641964845045432e-02,4.093070328235626221e-02
2.000000000000000111e-01,8.880234177596866729e+00,7.370011423517707112e-04,3.272371366620063782e-02
8.949999999999999289e+00,7.232491296846419893e+00,3.298080112024173033e-02,2.665177173912525177e-02
1.057000000000000028e+01,6.741268304046243109e+00,3.895051037329107929e-02,2.484161220490932465e-02
8.339999999999999858e+00,8.178433537837118905e+00,3.073294763606883653e-02,3.013757430016994476e-02
2.596000000000000085e+01,9.292475072890519883e+00,9.566274827725983199e-02,3.424282371997833252e-02
2.410000000000000142e+00,1.218057746749371262e+01,8.880863765338836702e-03,4.488549754023551941e-02
7.490000000000000213e+00,1.085517279129475376e+01,2.760069278107380938e-02,4.000137373805046082e-02
7.400000000000000355e+00,1.001002249538898425e+01,2.726904226701551415e-02,3.688699007034301758e-02
1.800000000000000000e+01,7.661458568014204218e+00,6.633010281165935274e-02,2.823251858353614807e-02
1.639999999999999858e+01,1.021459874436259341e+01,6.043409367284518358e-02,3.764085471630096436e-02
1.900000000000000022e-01,1.180223514497280135e+01,7.001510852341821106e-04,4.349130392074584961e-02
3.729999999999999982e+00,1.011675366614013960e+01,1.374507130486052157e-02,3.728029504418373108e-02
2.790000000000000036e+00,7.629581353832036505e+00,1.028116593580720092e-02,2.811505086719989777e-02
5.559999999999999609e+00,5.835411034375429296e+00,2.048863175737922204e-02,2.150352299213409424e-02
5.889999999999999680e+00,6.658385525308549546e+00,2.170468364225964369e-02,2.453618869185447693e-02
5.009999999999999787e+00,7.093958226349204921e+00,1.846187861591185378e-02,2.614127658307552338e-02
8.640000000000000568e+00,7.386557843424379932e+00,3.183844934959649542e-02,2.721950784325599670e-02
5.110000000000000320e+00,7.916395912375301158e+00,1.883037918708774239e-02,2.917196415364742279e-02
2.500000000000000000e+00,7.827224125489593121e+00,9.212514279397133674e-03,2.884336560964584351e-02
7.110000000000000320e+00,7.227985067330300772e+00,2.620039061060544863e-02,2.663516625761985779e-02
2.442000000000000171e+01,7.075401558037847316e+00,8.998783948115120224e-02,2.607289515435695648e-02
6.970000000000000639e+00,1.058529134422540707e+01,2.568448981095920736e-02,3.900685906410217285e-02
4.900000000000000355e+00,1.122791151758283412e+01,1.805652798761838221e-02,4.137491807341575623e-02
4.754999999999999716e+01,1.015919158175587711e+01,1.752220215941334702e-01,3.743667900562286377e-02
3.960000000000000142e+01,1.472085252285003598e+01,1.459262261856505982e-01,5.424642562866210938e-02
3.000000000000000000e+01,2.030322524867951728e+01,1.105501713527655971e-01,7.481750100851058960e-02
6.495999999999999375e+01,2.279759893529117321e+01,2.393779710358550916e-01,8.400928229093551636e-02
4.702000000000000313e+01,2.585570067070424471e+01,1.732689685669012991e-01,9.527840465307235718e-02
1.305000000000000071e+01,2.717224553860723901e+01,4.808932453845303490e-02,1.001298800110816956e-01
4.459999999999999964e+00,2.316526682652533253e+01,1.643512547444448552e-02,8.536414057016372681e-02
3.520000000000000018e+00,1.410426283828914151e+01,1.297122010539116313e-02,5.197428911924362183e-02
1.419999999999999929e+01,7.905553666371852195e+00,5.232708110697571052e-02,2.913201041519641876e-02
1.159999999999999964e+01,8.424527754280715541e+00,4.274606625640269691e-02,3.104443289339542389e-02
5.900000000000000355e+00,9.764232569485903568e+00,2.174153369937723360e-02,3.598125278949737549e-02
2.189999999999999947e+00,9.766028995700180459e+00,8.070162508751888356e-03,3.598787263035774231e-02
1.073000000000000043e+01,7.728787652030587374e+00,3.954011128717249690e-02,2.848062664270401001e-02
1.046000000000000085e+01,7.770890443678945658e+00,3.854515974499760772e-02,2.863577567040920258e-02
3.339999999999999858e+00,8.758632196709513096e+00,1.230791907727456919e-02,3.227560967206954956e-02
9.140000000000000568e+00,8.633822528496384763e+00,3.368095220547592111e-02,3.181568533182144165e-02
4.040000000000000036e+00,8.337610345818102786e+00,1.488742307550576689e-02,3.072414174675941467e-02
2.558999999999999986e+01,7.494088661409914920e+00,9.429929616390905767e-02,2.761575952172279358e-02
3.339999999999999858e+00,1.114962089758366304e+01,1.230791907727456919e-02,4.108641669154167175e-02
1.265000000000000036e+01,1.037317152045667257e+01,4.661532225374949434e-02,3.822519630193710327e-02
4.459999999999999964e+00,1.102884788095951052e+01,1.643512547444448552e-02,4.064136743545532227e-02
7.000000000000000666e-02,8.201520698033274215e+00,2.579503998231197706e-04,3.022265061736106873e-02
0.000000000000000000e+00,7.234958476461470056e+00,0.000000000000000000e+00,2.666086331009864807e-02
2.950000000000000178e+00,5.261290604323148656e+00,1.087076684968861680e-02,1.938788592815399170e-02
9.200000000000000400e-01,5.152603280097245886e+00,3.390205254818145185e-03,1.898737251758575439e-02
9.500000000000000666e-01,5.327791735008359453e+00,3.500755426170910553e-03,1.963294297456741333e-02
1.306000000000000050e+01,5.375744284838438247e+00,4.812617459557062133e-02,1.980964839458465576e-02
2.125000000000000000e+01,7.251753595713526401e+00,7.830637137487563015e-02,2.672275342047214508e-02
4.006000000000000227e+01,1.089005297906696867e+01,1.476213288130596712e-01,4.012990742921829224e-02
5.221000000000000085e+01,1.714174762591719769e+01,1.923941482109297330e-01,6.316743791103363037e-02
2.703000000000000114e+01,2.321192942708730911e+01,9.960570438884180922e-02,8.553609251976013184e-02
5.289999999999999858e+01,2.332760633535683326e+01,1.949368021520433147e-01,8.596236258745193481e-02
3.347999999999999687e+01,2.505230287849903092e+01,1.233739912296863972e-01,9.231787919998168945e-02
4.775000000000000000e+01,2.290353450253605772e+01,1.759590227364852266e-01,8.439965546131134033e-02
4.132000000000000028e+01,2.533053159132600030e+01,1.522644360098758254e-01,9.334315359592437744e-02
8.509999999999999787e+00,2.417222589194774685e+01,3.135939860706783711e-02,8.907479047775268555e-02
3.709999999999999964e+00,1.948392549566924714e+01,1.367137119062534524e-02,7.179837673902511597e-02
1.923999999999999844e+01,1.246265277668833704e+01,7.089950989424033401e-02,4.592494666576385498e-02
1.561999999999999922e+01,9.904240589812397744e+00,5.755978921767328227e-02,3.649718314409255981e-02
1.717000000000000171e+01,1.138093124404549705e+01,6.327154807089951927e-02,4.193879663944244385e-02
1.096200000000000045e+02,1.311672175526618922e+01,4.039503261230055209e-01,4.833519458770751953e-02
1.285900000000000034e+02,2.730921671912074089e+01,4.738548844750709588e-01,1.006346195936203003e-01
4.138000000000000256e+01,4.278877372920513267e+01,1.524855363525813579e-01,1.576768755912780762e-01
8.832999999999999829e+01,4.242971493512391845e+01,3.254965545196594756e-01,1.563537418842315674e-01
2.930000000000000160e+00,4.032644254416227625e+01,1.079706673545344046e-02,1.486031711101531982e-01
5.992999999999999972e+01,2.461835828348994326e+01,2.208423923057080684e-01,9.071879088878631592e-02
1.280000000000000027e+00,2.649871005289256587e+01,4.716807311051332205e-03,9.764789789915084839e-02
1.000000000000000000e+00,1.548347336076199987e+01,3.685005711758853122e-03,5.705668777227401733e-02
4.400000000000000022e-01,1.312728599496185744e+01,1.621402513173895391e-03,4.837412387132644653e-02
2.000000000000000111e-01,5.060836936160922228e+00,7.370011423517707112e-04,1.864921301603317261e-02
0.000000000000000000e+00,4.872962800692766550e+00,0.000000000000000000e+00,1.795689575374126434e-02
3.189999999999999947e+00,4.711832872033118846e+00,1.175516822051074148e-02,1.736313104629516602e-02
9.899999999999999911e-01,5.214311582036316395e+00,3.648155654641264522e-03,1.921476796269416809e-02
1.520000000000000018e+00,5.384964995868504190e+00,5.601208681873456885e-03,1.984362676739692688e-02
4.940000000000000391e+00,5.525361214093863715e+00,1.820392821608873488e-02,2.036098763346672058e-02
0.000000000000000000e+00,5.924164800867438352e+00,0.000000000000000000e+00,2.183058112859725952e-02
2.441000000000000014e+01,5.746741175241768751e+00,8.995098942403360887e-02,2.117677405476570129e-02
8.800000000000000044e-01,9.626712452881038828e+00,3.242805026347790782e-03,3.547449037432670593e-02
3.680000000000000160e+00,9.180281836390495442e+00,1.356082101927258074e-02,3.382939100265502930e-02
1.077999999999999936e+01,8.851527751721441462e+00,3.972436157276043600e-02,3.261793032288551331e-02
5.799999999999999600e-01,7.347512615695595883e+00,2.137303312820134499e-03,2.707562595605850220e-02
1.140000000000000036e+01,7.220699280202389048e+00,4.200906511405092664e-02,2.660831809043884277e-02
2.879999999999999893e+00,8.276029926780610779e+00,1.061281644986549616e-02,3.049721755087375641e-02
2.600000000000000089e-01,7.309863485097885416e+00,9.581014850573018812e-04,2.693688869476318359e-02
1.499999999999999944e-01,6.806039224565028967e+00,5.527508567638279250e-04,2.508029341697692871e-02
5.169999999999999929e+00,5.098739810697734853e+00,1.905147952979327139e-02,1.878888532519340515e-02
8.080000000000000071e+00,5.605954737253487252e+00,2.977484615101153378e-02,2.065797522664070129e-02
1.328999999999999915e+01,7.039732843283563746e+00,4.897372590927515784e-02,2.594145573675632477e-02
3.370000000000000284e+01,9.192888158783317110e+00,1.241846924862733681e-01,3.387584537267684937e-02
1.073000000000000043e+01,1.403581465251743765e+01,3.954011128717249690e-02,5.172205716371536255e-02
4.879999999999999893e+00,1.427386286094784751e+01,1.798282787338320240e-02,5.259926617145538330e-02
1.466000000000000014e+01,1.205453850593417897e+01,5.402218373438479049e-02,4.442104324698448181e-02
1.851000000000000156e+01,9.624635998494923683e+00,6.820945572465637874e-02,3.546683862805366516e-02
2.099999999999999922e-01,1.123871332630515063e+01,7.738511994693590950e-04,4.141472280025482178e-02
0.000000000000000000e+00,1.003552224487066269e+01,0.000000000000000000e+00,3.698095679283142090e-02
2.026000000000000156e+01,7.261725429240613927e+00,7.465821572023437214e-02,2.675949968397617340e-02
3.511999999999999744e+01,8.240327345803379444e+00,1.294174005969709051e-01,3.036565333604812622e-02
2.979999999999999982e+00,1.439879384100437143e+01,1.098131702104138303e-02,5.305963754653930664e-02
6.280000000000000249e+00,1.407247003693133536e+01,2.314183586984559782e-02,5.185713246464729309e-02
1.489999999999999991e+00,1.112943460684269681e+01,5.490658510520691517e-03,4.101203009486198425e-02
1.550000000000000044e+00,6.466861925218254648e+00,5.711758853226222253e-03,2.383042313158512115e-02
8.000000000000000167e-02,6.061460490562021519e+00,2.948004569407082628e-04,2.233651652932167053e-02
3.399999999999999911e+00,5.128493562154472052e+00,1.252901941998009992e-02,1.889852806925773621e-02
5.200000000000000178e-01,5.459724430292844488e+00,1.916202970114603762e-03,2.011911571025848389e-02
1.499999999999999944e-01,5.350754550565034684e+00,5.527508567638279250e-04,1.971756108105182648e-02
0.000000000000000000e+00,5.221336043234914293e+00,0.000000000000000000e+00,1.924065314233303070e-02
1.000000000000000056e-01,4.713934094253927398e+00,3.685005711758853556e-04,1.737087406218051910e-02
2.470000000000000195e+00,4.650846881028265045e+00,9.101964108044367438e-03,1.713839732110500336e-02
5.269999999999999574e+00,5.075042553022504066e+00,1.941998010096915306e-02,1.870156079530715942e-02
5.000000000000000278e-02,6.033096265178174100e+00,1.842502855879426778e-04,2.223199419677257538e-02
4.570000000000000284e+00,5.951048516295850632e+00,1.684047610273796056e-02,2.192964777350425720e-02
7.469999999999999751e+00,6.192177034616470621e+00,2.752699266683863305e-02,2.281820774078369141e-02
2.476000000000000156e+01,6.806711999829858861e+00,9.124074142314921032e-02,2.508277259767055511e-02
4.049999999999999822e+00,1.099527280643582294e+01,1.492427313262335506e-02,4.051764309406280518e-02
5.999999999999999778e-02,1.082115593947470167e+01,2.211003427055311700e-04,3.987602144479751587e-02
0.000000000000000000e+00,8.828483556136488275e+00,0.000000000000000000e+00,3.253301233053207397e-02
0.000000000000000000e+00,5.201081514582037713e+00,0.000000000000000000e+00,1.916601508855819702e-02
1.799999999999999933e-01,4.619893658719957052e+00,6.633010281165935100e-04,1.702433452010154724e-02
8.999999999999999667e-02,4.643797146528958919e+00,3.316505140582967550e-04,1.711241900920867920e-02
8.000000000000000167e-02,4.661293347142636989e+00,2.948004569407082628e-04,1.717689260840415955e-02
0.000000000000000000e+00,4.668422945272177493e+00,0.000000000000000000e+00,1.720316521823406219e-02
4.000000000000000083e-02,4.639205998722464308e+00,1.474002284703541314e-04,1.709550060331821442e-02
9.619999999999999218e+00,4.629998935274779903e+00,3.544975494712016700e-02,1.706157252192497253e-02
5.917000000000000171e+01,6.342259498070925261e+00,2.180417879647713608e-01,2.337126247584819794e-02
2.290000000000000036e+00,1.652505482628941635e+01,8.438663079927773494e-03,6.089492142200469971e-02
8.000000000000000167e-02,1.640366817392408905e+01,2.948004569407082628e-04,6.044761091470718384e-02
2.999999999999999889e-02,1.304432284712791379e+01,1.105501713527655850e-04,4.806840419769287109e-02
4.299999999999999933e-01,4.959324702005833529e+00,1.584552456056306791e-03,1.827513985335826874e-02
5.600000000000000533e-01,4.705989684909582138e+00,2.063603198584958165e-03,1.734159886837005615e-02
5.100000000000000089e-01,4.797214169278740670e+00,1.879352912997015162e-03,1.767776161432266235e-02
5.200000000000000178e+00,4.869775332007557189e+00,1.916202970114603762e-02,1.794514991343021393e-02
0.000000000000000000e+00,5.721321794856339515e+00,0.000000000000000000e+00,2.108310349285602570e-02
0.000000000000000000e+00,5.651415339633822477e+00,0.000000000000000000e+00,2.082549780607223511e-02
0.000000000000000000e+00,5.353442113362253174e+00,0.000000000000000000e+00,1.972746476531028748e-02
0.000000000000000000e+00,4.611301747411489238e+00,0.000000000000000000e+00,1.699267327785491943e-02
0.000000000000000000e+00,4.611301747411489238e+00,0.000000000000000000e+00,1.699267327785491943e-02
3.129999999999999893e+00,4.611301747411489238e+00,1.153406787780521074e-02,1.699267327785491943e-02
8.699999999999999956e-01,5.174927692078053809e+00,3.205954969230202182e-03,1.906963810324668884e-02
1.300000000000000044e-01,5.352235060520469823e+00,4.790507425286509406e-04,1.972301676869392395e-02
0.000000000000000000e+00,5.244497001469135000e+00,0.000000000000000000e+00,1.932600140571594238e-02
0.000000000000000000e+00,4.760289876945316578e+00,0.000000000000000000e+00,1.754169538617134094e-02
0.000000000000000000e+00,4.629954454265535091e+00,0.000000000000000000e+00,1.706140860915184021e-02
0.000000000000000000e+00,4.611301747411489238e+00,0.000000000000000000e+00,1.699267327785491943e-02
0.000000000000000000e+00,4.611301747411489238e+00,0.000000000000000000e+00,1.699267327785491943e-02
0.000000000000000000e+00,4.611301747411489238e+00,0.000000000000000000e+00,1.699267327785491943e-02
0.000000000000000000e+00,4.611301747411489238e+00,0.000000000000000000e+00,1.699267327785491943e-02
0.000000000000000000e+00,4.611301747411489238e+00,0.000000000000000000e+00,1.699267327785491943e-02
0.000000000000000000e+00,4.611301747411489238e+00,0.000000000000000000e+00,1.699267327785491943e-02
1.780000000000000027e+00,4.611301747411489238e+00,6.559310166930758766e-03,1.699267327785491943e-02
2.089999999999999858e+00,4.932166518531739818e+00,7.701661937576002349e-03,1.817506179213523865e-02
1.870000000000000107e+00,5.320517573598772643e+00,6.890960680989055738e-03,1.960613764822483063e-02
4.000000000000000083e-02,5.592220720183104454e+00,1.474002284703541314e-04,2.060736529529094696e-02
0.000000000000000000e+00,5.266345264464616704e+00,0.000000000000000000e+00,1.940651237964630127e-02
0.000000000000000000e+00,4.886444084756076833e+00,0.000000000000000000e+00,1.800657436251640320e-02
0.000000000000000000e+00,4.617044852264225341e+00,0.000000000000000000e+00,1.701383665204048157e-02
0.000000000000000000e+00,4.611301747411489238e+00,0.000000000000000000e+00,1.699267327785491943e-02
0.000000000000000000e+00,4.611301747411489238e+00,0.000000000000000000e+00,1.699267327785491943e-02
1.100000000000000089e+00,4.611301747411489238e+00,4.053506282934739129e-03,1.699267327785491943e-02
0.000000000000000000e+00,4.809703729022293928e+00,0.000000000000000000e+00,1.772378571331501007e-02
0.000000000000000000e+00,4.817263984195887971e+00,0.000000000000000000e+00,1.775164529681205750e-02
0.000000000000000000e+00,4.768855504021048297e+00,0.000000000000000000e+00,1.757325977087020874e-02
0.000000000000000000e+00,4.611301747411489238e+00,0.000000000000000000e+00,1.699267327785491943e-02
2.700000000000000178e+00,4.611301747411489238e+00,9.949515421748903951e-03,1.699267327785491943e-02
1.799999999999999933e-01,5.097669233679771317e+00,6.633010281165935100e-04,1.878494024276733398e-02
1.639999999999999902e+00,5.148071271814406380e+00,6.043409367284519225e-03,1.897067204117774963e-02
4.600000000000000200e-01,5.326277358829975661e+00,1.695102627409072592e-03,1.962736248970031738e-02
1.100000000000000006e-01,5.026763472147285583e+00,4.053506282934738478e-04,1.852365210652351379e-02
2.089999999999999858e+01,4.951944898199290179e+00,7.701661937576002870e-02,1.824794523417949677e-02
6.650000000000000355e+00,8.407793796416372700e+00,2.450528798319637561e-02,3.098276816308498383e-02
1.333000000000000007e+01,9.605322142094374627e+00,4.912112613774551051e-02,3.539566695690155029e-02
2.289999999999999858e+01,1.110165520563721664e+01,8.438663079927773147e-02,4.090966284275054932e-02
1.382000000000000028e+01,1.200475515820085981e+01,5.092677893650734977e-02,4.423759132623672485e-02
2.919999999999999929e+00,1.299903915785253083e+01,1.076021667833585056e-02,4.790153354406356812e-02
0.000000000000000000e+00,1.081005994953215144e+01,0.000000000000000000e+00,3.983513265848159790e-02
0.000000000000000000e+00,7.104661469198763513e+00,0.000000000000000000e+00,2.618071809411048889e-02
0.000000000000000000e+00,5.028869243562221314e+00,0.000000000000000000e+00,1.853141188621520996e-02
4.099999999999999645e+00,4.611301747411489238e+00,1.510852341821129589e-02,1.699267327785491943e-02
7.000000000000000666e-02,5.349041020777076660e+00,2.579503998231197706e-04,1.971124671399593353e-02
0.000000000000000000e+00,5.388131234981119455e+00,0.000000000000000000e+00,1.985529437661170959e-02
0.000000000000000000e+00,5.210066678449511990e+00,0.000000000000000000e+00,1.919912546873092651e-02
2.092000000000000171e+01,4.621333225928246691e+00,7.709031948999521544e-02,1.702963933348655701e-02
8.900000000000000133e-01,8.325970979910344738e+00,3.279655083465379383e-03,3.068125061690807343e-02
1.070999999999999908e+01,8.571631001047789411e+00,3.946641117293731710e-02,3.158650919795036316e-02
1.149999999999999911e+00,9.613465199582279297e+00,4.237756568522680831e-03,3.542567417025566101e-02
3.020000000000000018e+00,6.919194868355989847e+00,1.112871724951173744e-02,2.549727261066436768e-02
8.999999999999999667e-02,6.885100680235773041e+00,3.316505140582967550e-04,2.537163533270359039e-02
0.000000000000000000e+00,5.355170807130634536e+00,0.000000000000000000e+00,1.973383501172065735e-02
0.000000000000000000e+00,5.059933162927627848e+00,0.000000000000000000e+00,1.864588260650634766e-02
0.000000000000000000e+00,4.624202251024544630e+00,0.000000000000000000e+00,1.704021170735359192e-02
0.000000000000000000e+00,4.611301747411489238e+00,0.000000000000000000e+00,1.699267327785491943e-02
0.000000000000000000e+00,4.611301747411489238e+00,0.000000000000000000e+00,1.699267327785491943e-02
0.000000000000000000e+00,4.611301747411489238e+00,0.000000000000000000e+00,1.699267327785491943e-02
1.620000000000000107e+00,4.611301747411489238e+00,5.969709253049342891e-03,1.699267327785491943e-02
8.999999999999999667e-02,4.903373152501881549e+00,3.316505140582967550e-04,1.806895807385444641e-02
6.300000000000000044e-01,4.930606144946068525e+00,2.321553598408077502e-03,1.816931180655956268e-02
0.000000000000000000e+00,4.973615742623805680e+00,0.000000000000000000e+00,1.832780241966247559e-02
2.598000000000000043e+01,4.742236652784049156e+00,9.573644839149500485e-02,1.747516915202140808e-02
2.319999999999999840e+00,9.294543439820408537e+00,8.549213251280537995e-03,3.425044566392898560e-02
1.520000000000000018e+00,9.708478657193481354e+00,5.601208681873456885e-03,3.577579930424690247e-02
5.530000000000000249e+00,8.943153576105833835e+00,2.037808158602645928e-02,3.295557200908660889e-02
8.399999999999999689e-01,6.218503726497292661e+00,3.095404797877436380e-03,2.291522175073623657e-02
3.680000000000000160e+00,6.006374298874288975e+00,1.356082101927258074e-02,2.213352359831333160e-02
8.399999999999999689e-01,6.216461643800139214e+00,3.095404797877436380e-03,2.290769666433334351e-02
2.140000000000000124e+00,5.568378393761813427e+00,7.885912223163945786e-03,2.051950618624687195e-02
2.049999999999999822e+00,5.678413290381431722e+00,7.554261709105647947e-03,2.092498540878295898e-02
3.660000000000000142e+00,5.500073760338128004e+00,1.348712090503740267e-02,2.026780322194099426e-02
1.451999999999999957e+01,5.956926075108349039e+00,5.350628293473854574e-02,2.195130661129951477e-02
1.191999999999999993e+01,8.168469286300242160e+00,4.392526808416553213e-02,3.010085597634315491e-02
7.410000000000000142e+00,9.896536276824772216e+00,2.730589232413310405e-02,3.646879270672798157e-02
2.850000000000000089e+00,1.013228461489081411e+01,1.050226627851273166e-02,3.733752667903900146e-02
1.037999999999999901e+01,8.163564749564976353e+00,3.825035928805689545e-02,3.008278273046016693e-02
1.480000000000000071e+01,8.041644325088709522e+00,5.453808453403102829e-02,2.963350526988506317e-02
9.089999999999999858e+00,9.549933176264167045e+00,3.349670191988797507e-02,3.519155830144882202e-02
9.699999999999999289e+00,1.037092927321791613e+01,3.574455540406087234e-02,3.821693360805511475e-02
1.959999999999999964e+00,1.007066931869834647e+01,7.222611195047351842e-03,3.711047396063804626e-02
3.800000000000000266e+00,8.025456775985658098e+00,1.400302170468364221e-02,2.957385405898094177e-02
4.769999999999999574e+00,7.031584731135517075e+00,1.757747724508972736e-02,2.591142989695072174e-02
1.550000000000000044e+00,6.453621242977678918e+00,5.711758853226222253e-03,2.378163114190101624e-02
1.404999999999999893e+01,6.316157233100384794e+00,5.177433025021188628e-02,2.327507548034191132e-02
1.799999999999999933e-01,8.079893949311227175e+00,6.633010281165935100e-04,2.977445535361766815e-02
4.799999999999999822e+00,7.440127637069672062e+00,1.768802741644249360e-02,2.741691283881664276e-02
6.379999999999999893e+00,7.490782913677394461e+00,2.351033644102148296e-02,2.760357782244682312e-02
1.600000000000000033e-01,6.673372592628002309e+00,5.896009138814165256e-04,2.459141612052917480e-02
1.929999999999999938e+00,6.502998196035624012e+00,7.112061023694586474e-03,2.396358549594879150e-02
1.400000000000000133e-01,5.897233571633696769e+00,5.159007996462395412e-04,2.173133939504623413e-02
0.000000000000000000e+00,5.020304121952504417e+00,0.000000000000000000e+00,1.849984936416149139e-02
6.339999999999998970e+00,4.913714987151324820e+00,2.336293621255112682e-02,1.810706779360771179e-02
1.399999999999999689e+00,5.770069442726671660e+00,5.159007996462393678e-03,2.126273885369300842e-02
4.629999999999999893e+00,6.040656520351767256e+00,1.706157644544348956e-02,2.225985378026962280e-02
9.419999999999999929e+00,6.604134868942201031e+00,3.471275380476839673e-02,2.433627471327781677e-02
3.779999999999999805e+00,7.354678101912140775e+00,1.392932159044846414e-02,2.710203081369400024e-02
1.769999999999999929e+01,7.678730341717600716e+00,6.522460109813170426e-02,2.829616516828536987e-02
4.309999999999999609e+00,9.774863530695437674e+00,1.588237461768065434e-02,3.602042794227600098e-02
1.960999999999999943e+01,9.133898253068327477e+00,7.226296200759110833e-02,3.365846723318099976e-02
2.379999999999999893e+00,1.133908977832645171e+01,8.770313593986070466e-03,4.178461059927940369e-02
2.157000000000000028e+01,9.200515640936792749e+00,7.948557320263846537e-02,3.390395268797874451e-02
5.193999999999999773e+01,1.159137898623943386e+01,1.913991966687548230e-01,4.271429777145385742e-02
4.600000000000000200e-01,1.773631112344563121e+01,1.695102627409072592e-03,6.535840779542922974e-02
3.020000000000000018e+00,1.648985619492829002e+01,1.112871724951173744e-02,6.076521426439285278e-02
1.489999999999999991e+00,1.231753045123070578e+01,5.490658510520691517e-03,4.539017006754875183e-02
6.600000000000000311e-01,5.508822366110980973e+00,2.432103769760843304e-03,2.030004188418388367e-02
1.127999999999999936e+01,5.439595762677490676e+00,4.156686442863986169e-02,2.004494145512580872e-02
0.000000000000000000e+00,6.963802244104445371e+00,0.000000000000000000e+00,2.566165104508399963e-02
0.000000000000000000e+00,6.784131316579878224e+00,0.000000000000000000e+00,2.499956265091896057e-02
5.000000000000000278e-02,6.212816222906112351e+00,1.842502855879426778e-04,2.289426326751708984e-02
2.180000000000000071e+01,4.620330381356179572e+00,8.033312451634300189e-02,1.702594384551048279e-02
1.391000000000000014e+01,8.488800285309553217e+00,5.125842945056564848e-02,3.128127753734588623e-02
