,value,value_log
0,21.97,1.341830057
1,18.81,1.274388796
2,57.25,1.757775491
3,14.14,1.150449409
4,1.56,0.193124598
5,19.12,1.281487888
6,17.16,1.234517284
7,3.01,0.478566496
8,1.08,0.033423755
9,1.12,0.049218023
10,1.08,0.033423755
11,1.08,0.033423755
12,10.89,1.03702788
13,7.01,0.845718018
14,3.3,0.51851394
15,1.12,0.049218023
16,1.14,0.056904851
17,1.51,0.178976947
18,1.12,0.049218023
19,1.89,0.276461804
20,11.84,1.073351702
21,3.38,0.5289167
22,7.29,0.862727528
23,1.6,0.204119983
24,1.26,0.100370545
25,76.73,1.884965198
26,8.88,0.948412966
27,1.23,0.089905111
28,6.14,0.788168371
29,0.88,-0.055517328
30,0.05,-1.301029996
33,3.4,0.531478917
34,2.01,0.303196057
35,0.35,-0.455931956
40,0.57,-0.244125144
43,1.41,0.149219113
44,0.34,-0.468521083
46,0.07,-1.15490196
47,9.11,0.959518377
48,13.41,1.127428778
50,0.31,-0.508638306
51,1.16,0.064457989
54,4.15,0.618048097
55,1.11,0.045322979
68,0.62,-0.207608311
69,6.47,0.810904281
70,19.32,1.286007122
71,46.4,1.666517981
72,14.62,1.164947373
75,1.56,0.193124598
76,4.83,0.683947131
77,13.13,1.118264726
78,9,0.954242509
79,2.65,0.423245874
80,1.18,0.071882007
81,0.51,-0.292429824
82,0.05,-1.301029996
84,2.24,0.350248018
85,0.03,-1.522878745
86,4.32,0.635483747
87,9.77,0.989894564
88,33.49,1.524915148
89,0.16,-0.795880017
90,1.56,0.193124598
91,0.1,-1
92,22.71,1.356217134
93,26.67,1.426023016
94,2.08,0.318063335
95,0.09,-1.045757491
97,11.18,1.048441804
98,0.07,-1.15490196
101,0.86,-0.065501549
105,5.17,0.713490543
106,1.77,0.247973266
107,0.87,-0.060480747
108,0.15,-0.823908741
109,0.22,-0.657577319
110,1.23,0.089905111
111,1,0
114,40.24,1.604657972
115,20.03,1.301680949
116,11.68,1.067442843
117,0.5,-0.301029996
118,10,1
119,0.7,-0.15490196
120,0.07,-1.15490196
123,0.84,-0.075720714
124,1.47,0.167317335
125,0.12,-0.920818754
127,0.13,-0.886056648
128,1.33,0.123851641
131,13.74,1.137986733
132,10.28,1.011993115
133,1.31,0.117271296
134,1.52,0.181843588
135,11.97,1.07809415
136,1.7,0.230448921
137,1.19,0.075546961
138,17.54,1.244029589
139,5.01,0.699837726
140,2.64,0.421603927
141,16.22,1.21005085
142,1.14,0.056904851
143,1.08,0.033423755
144,17.26,1.237040791
145,4.19,0.622214023
146,11.56,1.062957834
147,4.92,0.691965103
148,19.89,1.298634783
149,11.46,1.059184618
150,4.93,0.692846919
151,6.13,0.787460475
152,1.5,0.176091259
153,5.56,0.745074792
154,3.25,0.511883361
155,3.73,0.571708832
156,15.84,1.199755177
157,3.98,0.599883072
158,1.28,0.10720997
159,18.81,1.274388796
160,1.27,0.103803721
161,1.93,0.285557309
162,7.74,0.888740961
163,4.81,0.682145076
164,3.33,0.522444234
165,12.01,1.079543007
166,15.1,1.178976947
167,1.47,0.167317335
168,1.12,0.049218023
169,1.22,0.086359831
170,3.37,0.527629901
171,1.78,0.250420002
172,3.96,0.597695186
173,4.82,0.683047038
174,11.16,1.047664195
175,15.7,1.195899652
176,8.53,0.930949031
177,4.66,0.668385917
178,4.59,0.661812686
179,20.99,1.322012439
180,3.18,0.50242712
181,22.24,1.347134783
182,7.76,0.889861721
183,8.52,0.930439595
184,2.85,0.45484486
185,2.12,0.326335861
186,1.37,0.136720567
187,10.9,1.037426498
188,11.41,1.057285644
189,3.73,0.571708832
190,1.67,0.222716471
191,1.35,0.130333768
192,13.8,1.139879086
193,8.95,0.951823035
194,1.7,0.230448921
195,10.7,1.029383778
196,2.98,0.474216264
197,23.62,1.373279893
198,10.19,1.008174184
199,19.19,1.283074975
200,4.23,0.626340367
201,1.12,0.049218023
202,8.26,0.916980047
203,13.57,1.132579848
204,2.57,0.409933123
205,26.47,1.422753941
206,1.34,0.127104798
207,1.08,0.033423755
208,1.26,0.100370545
209,20.58,1.31344537
210,9.17,0.962369336
211,8.05,0.90579588
212,7.03,0.846955325
213,4.39,0.64246452
214,25.82,1.411956238
215,18.2,1.260071388
216,22.67,1.35545152
217,1.53,0.184691431
218,10.83,1.034628457
219,1.14,0.056904851
220,1.26,0.100370545
221,1.42,0.152288344
222,24.14,1.382737266
223,14.87,1.172310969
224,3.81,0.580924976
225,6.63,0.821513528
226,12.53,1.097951071
227,10.24,1.010299957
228,5.4,0.73239376
229,16.15,1.208172527
230,10.52,1.02201574
231,1.25,0.096910013
232,1.12,0.049218023
233,3.23,0.509202522
234,6.21,0.7930916
235,1.36,0.133538908
236,1.34,0.127104798
237,2.41,0.382017043
238,1.13,0.053078443
239,3.84,0.584331224
240,17.34,1.239049093
241,7.37,0.867467488
242,2.54,0.404833717
243,2.14,0.330413773
244,3.59,0.555094449
245,32.34,1.509740016
246,14.42,1.15896526
247,10.26,1.011147361
248,15.05,1.1775365
249,1.79,0.252853031
250,10.26,1.011147361
251,5.98,0.776701184
252,1.86,0.269512944
253,7.2,0.857332496
254,5.04,0.702430536
255,2.29,0.359835482
256,20.12,1.303627976
257,31.91,1.503926804
258,1.33,0.123851641
259,16.74,1.223755454
260,7.56,0.878521796
261,2.51,0.399673721
262,12.63,1.101403351
263,7.14,0.853698212
264,6.48,0.811575006
265,9.73,0.98811284
266,4.18,0.621176282
267,2.18,0.338456494
268,9.99,0.999565488
269,9.91,0.996073654
270,5.03,0.701567985
271,5.59,0.747411808
272,7.32,0.864511081
273,4.17,0.620136055
274,16.61,1.220369632
275,1.31,0.117271296
276,12.96,1.112605002
277,1.71,0.23299611
278,8.47,0.92788341
279,3.94,0.595496222
280,1.08,0.033423755
281,1.08,0.033423755
282,1.08,0.033423755
283,1.08,0.033423755
284,2.82,0.450249108
285,2.59,0.413299764
286,13.5,1.130333768
287,1.12,0.049218023
288,1.08,0.033423755
289,3.45,0.537819095
290,31.78,1.502153893
291,1.24,0.093421685
292,3.41,0.532754379
293,1.18,0.071882007
294,12.44,1.09482038
295,3.63,0.559906625
296,5.44,0.7355989
297,11.01,1.041787319
298,2.53,0.403120521
299,3.21,0.506505032
300,11.94,1.077004327
301,2.98,0.474216264
302,27.49,1.43917474
303,55.43,1.743744879
304,24.03,1.380753771
305,4.15,0.618048097
306,23.88,1.378034322
307,27.65,1.441695136
308,11.72,1.068927612
309,8.1,0.908485019
310,7.7,0.886490725
311,24.05,1.381115081
312,4.55,0.658011397
313,11.21,1.049605613
314,19.04,1.279666944
315,7.4,0.86923172
316,21.36,1.329601248
317,3.51,0.545307116
318,18.34,1.263399331
319,7.95,0.900367129
320,5.55,0.744292983
321,3.74,0.572871602
322,4.5,0.653212514
323,10.07,1.003029471
324,9.27,0.967079734
325,2.38,0.376576957
326,7.36,0.866877814
327,16.82,1.225825991
328,2.34,0.369215857
329,4.03,0.605305046
330,11.06,1.043755127
331,12.16,1.084933575
332,19.08,1.28057837
333,8.01,0.903632516
334,12.99,1.113609151
335,6.44,0.808885867
336,6.95,0.841984805
337,53.34,1.727053011
338,21.57,1.333850145
339,31.82,1.502700175
340,26.79,1.427972714
341,10.73,1.030599722
342,4.59,0.661812686
343,1.12,0.049218023
344,19.48,1.289588953
345,1.91,0.281033367
346,9.57,0.980911938
347,3.83,0.583198774
348,1.19,0.075546961
349,6.8,0.832508913
350,20.27,1.306853749
351,39.51,1.59670703
352,38.67,1.587374172
353,28.99,1.462248215
354,16.99,1.230193379
355,10.58,1.024485668
356,17.03,1.231214648
357,2.31,0.36361198
358,1.42,0.152288344
359,1.08,0.033423755
360,22.25,1.347330015
361,47.57,1.677333151
362,113.41,2.05465135
363,108.5,2.035429738
364,47.82,1.679609572
365,17.71,1.248218561
366,15.73,1.196728723
367,17.06,1.231979027
368,6.87,0.836956737
369,129.2,2.111262514
370,96.52,1.984617313
371,27.98,1.44684771
372,16.66,1.221674997
373,3.29,0.517195898
374,20.07,1.302547372
375,1.64,0.214843848
376,1.63,0.212187604
377,1.16,0.064457989
378,2,0.301029996
379,4.33,0.636487896
380,1.37,0.136720567
381,4.1,0.612783857
382,1.14,0.056904851
383,1.14,0.056904851
384,1.12,0.049218023
385,1.12,0.049218023
386,1.08,0.033423755
387,1.42,0.152288344
388,22.99,1.361538971
389,39.89,1.600864036
390,40.77,1.610340711
391,63.98,1.806044236
392,55.05,1.740757323
393,38.65,1.587149498
394,32.09,1.506369717
395,17.02,1.230959556
396,16.99,1.230193379
397,8.57,0.932980822
398,4.78,0.679427897
399,1.15,0.06069784
400,1.08,0.033423755
401,1.08,0.033423755
402,1.08,0.033423755
403,1.08,0.033423755
404,1.08,0.033423755
405,1.23,0.089905111
406,1.12,0.049218023
407,2.58,0.411619706
408,1.21,0.08278537
409,1.12,0.049218023
410,19.36,1.286905353
411,4.39,0.64246452
412,1.16,0.064457989
413,4.31,0.63447727
414,1.08,0.033423755
415,1.08,0.033423755
416,2.3,0.361727836
417,10.04,1.001733713
418,7.55,0.877946952
419,2.91,0.463892989
420,1.43,0.155336037
421,1.15,0.06069784
422,1.08,0.033423755
423,1.08,0.033423755
424,1.08,0.033423755
425,1.08,0.033423755
426,1.08,0.033423755
427,1.56,0.193124598
428,1.95,0.290034611
429,3.68,0.565847819
430,7.32,0.864511081
431,28.75,1.458637849
432,134.84,2.129818744
433,18.81,1.274388796
434,107.22,2.030275803
435,46.43,1.666798684
436,3.1,0.491361694
437,5.55,0.744292983
438,9.91,0.996073654
439,17.71,1.248218561
440,23.51,1.371252629
441,1.69,0.227886705
442,10.27,1.011570444
443,29.26,1.466274322
444,4.24,0.627365857
445,22.06,1.343605508
446,2.37,0.374748346
447,7,0.84509804
448,11.74,1.069668097
449,17.24,1.236537261
450,2.98,0.474216264
451,4.01,0.603144373
452,31.51,1.498448403
453,14.45,1.159867847
454,7.46,0.872738827
455,4.35,0.638489257
456,17.58,1.245018871
457,4.71,0.673020907
458,11.1,1.045322979
459,2.8,0.447158031
460,0.24,-0.619788758
463,14.3,1.155336037
464,126.99,2.103769523
465,1.2,0.079181246
467,0.12,-0.920818754
468,1.38,0.139879086
469,2.24,0.350248018
470,0.91,-0.040958608
471,11.91,1.075911761
472,5.93,0.773054693
473,1.78,0.250420002
474,1.55,0.190331698
476,2.65,0.423245874
477,0.09,-1.045757491
478,0.09,-1.045757491
480,6.79,0.831869774
481,0.81,-0.091514981
483,0.36,-0.443697499
484,22.48,1.351796307
485,20.63,1.314499228
486,3.38,0.5289167
487,1.17,0.068185862
488,7.37,0.867467488
489,2.95,0.469822016
490,0.34,-0.468521083
491,8.74,0.941511433
492,10.72,1.030194785
493,12.92,1.111262514
494,5.04,0.702430536
495,3.5,0.544068044
496,5.66,0.752816431
497,0.03,-1.522878745
498,10.93,1.038620162
499,1.21,0.08278537
500,3.49,0.542825427
501,8.15,0.911157609
502,15.45,1.188928484
503,1.84,0.264817823
504,8.97,0.952792443
505,3.91,0.592176757
506,4.27,0.630427875
507,9.72,0.987666265
508,3.24,0.51054501
509,3.13,0.495544338
510,0.33,-0.48148606
511,36.72,1.564902673
512,8.65,0.937016107
513,1.6,0.204119983
514,0.03,-1.522878745
515,16.29,1.211921084
516,3.69,0.567026366
517,0.79,-0.102372909
518,0.07,-1.15490196
519,8.64,0.936513742
520,14.09,1.148910993
521,1.66,0.220108088
522,41.81,1.621280168
523,19.43,1.288472801
524,2.08,0.318063335
525,2.41,0.382017043
526,5.72,0.757396029
527,0.22,-0.657577319
528,12.72,1.104487111
529,5.29,0.723455672
530,3.37,0.527629901
531,0.05,-1.301029996
532,12.17,1.085290578
533,6.37,0.804139432
534,0.32,-0.494850022
536,8.95,0.951823035
537,26.43,1.422097163
538,2.56,0.408239965
539,9.16,0.961895474
540,4.73,0.674861141
541,5.49,0.739572344
542,5.42,0.733999287
543,3.56,0.551449998
544,11.95,1.077367905
545,0.93,-0.031517051
546,0.09,-1.045757491
547,0.07,-1.15490196
548,21.3,1.328379603
549,4.61,0.663700925
550,0.14,-0.853871964
552,0.3,-0.522878745
553,0.05,-1.301029996
555,0.09,-1.045757491
557,12.14,1.084218687
558,10.03,1.001300933
559,0.98,-0.008773924
560,9.37,0.971739591
561,0.48,-0.318758763
562,7,0.84509804
563,0.15,-0.823908741
565,0.03,-1.522878745
566,2.14,0.330413773
567,13.11,1.117602692
568,16.75,1.224014811
569,21.27,1.32776749
570,1.1,0.041392685
571,9.29,0.968015714
572,8.38,0.923244019
573,9.19,0.963315511
574,0.85,-0.070581074
575,0.75,-0.124938737
578,0.11,-0.958607315
579,4.91,0.691081492
580,4.38,0.641474111
581,0.07,-1.15490196
582,4.06,0.608526034
583,19.43,1.288472801
584,2.88,0.459392488
585,4.1,0.612783857
586,9.05,0.956648579
587,0.07,-1.15490196
588,6.1,0.785329835
589,6.13,0.787460475
590,6.37,0.804139432
591,8.59,0.933993164
592,6.34,0.802089258
593,5.25,0.720159303
594,10.78,1.032618761
595,4.41,0.644438589
596,7.33,0.865103975
597,11.64,1.06595298
598,30.15,1.479287316
599,0.56,-0.251811973
600,31.99,1.50501424
601,27.75,1.443262987
602,4.28,0.631443769
603,8.59,0.933993164
604,28.56,1.455758203
605,13.94,1.144262774
607,0.81,-0.091514981
608,0.2,-0.698970004
609,0.51,-0.292429824
610,0.76,-0.119186408
611,8.66,0.937517892
612,3.13,0.495544338
613,0.46,-0.337242168
614,2.34,0.369215857
615,4.79,0.680335513
616,20.7,1.315970345
617,14.26,1.154119526
618,3.19,0.503790683
619,0.09,-1.045757491
620,6.01,0.778874472
621,9.62,0.983175072
622,13.39,1.126780577
623,0.7,-0.15490196
624,1.76,0.245512668
625,18.36,1.263872677
626,7.27,0.861534411
627,54.34,1.735119634
628,2.7,0.431363764
629,32.47,1.511482289
630,6.63,0.821513528
631,3.44,0.536558443
632,39.58,1.59747579
633,27.17,1.434089638
634,1.17,0.068185862
635,0.87,-0.060480747
636,1.74,0.240549248
637,0.03,-1.522878745
638,12.32,1.090610708
639,14.64,1.165541077
640,15.46,1.18920949
641,46.68,1.669130847
642,53,1.72427587
643,3.13,0.495544338
644,13.3,1.123851641
645,27.68,1.442166086
646,2.96,0.471291711
647,22.89,1.359645793
648,7.44,0.871572936
649,0.1,-1
650,2.63,0.419955748
651,0.1,-1
652,10.09,1.003891166
653,10.57,1.024074987
654,3.16,0.499687083
655,19.45,1.288919606
656,3.41,0.532754379
657,13.35,1.125481266
658,47.14,1.673389578
659,1.08,0.033423755
660,2.38,0.376576957
661,14.52,1.161966616
662,8.88,0.948412966
663,25.06,1.398981067
664,13.93,1.143951116
665,8.53,0.930949031
666,21.36,1.329601248
667,9.82,0.992111488
668,17.99,1.255031163
669,10.32,1.013679697
670,1.84,0.264817823
671,2.07,0.315970345
672,1.41,0.149219113
673,16.58,1.219584526
674,0.65,-0.187086643
675,4.85,0.685741739
676,3.66,0.563481085
677,1.12,0.049218023
678,2.03,0.307496038
679,3.35,0.525044807
680,15.75,1.197280558
681,7.93,0.899273187
682,16.03,1.204933522
683,7.97,0.901458321
684,13.67,1.135768515
685,0.36,-0.443697499
686,0.29,-0.537602002
687,3.81,0.580924976
688,23.48,1.370698093
689,54.12,1.733357788
690,175.55,2.244400834
691,213.16,2.328705712
692,65.17,1.814047721
693,53.43,1.727785174
694,53.45,1.72794771
695,75.8,1.879669206
696,45.52,1.658202253
697,71.6,1.854913022
698,7.99,0.902546779
699,3.84,0.584331224
700,0.74,-0.13076828
701,2.62,0.418301291
702,18.24,1.261024834
703,9.32,0.969415912
704,1.69,0.227886705
705,1.4,0.146128036
706,0.09,-1.045757491
707,1.63,0.212187604
708,66.47,1.822625679
709,41.84,1.621591676
710,2.62,0.418301291
711,0.2,-0.698970004
712,1.13,0.053078443
713,6.33,0.80140371
714,93.94,1.972850556
715,91.34,1.960661007
716,53.07,1.724849088
717,19.33,1.286231854
718,5.97,0.775974331
719,57.74,1.76147678
720,22.47,1.351603072
721,32.32,1.509471352
722,19.52,1.290479813
723,3.57,0.552668216
724,1.81,0.257678575
725,7.51,0.875639937
726,25.07,1.399154334
727,5.68,0.754348336
728,34.07,1.532372134
729,32.96,1.517987203
730,12.73,1.104828404
731,23.95,1.379305518
732,6.15,0.788875116
733,0.09,-1.045757491
734,0.87,-0.060480747
736,2.82,0.450249108
737,13.68,1.136086097
738,8.04,0.905256049
739,31.9,1.503790683
740,36.27,1.559547556
741,125.23,2.097708381
742,150.09,2.176351758
743,33.24,1.521661015
744,13,1.113943352
745,9.14,0.960946196
746,6.05,0.781755375
747,10.17,1.007320953
748,8.32,0.920123326
749,31.42,1.497206181
750,5.9,0.770852012
751,2.01,0.303196057
752,0.05,-1.301029996
753,0.03,-1.522878745
756,14.8,1.170261715
757,6.01,0.778874472
758,8.18,0.912753304
759,0.89,-0.050609993
760,17.87,1.252124553
761,11.23,1.050379756
762,18.36,1.263872677
763,17.8,1.250420002
764,1.84,0.264817823
765,1.07,0.029383778
766,1.27,0.103803721
767,0.62,-0.207608311
768,0.62,-0.207608311
769,0.62,-0.207608311
770,0.62,-0.207608311
771,11.26,1.051538391
772,13.57,1.132579848
773,4.73,0.674861141
774,0.84,-0.075720714
775,0.62,-0.207608311
776,0.62,-0.207608311
777,3.02,0.480006943
778,10.13,1.005609445
779,4.98,0.697229343
780,1.62,0.209515015
781,0.8,-0.096910013
782,1.97,0.294466226
783,0.62,-0.207608311
784,1.02,0.008600172
785,0.62,-0.207608311
786,0.62,-0.207608311
787,12.8,1.10720997
788,12.18,1.085647288
789,11.68,1.067442843
790,16.53,1.218272854
791,62,1.792391689
792,24.63,1.391464412
793,2.24,0.350248018
794,13.08,1.116607744
795,6.8,0.832508913
796,2.66,0.424881637
797,3.53,0.547774705
798,2.98,0.474216264
799,6.6,0.819543936
800,11.61,1.06483222
801,39.76,1.599446376
802,25.63,1.408748606
803,5.28,0.722633923
804,6.37,0.804139432
805,0.67,-0.173925197
806,1.45,0.161368002
807,0.94,-0.026872146
808,0.62,-0.207608311
809,6.59,0.818885415
810,2.66,0.424881637
811,1.07,0.029383778
812,0.94,-0.026872146
813,2.35,0.371067862
814,2.09,0.320146286
815,22.75,1.356981401
816,3.87,0.587710965
817,3.81,0.580924976
818,1.16,0.064457989
819,18.72,1.272305844
820,2.87,0.457881897
821,2.84,0.45331834
822,14.34,1.156549151
823,3.12,0.494154594
824,1.38,0.139879086
825,8.19,0.913283902
826,9.75,0.989004616
827,1.13,0.053078443
828,5.57,0.745855195
829,4.49,0.652246341
830,16.31,1.212453961
831,2.83,0.451786436
832,19.09,1.280805928
833,2.01,0.303196057
834,9.83,0.992553518
835,8.28,0.918030337
836,7.18,0.856124444
837,0.92,-0.036212173
838,7.94,0.899820502
839,3.28,0.515873844
840,14.5,1.161368002
841,1.55,0.190331698
842,5.8,0.763427994
843,0.08,-1.096910013
844,8.4,0.924279286
845,1.44,0.158362492
846,18.15,1.258876629
847,10.09,1.003891166
848,3.29,0.517195898
849,13.66,1.135450699
850,3.2,0.505149978
851,5.34,0.727541257
852,26.98,1.431041945
853,0.15,-0.823908741
854,40.37,1.606058749
855,4.61,0.663700925
856,24.21,1.383994789
857,2.03,0.307496038
858,2.2,0.342422681
859,0.66,-0.180456064
860,1.34,0.127104798
861,4.23,0.626340367
862,6.43,0.808210973
863,1.63,0.212187604
864,12.43,1.094471129
865,5.1,0.707570176
866,1.13,0.053078443
867,2.87,0.457881897
868,1.05,0.021189299
869,3.55,0.550228353
870,9.16,0.961895474
871,5.04,0.702430536
872,2.43,0.385606274
873,18.43,1.265525335
874,10.12,1.005180513
875,4.02,0.604226053
876,1.3,0.113943352
877,26.72,1.426836454
878,19.06,1.280122896
879,2.52,0.401400541
880,11.67,1.067070856
881,14.54,1.162564407
882,11.52,1.061452479
883,24.58,1.390581879
884,6.4,0.806179974
885,2.68,0.428134794
886,9.73,0.98811284
887,1.61,0.206825876
888,3.04,0.482873584
889,2.13,0.328379603
890,1.61,0.206825876
891,2.13,0.328379603
892,1.86,0.269512944
893,1.61,0.206825876
894,1.61,0.206825876
895,1.61,0.206825876
896,1.61,0.206825876
897,1.61,0.206825876
898,1.61,0.206825876
899,1.66,0.220108088
900,7.91,0.898176483
901,1.61,0.206825876
902,4.66,0.668385917
903,2.56,0.408239965
904,1.88,0.274157849
905,5.79,0.762678564
906,2.88,0.459392488
907,1.61,0.206825876
908,13.88,1.142389466
909,1.8,0.255272505
910,4.61,0.663700925
911,1.66,0.220108088
912,1.61,0.206825876
913,4.92,0.691965103
914,5.13,0.710117365
915,28.64,1.456973014
916,10.96,1.039810554
917,7.71,0.887054378
918,2.88,0.459392488
919,4.24,0.627365857
920,31.8,1.50242712
921,2.23,0.348304863
922,6.9,0.838849091
923,0.76,-0.119186408
924,0.48,-0.318758763
925,0.58,-0.236572006
926,15.62,1.19368103
927,3.6,0.556302501
928,12.99,1.113609151
929,0.71,-0.148741651
930,12.9,1.11058971
931,1.66,0.220108088
932,0.48,-0.318758763
933,1.26,0.100370545
934,6.44,0.808885867
935,0.6,-0.22184875
936,0.48,-0.318758763
937,0.48,-0.318758763
938,0.48,-0.318758763
939,0.48,-0.318758763
940,0.48,-0.318758763
941,0.48,-0.318758763
942,0.48,-0.318758763
943,7.08,0.850033258
944,0.64,-0.193820026
945,0.48,-0.318758763
946,2.28,0.357934847
947,10.62,1.026124517
948,4.33,0.636487896
949,17.39,1.240299582
950,0.61,-0.214670165
951,2.84,0.45331834
952,0.48,-0.318758763
953,0.68,-0.167491087
954,8,0.903089987
955,4.44,0.64738297
956,4.27,0.630427875
957,0.86,-0.065501549
958,4.43,0.646403726
959,13.95,1.144574208
960,1.39,0.1430148
961,4.73,0.674861141
962,2.25,0.352182518
963,4.54,0.657055853
964,7.51,0.875639937
965,0.74,-0.13076828
966,1.57,0.195899652
967,2.15,0.33243846
968,0.75,-0.124938737
969,19.37,1.287129621
970,2.63,0.419955748
971,0.6,-0.22184875
972,10.08,1.003460532
973,0.51,-0.292429824
974,0.78,-0.107905397
975,6.04,0.781036939
976,2.4,0.380211242
977,14.03,1.147057671
978,16.01,1.204391332
979,0.96,-0.017728767
980,0.51,-0.292429824
981,10.6,1.025305865
982,8.29,0.918554531
983,5.93,0.773054693
984,19.96,1.300160537
985,12.09,1.082426301
986,7.81,0.892651034
987,1.6,0.204119983
988,9.98,0.999130541
989,0.94,-0.026872146
990,3.16,0.499687083
991,0.58,-0.236572006
992,26.94,1.430397591
993,22.95,1.36078269
994,6.11,0.78604121
995,1.76,0.245512668
996,0.58,-0.236572006
997,22.33,1.348888723
998,8.83,0.945960704
999,9.28,0.967547976
1000,2.94,0.46834733
1001,0.91,-0.040958608
1002,0.48,-0.318758763
1003,0.6,-0.22184875
1004,1.51,0.178976947
1005,0.55,-0.259637311
1006,2.75,0.439332694
1007,26.64,1.42553422
1008,0.65,-0.187086643
1009,14.09,1.148910993
1010,23.86,1.377670439
1011,10.73,1.030599722
1012,11.09,1.044931546
1013,12.77,1.106190897
1014,7.32,0.864511081
1015,15.98,1.203576775
1016,10.38,1.016197354
1017,39.48,1.596377144
1018,4.64,0.666517981
1019,17.65,1.24674471
1020,5.07,0.705007959
1021,7.93,0.899273187
1022,25.84,1.412292509
1023,2.94,0.46834733
1024,26.09,1.416474079
1025,18.33,1.263162465
1026,3.83,0.583198774
1027,11.81,1.072249898
1028,6.6,0.819543936
1029,2.35,0.371067862
1030,2.38,0.376576957
1031,1.61,0.206825876
1032,2.11,0.324282455
1033,2.01,0.303196057
1034,2,0.301029996
1035,5.09,0.706717782
1036,5.6,0.748188027
1037,7.98,0.902002891
1038,14.64,1.165541077
1039,26.87,1.429267666
1040,11,1.041392685
1041,8.11,0.909020854
1042,10.78,1.032618761
1043,5.57,0.745855195
1044,20.79,1.317854489
1045,15.36,1.186391216
1046,3.67,0.564666064
1047,3.28,0.515873844
1048,1.65,0.217483944
1049,1.65,0.217483944
1050,1.61,0.206825876
1051,1.91,0.281033367
1052,2.86,0.456366033
1053,18.47,1.266466895
1054,6.48,0.811575006
1055,5.63,0.750508395
1056,1.9,0.278753601
1057,1.08,0.033423755
1058,4.56,0.658964843
1059,9.46,0.975891136
1060,9.15,0.961421094
1061,17.45,1.241795431
1062,1.34,0.127104798
1063,13.24,1.121887985
1064,2.78,0.444044796
1065,4.11,0.613841822
1066,7.29,0.862727528
1067,2.5,0.397940009
1068,3.89,0.589949601
1069,2.95,0.469822016
1070,1.47,0.167317335
1071,1.21,0.08278537
1072,4.67,0.669316881
1073,3.29,0.517195898
1074,3.94,0.595496222
1075,4.42,0.645422269
1076,12.5,1.096910013
1077,11.09,1.044931546
1078,5.93,0.773054693
1079,23.87,1.377852419
1080,25.82,1.411956238
1081,15.82,1.199206479
1082,46.93,1.671450554
1083,32.51,1.512016969
1084,71.39,1.853637382
1085,45.06,1.653791187
1086,31.75,1.50174373
1087,65.99,1.819478128
1088,271.37,2.433561835
1089,84.3,1.925827575
1090,17.38,1.240049772
1091,16.84,1.226342087
1092,11.92,1.076276255
1093,1.14,0.056904851
1094,30.24,1.480581787
1095,182.93,2.262284934
1096,13.6,1.133538908
1097,42.95,1.632963168
1098,46.2,1.664641976
1099,10.78,1.032618761
1100,2.62,0.418301291
1101,1.05,0.021189299
1102,1.05,0.021189299
1103,1.48,0.170261715
1104,4.59,0.661812686
1105,1.57,0.195899652
1106,2.55,0.40654018
1107,2.71,0.432969291
1108,2.68,0.428134794
1109,1.54,0.187520721
1110,2.3,0.361727836
1111,1.55,0.190331698
1112,1.05,0.021189299
1113,16.23,1.21031852
1114,4.29,0.632457292
1115,12.45,1.095169351
1116,78.18,1.893095666
1117,14.96,1.174931594
1118,13.63,1.134495856
1119,36.27,1.559547556
1120,1.09,0.037426498
1121,1.02,0.008600172
1122,1.02,0.008600172
1123,1.02,0.008600172
1124,1.06,0.025305865
1125,1.02,0.008600172
1126,2.18,0.338456494
1127,1.64,0.214843848
1128,1.39,0.1430148
1129,22.02,1.342817315
1130,20.52,1.312177356
1131,5.08,0.705863712
1132,1.02,0.008600172
1133,1.02,0.008600172
1134,1.51,0.178976947
1135,1.02,0.008600172
1136,2.05,0.311753861
1137,36.3,1.559906625
1138,125.47,2.098539898
1139,30.58,1.485437481
1140,42.39,1.627263417
1141,49.56,1.695131298
1142,13.75,1.138302698
1143,4.03,0.605305046
1144,13.31,1.124178055
1145,3.15,0.498310554
1146,1.15,0.06069784
1147,1.02,0.008600172
1148,2.7,0.431363764
1149,4.77,0.678518379
1150,105.36,2.022675762
1151,96.37,1.983941859
1152,253.28,2.403600898
1153,14.13,1.150142162
1154,7.98,0.902002891
1155,7.07,0.849419414
1156,1.71,0.23299611
1157,1.69,0.227886705
1158,1.02,0.008600172
1159,1.07,0.029383778
1160,16.47,1.216693599
1161,29.81,1.474361976
1162,1.78,0.250420002
1163,1.61,0.206825876
1164,1.09,0.037426498
1165,1.02,0.008600172
1166,1.02,0.008600172
1167,1.02,0.008600172
1168,1.02,0.008600172
1169,1.17,0.068185862
1170,9.52,0.978636948
1171,1.38,0.139879086
1172,1.02,0.008600172
1173,1.02,0.008600172
1174,1.02,0.008600172
1175,8.26,0.916980047
1176,1.16,0.064457989
1177,1.29,0.11058971
1178,1.31,0.117271296
1179,1.12,0.049218023
1180,1.06,0.025305865
1181,1.06,0.025305865
1182,1.02,0.008600172
1183,1.02,0.008600172
1184,1.02,0.008600172
1185,1.02,0.008600172
1186,1.38,0.139879086
1187,14.84,1.171433901
1188,1.36,0.133538908
1189,2.43,0.385606274
1190,6.71,0.82672252
1191,9.35,0.970811611
1192,0.12,-0.920818754
1193,1.4,0.146128036
1194,6.64,0.822168079
1195,4.71,0.673020907
1196,6.14,0.788168371
1197,2.14,0.330413773
1198,10.91,1.037824751
1199,2.02,0.305351369
1200,33.06,1.519302849
1201,13.42,1.127752516
1202,7.65,0.883661435
1203,2.29,0.359835482
1204,3.41,0.532754379
1205,1.61,0.206825876
1206,3.02,0.480006943
1207,9.71,0.98721923
1208,8.98,0.953276337
1209,2.08,0.318063335
1210,18.05,1.256477206
1211,4.26,0.629409599
1212,14.13,1.150142162
1213,4.67,0.669316881
1214,3.48,0.541579244
1215,11.57,1.063333359
1216,14.96,1.174931594
1217,7.94,0.899820502
1218,16.2,1.209515015
1219,1.07,0.029383778
1220,8.47,0.92788341
1221,15.27,1.183839037
1222,9.48,0.976808337
1223,0.29,-0.537602002
1224,1.25,0.096910013
1225,11.51,1.061075324
1226,0.35,-0.455931956
1228,5.57,0.745855195
1229,10.45,1.01911629
1230,7.25,0.860338007
1231,0.15,-0.823908741
1232,17.8,1.250420002
1233,3.02,0.480006943
1234,13.96,1.144885418
1235,1.93,0.285557309
1236,5.26,0.720985744
1237,2.55,0.40654018
1238,5.51,0.741151599
1239,1.76,0.245512668
1240,1.89,0.276461804
1241,23.76,1.375846436
1242,2.9,0.462397998
1243,0.59,-0.229147988
1244,0.29,-0.537602002
1245,21.23,1.326949994
1246,0.96,-0.017728767
1247,0.6,-0.22184875
1248,16.46,1.216429831
1249,0.71,-0.148741651
1250,6.7,0.826074803
1251,16.43,1.215637563
1252,1.01,0.004321374
1253,1.87,0.271841607
1254,1.84,0.264817823
1255,1.99,0.298853076
1256,0.03,-1.522878745
1257,12.07,1.08170727
1258,0.65,-0.187086643
1259,8.74,0.941511433
1260,2.02,0.305351369
1261,0.08,-1.096910013
1267,0.03,-1.522878745
1270,6.1,0.785329835
1271,1.95,0.290034611
1272,8,0.903089987
1273,0.4,-0.397940009
1274,0.36,-0.443697499
1275,1.77,0.247973266
1277,2.77,0.442479769
1278,7.85,0.894869657
1279,29.74,1.473340964
1280,10.41,1.01745073
1281,0.24,-0.619788758
1284,1.45,0.161368002
1285,3.2,0.505149978
1286,21.7,1.336459734
1287,10.47,1.019946682
1288,1.99,0.298853076
1289,28.02,1.447468131
1290,8.01,0.903632516
1291,0.03,-1.522878745
1292,23.3,1.367355921
1293,11.64,1.06595298
1294,0.39,-0.408935393
1301,7.83,0.893761762
1302,28.53,1.455301772
1303,9.14,0.960946196
1304,0.27,-0.568636236
1305,1.7,0.230448921
1306,15.71,1.196176185
1307,13.73,1.137670537
1308,22.21,1.346548559
1309,31.16,1.493597449
1310,3.88,0.588831726
1311,9.26,0.966610987
1312,29.55,1.470557485
1313,8.61,0.935003151
1314,0.3,-0.522878745
1315,9.62,0.983175072
1316,3.01,0.478566496
1317,6.38,0.804820679
1318,0.16,-0.795880017
1319,7.22,0.858537198
1320,13.06,1.115943177
1322,12.48,1.096214585
1323,35.87,1.554731377
1324,3.01,0.478566496
1325,7.98,0.902002891
1326,7.15,0.854306042
1327,2.24,0.350248018
1328,1.15,0.06069784
1329,19.65,1.293362555
1330,5.03,0.701567985
1332,7.54,0.877371346
1333,9.1,0.959041392
1334,16.63,1.220892249
1335,8.81,0.944975908
1336,12.9,1.11058971
1337,17.45,1.241795431
1338,3.39,0.530199698
1339,3.06,0.485721426
1340,0.17,-0.769551079
1341,2.49,0.396199347
1342,17.21,1.23578087
1343,13.02,1.114610984
1344,1.33,0.123851641
1345,12.87,1.109578547
1346,29.93,1.476106717
1347,16.04,1.205204364
1348,0.46,-0.337242168
1349,3.76,0.575187845
1350,2.44,0.387389826
1351,14.19,1.151982395
1352,24.76,1.39375064
1353,1.51,0.178976947
1354,1.65,0.217483944
1355,0.12,-0.920818754
1358,14.08,1.148602655
1359,0.56,-0.251811973
1364,0.76,-0.119186408
1365,15.52,1.190891717
1366,18.38,1.264345507
1367,2.36,0.372912003
1368,0.12,-0.920818754
1369,17.79,1.250175948
1370,30.11,1.478710756
1371,33.7,1.527629901
1372,19.36,1.286905353
1373,0.33,-0.48148606
1374,1.22,0.086359831
1375,7.09,0.850646235
1376,16.61,1.220369632
1377,5.46,0.737192643
1378,6.71,0.82672252
1379,2.68,0.428134794
1380,7.55,0.877946952
1381,16.86,1.22685757
1382,11.16,1.047664195
1383,19.17,1.282622113
1384,4.25,0.62838893
1385,8.49,0.92890769
1386,4.12,0.614897216
1387,19.05,1.27989498
1388,2.23,0.348304863
1389,59.72,1.776119799
1390,12.56,1.098989639
1391,3.98,0.599883072
1392,0.43,-0.366531544
1393,3.58,0.553883027
1394,1.73,0.238046103
1395,12.09,1.082426301
1396,0.41,-0.387216143
1397,14.92,1.173768823
1398,0.7,-0.15490196
1399,0.04,-1.397940009
1400,26.46,1.42258984
1401,10.07,1.003029471
1402,11.05,1.043362278
1403,6.64,0.822168079
1404,39.5,1.596597096
1405,2.4,0.380211242
1406,16.66,1.221674997
1407,2.51,0.399673721
1408,11.35,1.054995862
1409,3.4,0.531478917
1410,16.72,1.223236273
1411,0.91,-0.040958608
1412,5.32,0.725911632
1413,0.88,-0.055517328
1414,6.25,0.795880017
1415,12.7,1.103803721
1416,10.89,1.03702788
1417,6.18,0.790988475
1418,42.14,1.624694531
1419,52.99,1.72419392
1420,3.61,0.557507202
1421,0.07,-1.15490196
1422,4.45,0.648360011
1423,11.07,1.044147621
1424,0.2,-0.698970004
1425,0.44,-0.356547324
1426,7.95,0.900367129
1427,14.91,1.173477643
1428,25.84,1.412292509
1429,147.38,2.168438552
1430,65.96,1.819280647
1431,84.69,1.927832133
1432,264.89,2.423065563
1433,128.57,2.109139644
1434,27.65,1.441695136
1435,38.19,1.581949658
1436,21.56,1.333648757
1437,0.59,-0.229147988
1438,18.24,1.261024834
1439,176.01,2.245537343
1440,2.65,0.423245874
1441,8.64,0.936513742
1442,0.07,-1.15490196
1443,21.88,1.340047318
1444,3.61,0.557507202
1445,29.32,1.467163966
1446,10.41,1.01745073
1447,2.88,0.459392488
1448,54.14,1.733518251
1449,3.03,0.481442629
1450,1.18,0.071882007
1451,0.72,-0.142667504
1452,2.16,0.334453751
1453,3.16,0.499687083
1454,1.49,0.173186268
1455,10.12,1.005180513
1456,7.5,0.875061263
1457,20.87,1.319522449
1458,8.97,0.952792443
1459,4.57,0.6599162
1460,4.47,0.650307523
1461,9.39,0.972665592
1462,14.21,1.152594078
1463,18.9,1.276461804
1464,0.95,-0.022276395
1465,12.13,1.083860801
1466,2.38,0.376576957
1467,1.19,0.075546961
1468,3.01,0.478566496
1469,18.8,1.274157849
1470,95.13,1.978317497
1471,58.98,1.770704768
1472,54.84,1.739097446
1473,5.97,0.775974331
1474,2.34,0.369215857
1475,0.39,-0.408935393
1476,0.46,-0.337242168
1477,0.39,-0.408935393
1478,0.45,-0.346787486
1479,0.83,-0.080921908
1481,1.08,0.033423755
1482,1.08,0.033423755
1483,1.94,0.28780173
1484,1.64,0.214843848
1485,1.58,0.198657087
1486,1.58,0.198657087
1487,1.58,0.198657087
1488,3.29,0.517195898
1489,1.58,0.198657087
1490,1.74,0.240549248
1491,1.63,0.212187604
1492,1.58,0.198657087
1493,0.44,-0.356547324
1494,0.44,-0.356547324
1495,0.44,-0.356547324
1496,0.44,-0.356547324
1497,0.44,-0.356547324
1498,0.44,-0.356547324
1499,0.44,-0.356547324
1500,0.44,-0.356547324
1501,0.44,-0.356547324
1502,0.44,-0.356547324
1503,0.44,-0.356547324
1504,0.44,-0.356547324
1505,0.44,-0.356547324
1506,0.44,-0.356547324
1507,2.53,0.403120521
1508,0.44,-0.356547324
1509,0.44,-0.356547324
1510,0.44,-0.356547324
1511,21.6,1.334453751
1512,6.53,0.814913181
1513,0.95,-0.022276395
1514,0.44,-0.356547324
1529,0.03,-1.522878745
1530,0.07,-1.15490196
1531,0.03,-1.522878745
1534,47.72,1.678700435
1535,56.92,1.755264891
1536,16.79,1.225050696
1537,3.63,0.559906625
1542,2.07,0.315970345
1543,0.3,-0.522878745
1544,3.45,0.537819095
1545,0.05,-1.301029996
1546,0.03,-1.522878745
1547,0.03,-1.522878745
1548,16.93,1.228656958
1549,8.74,0.941511433
1550,5.08,0.705863712
1551,19.6,1.292256071
1552,0.53,-0.27572413
1553,9.57,0.980911938
1554,10.24,1.010299957
1555,0.09,-1.045757491
1558,2.73,0.436162647
1559,0.17,-0.769551079
1560,0.92,-0.036212173
1561,0.86,-0.065501549
1564,4.08,0.610660163
1565,1.13,0.053078443
1566,0.06,-1.22184875
1567,2.43,0.385606274
1568,12.12,1.08350262
1569,8.09,0.907948522
1570,6.19,0.791690649
1571,0.08,-1.096910013
1573,1.45,0.161368002
1574,2.64,0.421603927
1575,18.19,1.259832699
1576,7.49,0.874481818
1577,1.51,0.178976947
1578,5.15,0.711807229
1579,3.41,0.532754379
1580,0.03,-1.522878745
1582,7.18,0.856124444
1583,0.7,-0.15490196
1584,2.72,0.434568904
1585,8.15,0.911157609
1586,0.27,-0.568636236
1587,6.8,0.832508913
1588,4.47,0.650307523
1589,1.14,0.056904851
1590,1.45,0.161368002
1591,3.72,0.57054294
1592,7.96,0.900913068
1593,8.58,0.933487288
1594,6.29,0.798650645
1595,7.49,0.874481818
1596,1.97,0.294466226
1597,15.81,1.19893187
1598,19.18,1.282848603
1599,14.9,1.173186268
1600,28.9,1.460897843
1601,9.55,0.980003372
1602,3.84,0.584331224
1603,8.91,0.949877704
1604,7.61,0.881384657
1605,2.34,0.369215857
1606,5.01,0.699837726
1607,12.1,1.08278537
1608,0.16,-0.795880017
1609,1.67,0.222716471
1610,13.2,1.120573931
1611,12.96,1.112605002
1612,15.92,1.201943063
1613,11.54,1.062205809
1614,3.85,0.58546073
1615,13.91,1.14332713
1616,4.18,0.621176282
1617,1.03,0.012837225
1618,0.05,-1.301029996
1619,0.28,-0.552841969
1620,0.05,-1.301029996
1621,3.63,0.559906625
1622,18.45,1.26599637
1623,21.66,1.335658452
1624,0.65,-0.187086643
1625,0.48,-0.318758763
1626,0.48,-0.318758763
1627,0.48,-0.318758763
1628,0.62,-0.207608311
1629,0.48,-0.318758763
1630,0.48,-0.318758763
1631,0.61,-0.214670165
1632,13.24,1.121887985
1633,6.29,0.798650645
1634,1.37,0.136720567
1635,0.55,-0.259637311
1636,0.63,-0.200659451
1637,4.05,0.607455023
1638,9.8,0.991226076
1639,2.32,0.365487985
1640,30.37,1.482444792
1641,23.37,1.368658712
1642,15.09,1.17868924
1643,0.72,-0.142667504
1644,1.26,0.100370545
1645,0.88,-0.055517328
1646,5.46,0.737192643
1647,0.62,-0.207608311
1648,17.68,1.247482261
1649,6.23,0.794488047
1650,3.11,0.492760389
1651,12.85,1.108903128
1652,8.55,0.931966115
1653,0.9,-0.045757491
1654,0.48,-0.318758763
1655,0.48,-0.318758763
1656,0.48,-0.318758763
1657,13.55,1.131939295
1658,25.72,1.410270964
1659,1.42,0.152288344
1660,0.48,-0.318758763
1661,0.48,-0.318758763
1662,1.02,0.008600172
1663,1.28,0.10720997
1664,0.48,-0.318758763
1665,0.48,-0.318758763
1666,2.82,0.450249108
1667,2.86,0.456366033
1668,0.48,-0.318758763
1669,11.54,1.062205809
1670,5.17,0.713490543
1671,1.75,0.243038049
1672,1.3,0.113943352
1673,4.34,0.63748973
1674,2.5,0.397940009
1675,1.14,0.056904851
1676,1.83,0.26245109
1677,4.14,0.617000341
1678,0.58,-0.236572006
1679,0.48,-0.318758763
1680,20.45,1.310693312
1681,2.1,0.322219295
1682,12.37,1.0923697
1683,1.61,0.206825876
1684,5.27,0.721810615
1685,5.65,0.752048448
1686,16.26,1.211120541
1687,5.67,0.753583059
1688,9.77,0.989894564
1689,0.16,-0.795880017
1690,4.01,0.603144373
1691,1.67,0.222716471
1692,12.84,1.108565024
1693,0.4,-0.397940009
1694,5.17,0.713490543
1695,2.44,0.387389826
1696,13.97,1.145196406
1697,20.99,1.322012439
1698,4.18,0.621176282
1699,5.79,0.762678564
1700,0.32,-0.494850022
1701,0.07,-1.15490196
1702,8.28,0.918030337
1703,8.53,0.930949031
1704,12.42,1.094121596
1705,30.44,1.483444648
1706,1.82,0.260071388
1707,27.7,1.442479769
1708,6.03,0.780317312
1709,0.23,-0.638272164
1710,0.07,-1.15490196
1712,2.88,0.459392488
1713,0.36,-0.443697499
1714,6.08,0.783903579
1715,10.87,1.036229544
1716,30.87,1.489536629
1717,1.1,0.041392685
1718,6.91,0.839478047
1719,2.36,0.372912003
1720,0.15,-0.823908741
1721,2.02,0.305351369
1722,0.16,-0.795880017
1723,7.25,0.860338007
1724,1.04,0.017033339
1726,10.18,1.007747778
1727,3.13,0.495544338
1728,8.96,0.95230801
1729,17.11,1.23325001
1730,0.26,-0.585026652
1731,25.55,1.407390904
1732,5.79,0.762678564
1733,29.29,1.466719372
1734,2.29,0.359835482
1735,15.45,1.188928484
1736,8.36,0.922206277
1737,32.56,1.512684396
1738,0.95,-0.022276395
1739,0.25,-0.602059991
1740,2.49,0.396199347
1741,0.1,-1
1742,0.09,-1.045757491
1743,12.96,1.112605002
1744,26.72,1.426836454
1745,7.13,0.85308953
1746,6.33,0.80140371
1747,23.75,1.375663614
1748,16.7,1.222716471
1749,2.38,0.376576957
1750,31.19,1.494015375
1751,9.66,0.984977126
1752,2.92,0.465382851
1753,7.81,0.892651034
1754,3.24,0.51054501
1755,6.76,0.829946696
1756,1.91,0.281033367
1757,4.29,0.632457292
1758,3.39,0.530199698
1759,16.88,1.227372442
1760,6.21,0.7930916
1761,0.34,-0.468521083
1762,6.72,0.827369273
1763,5.56,0.745074792
1764,7.71,0.887054378
1765,8.78,0.943494516
1766,8.24,0.915927212
1767,0.36,-0.443697499
1768,0.18,-0.744727495
1769,6.46,0.810232518
1770,5.31,0.725094521
1771,4.17,0.620136055
1772,11.33,1.05422991
1773,5.88,0.769377326
1774,9.51,0.978180517
1775,2.25,0.352182518
1776,14.88,1.172602931
1777,25.95,1.414137362
1778,22.47,1.351603072
1779,14.58,1.163757524
1780,11.61,1.06483222
1781,36.96,1.567731963
1782,110.46,2.043205039
1783,10.59,1.02489596
1784,72.39,1.859678577
1785,3.49,0.542825427
1786,5.43,0.73479983
1787,3.86,0.586587305
1788,13.76,1.138618434
1789,2.68,0.428134794
1790,13.46,1.12904506
1791,5.08,0.705863712
1792,9.37,0.971739591
1793,3.45,0.537819095
1794,2.54,0.404833717
1795,3.32,0.521138084
1796,2.93,0.46686762
1797,23.36,1.368472838
1798,10.34,1.014520539
1799,25.47,1.406028945
1800,6.56,0.816903839
1801,18.87,1.2757719
1802,9.44,0.974971994
1803,5.05,0.703291378
1804,2.44,0.387389826
1805,2.2,0.342422681
1806,2.2,0.342422681
1807,2.2,0.342422681
1808,10.67,1.028164419
1809,127.71,2.106224905
1810,58.67,1.768416088
1811,225.91,2.353935456
1812,173.97,2.240474363
1813,23.47,1.37051309
1814,66.96,1.825815445
1815,131.34,2.118397012
1816,177.62,2.249491866
1817,191.68,2.282576801
1818,108.03,2.033544376
1819,33.94,1.530711838
1820,141.93,2.152074203
1821,31.3,1.495544338
1822,82.49,1.916401304
1823,79.73,1.901621764
1824,10.71,1.029789471
1825,5,0.698970004
1826,2.59,0.413299764
1827,4.27,0.630427875
1828,2.59,0.413299764
1829,7.57,0.87909588
1830,2.29,0.359835482
1831,15.78,1.198106999
1832,23.41,1.369401414
1833,90.23,1.955350957
1834,17.85,1.25163822
1835,27.8,1.444044796
1836,15.21,1.182129214
1837,2.51,0.399673721
1838,5.33,0.726727209
1839,4.28,0.631443769
1840,1.92,0.283301229
1841,1.1,0.041392685
1842,1.1,0.041392685
1843,6.07,0.783188691
1844,3.38,0.5289167
1845,1.62,0.209515015
1846,1.41,0.149219113
1847,1.2,0.079181246
1848,1.27,0.103803721
1849,1.29,0.11058971
1850,1.13,0.053078443
1851,1.15,0.06069784
1852,1.1,0.041392685
1853,1.1,0.041392685
1854,29.74,1.473340964
1855,1.44,0.158362492
1856,1.16,0.064457989
1857,1.1,0.041392685
1858,4.14,0.617000341
1859,35.05,1.544688022
1860,14.36,1.15715444
1861,5.18,0.71432976
1862,2.37,0.374748346
1863,1.97,0.294466226
1864,1.46,0.164352856
1865,4.38,0.641474111
1866,1.23,0.089905111
1867,1.13,0.053078443
1868,1.1,0.041392685
1869,1.1,0.041392685
1870,1.1,0.041392685
1871,1.1,0.041392685
1872,1.17,0.068185862
1873,1.1,0.041392685
1874,1.1,0.041392685
1875,2.38,0.376576957
1876,1.1,0.041392685
1877,1.1,0.041392685
1878,1.1,0.041392685
1879,1.1,0.041392685
1880,1.1,0.041392685
1881,1.1,0.041392685
1882,1.1,0.041392685
1883,1.1,0.041392685
1884,1.1,0.041392685
1885,1.1,0.041392685
1886,1.1,0.041392685
1887,1.1,0.041392685
1888,1.1,0.041392685
1889,1.1,0.041392685
1890,1.1,0.041392685
1891,1.1,0.041392685
1892,1.58,0.198657087
1893,1.75,0.243038049
1894,1.22,0.086359831
1895,1.13,0.053078443
1896,1.1,0.041392685
1897,1.1,0.041392685
1898,1.1,0.041392685
1899,1.1,0.041392685
1900,1.1,0.041392685
1901,1.1,0.041392685
1902,1.1,0.041392685
1909,2.27,0.356025857
1910,3.65,0.562292864
1911,0.93,-0.031517051
1912,2.86,0.456366033
1913,14.07,1.148294097
1914,13.36,1.125806458
1915,9.21,0.96425963
1916,0.63,-0.200659451
1917,4.34,0.63748973
1918,0.08,-1.096910013
1923,0.2,-0.698970004
1924,3.5,0.544068044
1925,9.87,0.994317153
1926,5.21,0.716837723
1927,0.13,-0.886056648
1929,5.16,0.712649702
1930,1.36,0.133538908
1934,7.5,0.875061263
1935,1.1,0.041392685
1936,1.86,0.269512944
1937,0.03,-1.522878745
1938,1.71,0.23299611
1939,0.81,-0.091514981
1940,1.71,0.23299611
1941,1.1,0.041392685
1942,37.76,1.577031986
1943,0.8,-0.096910013
1944,0.06,-1.22184875
1945,5.24,0.719331287
1946,19.26,1.284656283
1947,8.18,0.912753304
1948,3.84,0.584331224
1949,0.32,-0.494850022
1950,0.03,-1.522878745
1952,0.33,-0.48148606
1953,2.43,0.385606274
1954,0.38,-0.420216403
1955,1.2,0.079181246
1956,21.64,1.335257256
1957,6.55,0.8162413
1958,2.31,0.36361198
1959,7.16,0.854913022
1960,23.63,1.373463722
1961,10.23,1.009875634
1962,3.24,0.51054501
1963,9.48,0.976808337
1964,5.27,0.721810615
1965,22.51,1.352375495
1966,5.34,0.727541257
1967,7.13,0.85308953
1968,12.91,1.110926242
1969,9.25,0.966141733
1970,4.5,0.653212514
1971,26.34,1.420615771
1972,19.95,1.2999429
1973,0.53,-0.27572413
1974,5.28,0.722633923
1975,5.44,0.7355989
1976,1.48,0.170261715
1977,0.42,-0.37675071
1978,1.25,0.096910013
1979,1.91,0.281033367
1980,0.09,-1.045757491
1983,2.45,0.389166084
1984,14,1.146128036
1985,11.2,1.049218023
1986,0.09,-1.045757491
1987,16.23,1.21031852
1988,10.28,1.011993115
1989,25.48,1.406199424
1990,3.12,0.494154594
1991,3.64,0.561101384
1992,0.54,-0.26760624
1993,0.04,-1.397940009
1995,0.07,-1.15490196
1996,0.55,-0.259637311
1997,0.12,-0.920818754
2002,3.76,0.575187845
2003,0.85,-0.070581074
2006,3.94,0.595496222
2007,13.33,1.124830149
2009,18.41,1.265053789
2010,7.61,0.881384657
2011,0.5,-0.301029996
2012,5.55,0.744292983
2013,9.44,0.974971994
2014,2.82,0.450249108
2015,0.12,-0.920818754
2016,0.03,-1.522878745
2018,1.01,0.004321374
2019,2.66,0.424881637
2020,0.5,-0.301029996
2021,10.04,1.001733713
2022,0.26,-0.585026652
2023,4.67,0.669316881
2024,0.32,-0.494850022
2025,18.8,1.274157849
2026,0.05,-1.301029996
2027,11.35,1.054995862
2028,1.34,0.127104798
2030,2.89,0.460897843
2031,4.44,0.64738297
2032,0.05,-1.301029996
2033,4.41,0.644438589
2034,0.42,-0.37675071
2035,5,0.698970004
2036,20.79,1.317854489
2037,4.19,0.622214023
2038,0.28,-0.552841969
2039,12.53,1.097951071
2040,32.4,1.51054501
2041,6.03,0.780317312
2042,0.16,-0.795880017
2043,3.84,0.584331224
2044,2.09,0.320146286
2045,14.18,1.151676231
2046,4.1,0.612783857
2047,35.97,1.555940438
2048,4.1,0.612783857
2049,0.65,-0.187086643
2050,9.59,0.981818607
2051,2.7,0.431363764
2052,7.24,0.859738566
2053,0.51,-0.292429824
2054,0.58,-0.236572006
2055,4.77,0.678518379
2056,2.18,0.338456494
2057,16.39,1.214578954
2058,17.42,1.241048151
2059,0.99,-0.004364805
2060,3.17,0.501059262
2061,17.66,1.246990699
2062,0.27,-0.568636236
2063,0.84,-0.075720714
2064,4.68,0.670245853
2065,0.03,-1.522878745
2066,0.19,-0.721246399
2067,9.74,0.988558957
2068,0.54,-0.26760624
2069,0.92,-0.036212173
2070,0.14,-0.853871964
2071,1.1,0.041392685
2072,4.81,0.682145076
2073,4.82,0.683047038
2074,3.31,0.519827994
2075,6.79,0.831869774
2076,7.1,0.851258349
2077,14.04,1.147367108
2078,0.63,-0.200659451
2079,0.61,-0.214670165
2080,5.97,0.775974331
2081,15.67,1.195068996
2082,1.76,0.245512668
2084,3.73,0.571708832
2085,5.58,0.746634199
2086,0.31,-0.508638306
2087,2.89,0.460897843
2088,0.12,-0.920818754
2089,0.95,-0.022276395
2090,10.9,1.037426498
2091,0.77,-0.113509275
2092,0.11,-0.958607315
2093,2.65,0.423245874
2094,0.28,-0.552841969
2095,61.08,1.785899028
2096,16.5,1.217483944
2097,13.8,1.139879086
2098,20.99,1.322012439
2099,13.36,1.125806458
2100,3.74,0.572871602
2102,0.33,-0.48148606
2103,1.72,0.235528447
2104,10.91,1.037824751
2105,0.78,-0.107905397
2106,3.17,0.501059262
2107,17.2,1.235528447
2108,3.95,0.596597096
2109,4.32,0.635483747
2110,2.25,0.352182518
2111,26,1.414973348
2112,2.83,0.451786436
2113,3.28,0.515873844
2114,13.14,1.118595365
2115,2.28,0.357934847
2116,10.02,1.000867722
2117,2.69,0.42975228
2118,0.04,-1.397940009
2121,3.35,0.525044807
2122,10.81,1.033825694
2123,8.02,0.904174368
2124,6.27,0.797267541
2125,1.67,0.222716471
2126,20.2,1.305351369
2127,42.72,1.630631244
2128,22.89,1.359645793
2129,4.88,0.688419822
2130,20.01,1.301247089
2131,17.65,1.24674471
2132,3.23,0.509202522
2133,29.05,1.463146137
2134,11.33,1.05422991
2135,16.95,1.229169703
2136,8.85,0.946943271
2137,8.59,0.933993164
2138,1.23,0.089905111
2139,4.78,0.679427897
2140,7,0.84509804
2141,4.34,0.63748973
2142,14.35,1.156851901
2143,3.45,0.537819095
2144,12.33,1.090963077
2145,4.66,0.668385917
2146,21.5,1.33243846
2147,5.18,0.71432976
2148,3.04,0.482873584
2149,66.18,1.820726763
2150,9.63,0.983626287
2151,12.61,1.100715087
2152,1.02,0.008600172
2153,4.37,0.640481437
2154,1.12,0.049218023
2155,9.08,0.958085849
2156,52.22,1.717836867
2157,31.97,1.504742636
2158,12.7,1.103803721
2159,25.31,1.403292145
2160,5.33,0.726727209
2161,3.58,0.553883027
2162,17.97,1.254548077
2163,2.95,0.469822016
2164,5.11,0.7084209
2165,25.33,1.40363519
2166,10.32,1.013679697
2167,12.8,1.10720997
2168,5.09,0.706717782
2169,2.8,0.447158031
2170,4,0.602059991
2171,21.89,1.340245762
2172,11.25,1.051152522
2173,8.55,0.931966115
2174,1.31,0.117271296
2175,2.22,0.346352974
2176,25.24,1.402089351
2177,8.52,0.930439595
2178,2.47,0.392696953
2179,2.22,0.346352974
2180,3.61,0.557507202
2181,2.32,0.365487985
2182,2.37,0.374748346
2183,6.94,0.84135947
2184,16.72,1.223236273
2185,3.11,0.492760389
2186,110.55,2.043558747
2187,181.2,2.258158193
2188,5.79,0.762678564
2189,2.42,0.383815366
2190,16.61,1.220369632
2191,31.29,1.495405563
2192,6.18,0.790988475
2193,2.81,0.44870632
2194,3.71,0.56937391
2195,2.22,0.346352974
2196,2.32,0.365487985
2197,2.22,0.346352974
2198,2.42,0.383815366
2199,2.22,0.346352974
2200,2.26,0.354108439
2201,2.31,0.36361198
2202,2.22,0.346352974
2203,2.22,0.346352974
2204,4.68,0.670245853
2205,7.45,0.872156273
2206,7.6,0.880813592
2207,4.61,0.663700925
2208,2.33,0.367355921
2209,2.26,0.354108439
2210,2.28,0.357934847
2211,9.91,0.996073654
2212,69.6,1.84260924
2213,1.22,0.086359831
2214,8.28,0.918030337
2215,17.22,1.236033147
2216,36.45,1.561697533
2217,19.35,1.286680969
2218,16.96,1.229425848
2219,2.72,0.434568904
2220,1.33,0.123851641
2221,6.97,0.843232778
2222,1.29,0.11058971
2223,11.32,1.053846427
2224,17.58,1.245018871
2225,73.24,1.864748336
2226,36.8,1.565847819
2227,56.63,1.753046562
2228,24.49,1.388988785
2229,2.12,0.326335861
2230,1.38,0.139879086
2231,2,0.301029996
2232,4.82,0.683047038
2233,9.13,0.960470778
2234,23.67,1.374198258
2235,1.62,0.209515015
2236,3.14,0.496929648
2237,1.87,0.271841607
2238,1.13,0.053078443
2239,6.5,0.812913357
2240,19.35,1.286680969
2241,1.13,0.053078443
2242,1.13,0.053078443
2243,1.1,0.041392685
2244,1.1,0.041392685
2245,1.1,0.041392685
2246,1.36,0.133538908
2247,7.86,0.895422546
2248,35.44,1.549493713
2249,23.8,1.376576957
2250,3.27,0.514547753
2251,1.25,0.096910013
2252,2.28,0.357934847
2253,1.1,0.041392685
2254,1.17,0.068185862
2255,2.05,0.311753861
2256,1.13,0.053078443
2257,1.13,0.053078443
2258,1.1,0.041392685
2259,1.1,0.041392685
2260,1.1,0.041392685
2261,1.1,0.041392685
2262,1.1,0.041392685
2263,1.1,0.041392685
2264,1.1,0.041392685
2265,1.1,0.041392685
2266,1.1,0.041392685
2267,1.1,0.041392685
2268,1.1,0.041392685
2269,1.1,0.041392685
2270,1.1,0.041392685
2271,1.1,0.041392685
2272,1.1,0.041392685
2273,1.1,0.041392685
2274,1.1,0.041392685
2275,1.1,0.041392685
2276,3.72,0.57054294
2277,1.26,0.100370545
2278,9.32,0.969415912
2279,1.1,0.041392685
2280,1.1,0.041392685
2281,1.1,0.041392685
2284,1.22,0.086359831
2290,1.02,0.008600172
2292,1.72,0.235528447
2293,3.43,0.53529412
2294,0.91,-0.040958608
2295,12.52,1.097604329
2296,0.11,-0.958607315
2297,3.5,0.544068044
2298,3.63,0.559906625
2299,0.09,-1.045757491
2304,2.1,0.322219295
2305,0.16,-0.795880017
2306,1.37,0.136720567
2308,0.61,-0.214670165
2310,1.31,0.117271296
2313,2.17,0.336459734
2314,1.19,0.075546961
2315,0.21,-0.677780705
2316,6.69,0.825426118
2317,7.37,0.867467488
2318,12.21,1.086715664
2319,13.95,1.144574208
2320,5.15,0.711807229
2321,0.03,-1.522878745
2323,0.67,-0.173925197
2324,11.42,1.057666104
2325,6.69,0.825426118
2326,0.8,-0.096910013
2327,0.77,-0.113509275
2328,1.39,0.1430148
2329,0.53,-0.27572413
2330,5.29,0.723455672
2331,0.74,-0.13076828
2332,0.13,-0.886056648
2335,2.73,0.436162647
2336,9.59,0.981818607
2337,3.69,0.567026366
2338,17.1,1.23299611
2339,18.69,1.271609301
2340,20.43,1.310268367
2341,33.96,1.530967682
2342,12.46,1.095518042
2343,4.51,0.654176542
2344,13.8,1.139879086
2345,10.32,1.013679697
2346,1.61,0.206825876
2348,4.34,0.63748973
2349,2.43,0.385606274
2350,24.15,1.382917135
2351,0.1,-1
2352,4.16,0.619093331
2353,12.14,1.084218687
2354,1.95,0.290034611
2355,3.98,0.599883072
2356,24.8,1.394451681
2357,6.66,0.823474229
2358,3.46,0.539076099
2359,32.88,1.516931809
2360,2.27,0.356025857
2361,0.03,-1.522878745
2362,0.24,-0.619788758
2363,17.06,1.231979027
2364,1.25,0.096910013
2365,16,1.204119983
2366,9.96,0.998259338
2367,0.15,-0.823908741
2368,32.84,1.516403148
2369,1.97,0.294466226
2371,2.06,0.31386722
2372,4.77,0.678518379
2373,0.03,-1.522878745
2374,0.41,-0.387216143
2377,32.03,1.505556939
2378,12.6,1.100370545
2379,16.36,1.213783299
2380,35.8,1.553883027
2381,1.98,0.29666519
2382,5.22,0.717670503
2383,4.91,0.691081492
2384,11.43,1.05804623
2385,12.45,1.095169351
2386,10.07,1.003029471
2387,3.32,0.521138084
2388,20,1.301029996
2389,10.13,1.005609445
2390,8.92,0.950364854
2391,6.74,0.828659897
2392,8.82,0.945468585
2393,2.16,0.334453751
2394,0.13,-0.886056648
2395,4.9,0.69019608
2396,3.66,0.563481085
2397,3.82,0.582063363
2398,21.02,1.322632712
2399,4.7,0.672097858
2400,34.99,1.543943942
2401,5.83,0.765668555
2402,0.66,-0.180456064
2403,0.51,-0.292429824
2408,2.83,0.451786436
2409,0.54,-0.26760624
2412,15.1,1.178976947
2413,23.16,1.364738555
2414,10.12,1.005180513
2415,0.85,-0.070581074
2416,4.97,0.696356389
2417,0.08,-1.096910013
2419,1.19,0.075546961
2420,2.88,0.459392488
2421,1.07,0.029383778
2422,10.85,1.035429738
2423,3.15,0.498310554
2424,0.81,-0.091514981
2425,1.76,0.245512668
2426,8.51,0.92992956
2427,19.19,1.283074975
2428,1.72,0.235528447
2429,27.47,1.438858659
2430,14.3,1.155336037
2431,4.5,0.653212514
2432,0.65,-0.187086643
2433,12.02,1.079904468
2434,4.7,0.672097858
2435,5.18,0.71432976
2436,8.32,0.920123326
2437,0.97,-0.013228266
2438,12.98,1.113274692
2439,7.47,0.873320602
2440,13.78,1.139249218
2441,15.84,1.199755177
2442,12.13,1.083860801
2443,0.63,-0.200659451
2444,1.31,0.117271296
2445,15.29,1.184407485
2446,1.74,0.240549248
2447,0.39,-0.408935393
2448,5.25,0.720159303
2449,19.05,1.27989498
2450,8.26,0.916980047
2451,22.65,1.355068206
2452,4.89,0.689308859
2453,13.95,1.144574208
2454,0.56,-0.251811973
2455,25.14,1.400365273
2456,13.42,1.127752516
2457,1.18,0.071882007
2458,0.43,-0.366531544
2459,8.58,0.933487288
2460,5.36,0.72916479
2461,1.59,0.201397124
2462,5.94,0.773786445
2463,0.91,-0.040958608
2464,0.79,-0.102372909
2465,0.74,-0.13076828
2466,0.42,-0.37675071
2467,16.45,1.216165902
2468,0.83,-0.080921908
2469,12.74,1.105169428
2470,2.21,0.344392274
2471,19.66,1.293583513
2472,4.03,0.605305046
2473,1,0
2474,6.15,0.788875116
2475,0.42,-0.37675071
2476,3.66,0.563481085
2477,10.28,1.011993115
2478,10.79,1.033021445
2479,6.58,0.818225894
2480,23.95,1.379305518
2481,12.32,1.090610708
2482,7.64,0.883093359
2483,6.64,0.822168079
2484,23.97,1.379668034
2485,9.51,0.978180517
2486,25.24,1.402089351
2487,3.25,0.511883361
2488,0.55,-0.259637311
2489,0.72,-0.142667504
2490,3.05,0.484299839
2491,7.92,0.898725182
2492,0.82,-0.086186148
2493,10.27,1.011570444
2494,6.62,0.820857989
2495,10.1,1.004321374
2496,13.21,1.120902818
2497,13.59,1.133219457
2498,2.87,0.457881897
2499,5.32,0.725911632
2500,28.35,1.452553063
2501,3.93,0.59439255
2502,22.39,1.350054094
2503,4.2,0.62324929
2504,17.36,1.239549721
2505,9.8,0.991226076
2506,10.64,1.026941628
2507,4.67,0.669316881
2508,9.32,0.969415912
2509,1.62,0.209515015
2510,16.94,1.228913406
2511,81.56,1.911477217
2512,2.83,0.451786436
2513,4.9,0.69019608
2514,1.49,0.173186268
2515,12.02,1.079904468
2516,1.42,0.152288344
2518,3.72,0.57054294
2519,4.27,0.630427875
2520,4.81,0.682145076
2521,22.66,1.355259906
2522,7.86,0.895422546
2523,10.44,1.018700499
2524,85.46,1.931762888
2525,2.12,0.326335861
2526,59.52,1.774662923
2527,28.62,1.456669629
2528,34.17,1.533644979
2529,1.81,0.257678575
2530,0.19,-0.721246399
2531,7.64,0.883093359
2532,12.59,1.10002573
2533,11.52,1.061452479
2534,1.72,0.235528447
2535,24.34,1.386320574
2536,8.09,0.907948522
2537,0.05,-1.301029996
2538,3.65,0.562292864
2539,0.23,-0.638272164
2541,0.14,-0.853871964
2542,8.51,0.92992956
2543,12.85,1.108903128
2544,21.33,1.328990855
2545,5.47,0.737987326
2546,1.31,0.117271296
2547,10.54,1.022840611
2548,54.92,1.739730529
2549,37.22,1.570776369
2550,29.41,1.468495025
2551,28.86,1.460296327
2552,18.27,1.261738547
2553,4.94,0.693726949
2554,0.19,-0.721246399
2555,17.5,1.243038049
2556,253.85,2.404577168
2557,65.18,1.814114356
2558,134.71,2.129399836
2559,183.61,2.263896331
2560,15.22,1.182414652
2561,0.07,-1.15490196
2562,12.86,1.109240969
2563,0.98,-0.008773924
2564,1.77,0.247973266
2565,0.09,-1.045757491
2566,0.05,-1.301029996
2570,4.64,0.666517981
2571,0.05,-1.301029996
2573,41.92,1.622421274
2574,11.56,1.062957834
2575,96.62,1.985067033
2576,49.97,1.698709349
2577,244.36,2.388030116
2578,41,1.612783857
2579,42.1,1.624282096
2580,91.36,1.960756091
2581,48.06,1.681783766
2582,67.08,1.826593054
2583,40.43,1.606703741
2584,2.19,0.340444115
2585,0.08,-1.096910013
2586,7.24,0.859738566
2587,1.91,0.281033367
2588,0.27,-0.568636236
2590,5.56,0.745074792
2591,2.85,0.45484486
2592,4.25,0.62838893
2593,0.73,-0.13667714
2595,0.03,-1.522878745
2597,1.27,0.103803721
2598,14.77,1.169380495
2599,11.29,1.052693942
2600,23.14,1.364363355
2601,16.18,1.208978517
2602,10.18,1.007747778
2603,4.47,0.650307523
2604,2.66,0.424881637
2605,30.03,1.477555332
2606,4.36,0.639486489
2607,0.47,-0.327902142
2608,0.46,-0.337242168
2609,1.85,0.267171728
2610,7.21,0.857935265
2611,1.38,0.139879086
2612,7.26,0.860936621
2613,52.03,1.716253826
2614,33.59,1.526210004
2615,18.75,1.273001272
2616,38.99,1.590953235
2617,21.23,1.326949994
2618,1.1,0.041392685
2619,0.83,-0.080921908
2620,0.39,-0.408935393
2621,0.39,-0.408935393
2622,0.39,-0.408935393
2623,0.39,-0.408935393
2624,0.39,-0.408935393
2625,0.39,-0.408935393
2626,0.39,-0.408935393
2627,0.39,-0.408935393
2628,0.39,-0.408935393
2629,0.39,-0.408935393
2630,0.44,-0.356547324
2631,0.44,-0.356547324
2632,0.39,-0.408935393
2633,0.42,-0.37675071
2634,2.28,0.357934847
2635,7.47,0.873320602
2636,4.85,0.685741739
2637,2.96,0.471291711
2638,0.83,-0.080921908
2639,1.2,0.079181246
2640,1.73,0.238046103
2641,9.23,0.965201701
2642,11.41,1.057285644
2643,22.79,1.357744325
2644,14.76,1.169086357
2645,3.73,0.571708832
2646,3.04,0.482873584
2647,21.32,1.3287872
2648,20.96,1.321391278
2649,23.2,1.365487985
2650,3.93,0.59439255
2651,0.92,-0.036212173
2652,3.65,0.562292864
2653,7.13,0.85308953
2654,11.13,1.046495164
2655,9.01,0.954724791
2656,12.69,1.103461622
2657,4.18,0.621176282
2658,0.96,-0.017728767
2659,10.84,1.035029282
2660,4,0.602059991
2661,0.48,-0.318758763
2662,0.42,-0.37675071
2663,1.29,0.11058971
2664,24.73,1.393224116
2665,6.27,0.797267541
2666,5.43,0.73479983
2667,0.82,-0.086186148
2668,1.91,0.281033367
2669,4.88,0.688419822
2670,8.74,0.941511433
2671,7.81,0.892651034
2672,0.42,-0.37675071
2673,5.9,0.770852012
2674,0.47,-0.327902142
2675,10.15,1.006466042
2676,0.56,-0.251811973
2677,1.26,0.100370545
2678,0.56,-0.251811973
2679,13.37,1.126131407
2680,0.79,-0.102372909
2681,22.75,1.356981401
2682,3.11,0.492760389
2683,3.43,0.53529412
2684,7.27,0.861534411
2685,8.77,0.942999593
2686,49.33,1.693111115
2687,1.15,0.06069784
2688,2.13,0.328379603
2689,8.86,0.947433722
2690,5.7,0.755874856
2691,3.45,0.537819095
2692,3.91,0.592176757
2693,1.01,0.004321374
2694,6.41,0.80685803
2695,17.49,1.242789809
2696,0.47,-0.327902142
2697,1.04,0.017033339
2698,2.48,0.394451681
2699,2.82,0.450249108
2700,4.61,0.663700925
2701,23.98,1.379849179
2702,12.64,1.101747074
2703,1.5,0.176091259
2704,1.29,0.11058971
2705,11.39,1.056523724
2706,0.81,-0.091514981
2707,15.97,1.203304916
2708,2.59,0.413299764
2709,2.12,0.326335861
2710,14.75,1.16879202
2711,10.15,1.006466042
2712,7.93,0.899273187
2713,6.05,0.781755375
2714,0.03,-1.522878745
2715,0.1,-1
2716,0.27,-0.568636236
2717,4.41,0.644438589
2718,6.54,0.815577748
2719,0.37,-0.431798276
2720,8.11,0.909020854
2721,1.11,0.045322979
2722,13.11,1.117602692
2723,4.58,0.660865478
2724,18.88,1.27600199
2725,8.82,0.945468585
2726,15.74,1.197004728
2727,24.09,1.3818368
2728,20.24,1.306210508
2729,0.53,-0.27572413
2730,1.69,0.227886705
2731,5.67,0.753583059
2732,0.65,-0.187086643
2733,25.95,1.414137362
2734,6.03,0.780317312
2735,1.19,0.075546961
2736,11.66,1.06669855
2737,2.86,0.456366033
2738,3.9,0.591064607
2739,2.84,0.45331834
2740,17.04,1.23146959
2741,6.62,0.820857989
2742,13.82,1.140508043
2743,1.49,0.173186268
2744,4,0.602059991
2745,2.55,0.40654018
2746,11.3,1.053078443
2747,1.27,0.103803721
2748,8.21,0.914343157
2749,9.91,0.996073654
2750,19.83,1.297322714
2751,6.43,0.808210973
2752,0.29,-0.537602002
2756,1.8,0.255272505
2757,0.04,-1.397940009
2758,0.86,-0.065501549
2759,6.02,0.779596491
2760,0.43,-0.366531544
2761,0.47,-0.327902142
2762,0.53,-0.27572413
2763,0.03,-1.522878745
2765,10.05,1.002166062
2766,0.12,-0.920818754
2768,2.59,0.413299764
2769,3.16,0.499687083
2770,2.22,0.346352974
2771,3.09,0.489958479
2774,0.74,-0.13076828
2775,2.94,0.46834733
2776,5.18,0.71432976
2777,7.52,0.876217841
2778,2.27,0.356025857
2779,15.12,1.179551791
2780,1.68,0.225309282
2781,10.29,1.012415375
2782,14.11,1.149527014
2783,24.36,1.386677284
2784,0.67,-0.173925197
2785,4.49,0.652246341
2786,0.11,-0.958607315
2788,3.06,0.485721426
2789,9.35,0.970811611
2790,34.21,1.534153074
2791,1.58,0.198657087
2792,1.14,0.056904851
2793,27.01,1.431524584
2794,26.9,1.42975228
2795,8.32,0.920123326
2796,23.29,1.367169489
2797,16.57,1.219322508
2798,0.1,-1
2799,11.24,1.050766311
2800,10.69,1.028977705
2801,17.02,1.230959556
2802,7.7,0.886490725
2803,1.28,0.10720997
2804,3.15,0.498310554
2805,1.24,0.093421685
2806,4.64,0.666517981
2807,0.61,-0.214670165
2808,1.56,0.193124598
2809,7.42,0.870403905
2810,20.19,1.305136319
2811,0.17,-0.769551079
2812,11.23,1.050379756
2813,9.64,0.984077034
2814,4.31,0.63447727
2815,0.64,-0.193820026
2816,2.61,0.416640507
2817,12.94,1.111934276
2818,3.17,0.501059262
2819,19.01,1.278982117
2820,1.49,0.173186268
2821,6.57,0.81756537
2822,0.65,-0.187086643
2823,9.35,0.970811611
2824,2.16,0.334453751
2825,12.4,1.093421685
2826,2.75,0.439332694
2827,11.89,1.075181855
2828,18.2,1.260071388
2829,18.53,1.267875419
2830,10.24,1.010299957
2831,13.55,1.131939295
2832,5.88,0.769377326
2833,0.55,-0.259637311
2834,2.95,0.469822016
2835,0.51,-0.292429824
2836,8.23,0.915399835
2837,10.46,1.019531685
2838,11.46,1.059184618
2839,15.45,1.188928484
2840,4.43,0.646403726
2841,28.8,1.459392488
2842,12.61,1.100715087
2843,1.36,0.133538908
2844,1.15,0.06069784
2845,0.56,-0.251811973
2846,0.57,-0.244125144
2847,0.59,-0.229147988
2848,28.8,1.459392488
2849,0.17,-0.769551079
2850,3.63,0.559906625
2851,5.33,0.726727209
2852,3.3,0.51851394
2853,0.05,-1.301029996
2854,1.74,0.240549248
2855,2.62,0.418301291
2856,14.42,1.15896526
2857,7.05,0.848189117
2858,14.46,1.160168293
2859,24.79,1.394276527
2860,2.92,0.465382851
2861,2.9,0.462397998
2862,6.49,0.812244697
2863,10.86,1.035829825
2864,1.96,0.292256071
2865,8.66,0.937517892
2866,1.25,0.096910013
2867,25.99,1.41480628
2868,20.03,1.301680949
2869,8.77,0.942999593
2870,1.08,0.033423755
2871,19.93,1.299507299
2872,1.48,0.170261715
2873,4.79,0.680335513
2874,36.22,1.558948446
2875,9.94,0.997386384
2876,6.58,0.818225894
2877,2.24,0.350248018
2878,2.62,0.418301291
2879,3.17,0.501059262
2880,1.9,0.278753601
2881,11.59,1.064083436
2882,5.04,0.702430536
2883,29.11,1.464042205
2884,11.01,1.041787319
2885,26.7,1.426511261
2886,88.36,1.946255707
2887,167.07,2.222898473
2888,37.63,1.575534218
2889,24.8,1.394451681
2890,61.04,1.785614525
2891,44.31,1.64650175
2892,25.97,1.41447195
2893,2.93,0.46686762
2894,14.81,1.170555059
2895,20.61,1.314077992
2896,4.23,0.626340367
2897,29.41,1.468495025
2898,32.5,1.511883361
2899,3.6,0.556302501
2900,9.43,0.974511693
2901,0.51,-0.292429824
2902,1.27,0.103803721
2903,0.58,-0.236572006
2904,3,0.477121255
2905,0.7,-0.15490196
2906,0.58,-0.236572006
2907,16.78,1.224791956
2908,16.99,1.230193379
2909,1.19,0.075546961
2910,1.95,0.290034611
2911,0.26,-0.585026652
2912,11.75,1.070037867
2913,32.92,1.517459827
2914,11.84,1.073351702
2915,1.28,0.10720997
2916,4.35,0.638489257
2917,26.57,1.424391554
2918,3.43,0.53529412
2919,108.46,2.0352696
2920,47.65,1.678062905
2921,88.59,1.947384702
2922,129.78,2.11320777
2923,57.89,1.76260355
2924,50.52,1.703463342
2925,18.76,1.273232834
2926,4.09,0.611723308
2927,7.18,0.856124444
2928,1.18,0.071882007
2929,12.3,1.089905111
2930,1.91,0.281033367
2931,13.6,1.133538908
2932,19.63,1.2929203
2933,12.69,1.103461622
2934,23.72,1.375114685
2935,7.35,0.866287339
2936,3.39,0.530199698
2937,1.72,0.235528447
2938,0.69,-0.161150909
2939,0.58,-0.236572006
2940,17.41,1.240798771
2941,39.99,1.601951404
2942,41.64,1.619510721
2943,1.02,0.008600172
2944,12.76,1.105850674
2945,5.8,0.763427994
2946,3.36,0.526339277
2947,17,1.230448921
2948,3.37,0.527629901
2949,2.12,0.326335861
2950,2.41,0.382017043
2951,0.6,-0.22184875
2952,3.04,0.482873584
2953,6.73,0.828015064
2954,13.06,1.115943177
2955,4.44,0.64738297
2956,2.43,0.385606274
2957,0.85,-0.070581074
2958,0.62,-0.207608311
2959,0.51,-0.292429824
2960,0.51,-0.292429824
2961,0.51,-0.292429824
2962,0.51,-0.292429824
2963,0.51,-0.292429824
2964,0.66,-0.180456064
2965,9.27,0.967079734
2966,6.69,0.825426118
2967,0.51,-0.292429824
2968,0.94,-0.026872146
2969,0.51,-0.292429824
2970,0.51,-0.292429824
2971,4.43,0.646403726
2972,0.63,-0.200659451
2974,0.18,-0.744727495
2975,37.55,1.574609941
2976,34.9,1.542825427
2977,0.16,-0.795880017
2979,0.42,-0.37675071
2983,1.8,0.255272505
2985,1.52,0.181843588
2986,0.74,-0.13076828
2987,29.47,1.469380136
2988,21.28,1.327971624
2989,6.22,0.793790385
2990,4.01,0.603144373
2991,1.82,0.260071388
2992,3.82,0.582063363
2993,2.16,0.334453751
2995,2.63,0.419955748
2996,13.87,1.142076461
2998,0.29,-0.537602002
2999,0.72,-0.142667504
3000,0.03,-1.522878745
3003,0.55,-0.259637311
3004,4.28,0.631443769
3005,2.18,0.338456494
3006,6.65,0.822821645
3007,0.74,-0.13076828
3008,0.11,-0.958607315
3010,1.89,0.276461804
3011,0.21,-0.677780705
3012,1.05,0.021189299
3013,0.19,-0.721246399
3014,0.03,-1.522878745
3019,12.75,1.105510185
3020,2.62,0.418301291
3021,8.37,0.922725458
3022,0.64,-0.193820026
3023,0.21,-0.677780705
3025,1.22,0.086359831
3026,0.31,-0.508638306
3028,0.39,-0.408935393
3029,7.51,0.875639937
3030,4.05,0.607455023
3031,3.95,0.596597096
3032,0.03,-1.522878745
3033,0.35,-0.455931956
3034,4.91,0.691081492
3035,0.68,-0.167491087
3036,5.19,0.715167358
3037,14.94,1.174350597
3038,8.47,0.92788341
3039,0.33,-0.48148606
3040,19.23,1.283979284
3041,5.29,0.723455672
3042,1.08,0.033423755
3043,4.5,0.653212514
3044,0.21,-0.677780705
3045,0.03,-1.522878745
3046,17.8,1.250420002
3047,2.28,0.357934847
3048,10.43,1.018284308
3049,1.86,0.269512944
3050,1.89,0.276461804
3051,3.62,0.558708571
3052,0.05,-1.301029996
3053,0.62,-0.207608311
3054,1.93,0.285557309
3055,1.95,0.290034611
3056,3.63,0.559906625
3057,8.94,0.951337519
3058,1.9,0.278753601
3059,0.1,-1
3060,0.09,-1.045757491
3061,0.09,-1.045757491
3062,6.95,0.841984805
3063,9.32,0.969415912
3064,1.01,0.004321374
3065,3.54,0.549003262
3067,0.45,-0.346787486
3068,0.52,-0.283996656
3069,0.12,-0.920818754
3070,30.61,1.48586333
3071,0.12,-0.920818754
3072,8.9,0.949390007
3073,48.17,1.682776646
3074,2.51,0.399673721
3075,0.71,-0.148741651
3076,0.48,-0.318758763
3077,2.64,0.421603927
3078,6.15,0.788875116
3079,0.82,-0.086186148
3080,22.86,1.359076226
3081,0.63,-0.200659451
3082,0.48,-0.318758763
3083,1.61,0.206825876
3084,0.48,-0.318758763
3085,0.48,-0.318758763
3086,0.48,-0.318758763
3087,1.32,0.120573931
3088,0.48,-0.318758763
3089,0.48,-0.318758763
3090,5.85,0.767155866
3091,0.68,-0.167491087
3092,10.63,1.026533265
3093,9.57,0.980911938
3094,2.66,0.424881637
3095,22.08,1.343999069
3096,0.88,-0.055517328
3097,13.9,1.1430148
3098,1.4,0.146128036
3099,0.9,-0.045757491
3100,10.36,1.015359755
3101,5.55,0.744292983
3102,0.69,-0.161150909
3103,15.93,1.202215776
3104,1.07,0.029383778
3105,0.97,-0.013228266
3106,2.53,0.403120521
3107,0.55,-0.259637311
3108,0.03,-1.522878745
3111,30.8,1.488550717
3112,0.58,-0.236572006
3113,0.07,-1.15490196
3118,6.67,0.824125834
3119,2.25,0.352182518
3120,18.01,1.255513713
3121,1.05,0.021189299
3122,26.13,1.41713941
3123,1.31,0.117271296
3124,0.56,-0.251811973
3125,6.15,0.788875116
3126,25.24,1.402089351
3127,17.55,1.244277121
3128,0.66,-0.180456064
3129,10.54,1.022840611
3130,28.04,1.447778009
3131,14.01,1.146438135
3132,4.05,0.607455023
3133,10.55,1.02325246
3134,30.44,1.483444648
3135,0.08,-1.096910013
3137,2.57,0.409933123
3138,0.5,-0.301029996
3139,5,0.698970004
3140,2.34,0.369215857
3141,4.71,0.673020907
3142,8.14,0.910624405
3143,9.68,0.985875357
3144,1.28,0.10720997
3145,0.03,-1.522878745
3146,0.04,-1.397940009
3149,1.73,0.238046103
3150,15.15,1.180412633
3151,3.74,0.572871602
3152,0.2,-0.698970004
3153,0.03,-1.522878745
3154,7.6,0.880813592
3155,16.21,1.209783015
3156,0.11,-0.958607315
3157,0.23,-0.638272164
3158,13.56,1.13225969
3159,0.95,-0.022276395
3160,0.03,-1.522878745
3161,22.41,1.350441857
3162,7.54,0.877371346
3163,1.43,0.155336037
3164,18.22,1.260548373
3165,3.4,0.531478917
3166,1.74,0.240549248
3167,13.67,1.135768515
3168,8.37,0.922725458
3169,0.12,-0.920818754
3170,22.42,1.350635608
3171,18.25,1.261262869
3172,2.25,0.352182518
3173,10.93,1.038620162
3174,20.75,1.317018101
3175,13.6,1.133538908
3176,2.14,0.330413773
3177,1.22,0.086359831
3178,5.96,0.77524626
3179,13.79,1.139564266
3180,5.56,0.745074792
3181,4.29,0.632457292
3182,9.11,0.959518377
3183,10.86,1.035829825
3184,4.33,0.636487896
3185,0.96,-0.017728767
3186,7.56,0.878521796
3187,5.95,0.774516966
3188,0.13,-0.886056648
3189,2.48,0.394451681
3190,18.2,1.260071388
3191,11.22,1.049992857
3192,6.47,0.810904281
3193,5.56,0.745074792
3194,2.18,0.338456494
3195,2.87,0.457881897
3196,3.63,0.559906625
3197,4.37,0.640481437
3198,8.41,0.924795996
3199,11.79,1.071513805
3200,18.48,1.266701967
3201,8.07,0.906873535
3202,13.8,1.139879086
3203,3.44,0.536558443
3204,0.2,-0.698970004
3205,8.95,0.951823035
3206,10.57,1.024074987
3207,8.34,0.921166051
3208,25.96,1.414304688
3209,2.41,0.382017043
3210,7.49,0.874481818
3211,7.4,0.86923172
3212,18,1.255272505
3213,16.4,1.214843848
3214,0.19,-0.721246399
3215,3.73,0.571708832
3216,2.79,0.445604203
3217,5.56,0.745074792
3218,5.89,0.770115295
3219,5.01,0.699837726
3220,8.64,0.936513742
3221,5.11,0.7084209
3222,2.5,0.397940009
3223,7.11,0.851869601
3224,24.42,1.38774566
3225,6.97,0.843232778
3226,4.9,0.69019608
3227,47.55,1.677150521
3228,39.6,1.597695186
3229,30,1.477121255
3230,64.96,1.812646016
3231,47.02,1.672282625
3232,13.05,1.115610512
3233,4.46,0.649334859
3234,3.52,0.546542663
3235,14.2,1.152288344
3236,11.6,1.064457989
3237,5.9,0.770852012
3238,2.19,0.340444115
3239,10.73,1.030599722
3240,10.46,1.019531685
3241,3.34,0.523746467
3242,9.14,0.960946196
3243,4.04,0.606381365
3244,25.59,1.408070286
3245,3.34,0.523746467
3246,12.65,1.102090526
3247,4.46,0.649334859
3248,0.07,-1.15490196
3250,2.95,0.469822016
3251,0.92,-0.036212173
3252,0.95,-0.022276395
3253,13.06,1.115943177
3254,21.25,1.327358934
3255,40.06,1.602710945
3256,52.21,1.717753693
3257,27.03,1.431846046
3258,52.9,1.723455672
3259,33.48,1.524785449
3260,47.75,1.678973376
3261,41.32,1.616160313
3262,8.51,0.92992956
3263,3.71,0.56937391
3264,19.24,1.284205068
3265,15.62,1.19368103
3266,17.17,1.234770295
3267,109.62,2.039889798
3268,128.59,2.109207196
3269,41.38,1.616790486
3270,88.33,1.94610823
3271,2.93,0.46686762
3272,59.93,1.777644278
3273,1.28,0.10720997
3274,1,0
3275,0.44,-0.356547324
3276,0.2,-0.698970004
3278,3.19,0.503790683
3279,0.99,-0.004364805
3280,1.52,0.181843588
3281,4.94,0.693726949
3283,24.41,1.387567779
3284,0.88,-0.055517328
3285,3.68,0.565847819
3286,10.78,1.032618761
3287,0.58,-0.236572006
3288,11.4,1.056904851
3289,2.88,0.459392488
3290,0.26,-0.585026652
3291,0.15,-0.823908741
3292,5.17,0.713490543
3293,8.08,0.907411361
3294,13.29,1.123524981
3295,33.7,1.527629901
3296,10.73,1.030599722
3297,4.88,0.688419822
3298,14.66,1.16613397
3299,18.51,1.267406419
3300,0.21,-0.677780705
3302,20.26,1.306639441
3303,35.12,1.545554507
3304,2.98,0.474216264
3305,6.28,0.797959644
3306,1.49,0.173186268
3307,1.55,0.190331698
3308,0.08,-1.096910013
3309,3.4,0.531478917
3310,0.52,-0.283996656
3311,0.15,-0.823908741
3313,0.1,-1
3314,2.47,0.392696953
3315,5.27,0.721810615
3316,0.05,-1.301029996
3317,4.57,0.6599162
3318,7.47,0.873320602
3319,24.76,1.39375064
3320,4.05,0.607455023
3321,0.06,-1.22184875
3324,0.18,-0.744727495
3325,0.09,-1.045757491
3326,0.08,-1.096910013
3328,0.04,-1.397940009
3329,9.62,0.983175072
3330,59.17,1.772101569
3331,2.29,0.359835482
3332,0.08,-1.096910013
3333,0.03,-1.522878745
3334,0.43,-0.366531544
3335,0.56,-0.251811973
3336,0.51,-0.292429824
3337,5.2,0.716003344
3343,3.13,0.495544338
3344,0.87,-0.060480747
3345,0.13,-0.886056648
3355,1.78,0.250420002
3356,2.09,0.320146286
3357,1.87,0.271841607
3358,0.04,-1.397940009
3364,1.1,0.041392685
3369,2.7,0.431363764
3370,0.18,-0.744727495
3371,1.64,0.214843848
3372,0.46,-0.337242168
3373,0.11,-0.958607315
3374,20.9,1.320146286
3375,6.65,0.822821645
3376,13.33,1.124830149
3377,22.9,1.359835482
3378,13.82,1.140508043
3379,2.92,0.465382851
3383,4.1,0.612783857
3384,0.07,-1.15490196
3387,20.92,1.32056168
3388,0.89,-0.050609993
3389,10.71,1.029789471
3390,1.15,0.06069784
3391,3.02,0.480006943
3392,0.09,-1.045757491
3399,1.62,0.209515015
3400,0.09,-1.045757491
3401,0.63,-0.200659451
3403,25.98,1.414639147
3404,2.32,0.365487985
3405,1.52,0.181843588
3406,5.53,0.742725131
3407,0.84,-0.075720714
3408,3.68,0.565847819
3409,0.84,-0.075720714
3410,2.14,0.330413773
3411,2.05,0.311753861
3412,3.66,0.563481085
3413,14.52,1.161966616
3414,11.92,1.076276255
3415,7.41,0.869818208
3416,2.85,0.45484486
3417,10.38,1.016197354
3418,14.8,1.170261715
3419,9.09,0.958563883
3420,9.7,0.986771734
3421,1.96,0.292256071
3422,3.8,0.579783597
3423,4.77,0.678518379
3424,1.55,0.190331698
3425,14.05,1.147676324
3426,0.18,-0.744727495
3427,4.8,0.681241237
3428,6.38,0.804820679
3429,0.16,-0.795880017
3430,1.93,0.285557309
3431,0.14,-0.853871964
3433,6.34,0.802089258
3434,1.4,0.146128036
3435,4.63,0.665580991
3436,9.42,0.974050903
3437,3.78,0.5774918
3438,17.7,1.247973266
3439,4.31,0.63447727
3440,19.61,1.292477594
3441,2.38,0.376576957
3442,21.57,1.333850145
3443,51.94,1.715501945
3444,0.46,-0.337242168
3445,3.02,0.480006943
3446,1.49,0.173186268
3447,0.66,-0.180456064
3448,11.28,1.0523091
3451,0.05,-1.301029996
3452,21.8,1.338456494
3453,13.91,1.14332713
3454,12.66,1.102433706
