DATE,value
1/1/2010,21.97
1/2/2010,18.81
1/3/2010,57.25
1/4/2010,14.14
1/5/2010,1.56
1/6/2010,19.12
1/7/2010,17.16
1/8/2010,3.01
1/9/2010,1.08
1/10/2010,1.12
1/11/2010,1.08
1/12/2010,1.08
1/13/2010,10.89
1/14/2010,7.01
1/15/2010,3.3
1/16/2010,1.12
1/17/2010,1.14
1/18/2010,1.51
1/19/2010,1.12
1/20/2010,1.89
1/21/2010,11.84
1/22/2010,3.38
1/23/2010,7.29
1/24/2010,1.6
1/25/2010,1.26
1/26/2010,76.73
1/27/2010,8.88
1/28/2010,1.23
1/29/2010,6.14
1/30/2010,0.88
1/31/2010,0.05
2/1/2010,0
2/2/2010,0
2/3/2010,3.4
2/4/2010,2.01
2/5/2010,0.35
2/6/2010,0
2/7/2010,0
2/8/2010,0
2/9/2010,0
2/10/2010,0.57
2/11/2010,0
2/12/2010,0
2/13/2010,1.41
2/14/2010,0.34
2/15/2010,0
2/16/2010,0.07
2/17/2010,9.11
2/18/2010,13.41
2/19/2010,0
2/20/2010,0.31
2/21/2010,1.16
2/22/2010,0
2/23/2010,0
2/24/2010,4.15
2/25/2010,1.11
2/26/2010,0
2/27/2010,0
2/28/2010,0
3/1/2010,0
3/2/2010,0
3/3/2010,0
3/4/2010,0
3/5/2010,0
3/6/2010,0
3/7/2010,0
3/8/2010,0
3/9/2010,0
3/10/2010,0.62
3/11/2010,6.47
3/12/2010,19.32
3/13/2010,46.4
3/14/2010,14.62
3/15/2010,0
3/16/2010,0
3/17/2010,1.56
3/18/2010,4.83
3/19/2010,13.13
3/20/2010,9
3/21/2010,2.65
3/22/2010,1.18
3/23/2010,0.51
3/24/2010,0.05
3/25/2010,0
3/26/2010,2.24
3/27/2010,0.03
3/28/2010,4.32
3/29/2010,9.77
3/30/2010,33.49
3/31/2010,0.16
4/1/2010,1.56
4/2/2010,0.1
4/3/2010,22.71
4/4/2010,26.67
4/5/2010,2.08
4/6/2010,0.09
4/7/2010,0
4/8/2010,11.18
4/9/2010,0.07
4/10/2010,0
4/11/2010,0
4/12/2010,0.86
4/13/2010,0
4/14/2010,0
4/15/2010,0
4/16/2010,5.17
4/17/2010,1.77
4/18/2010,0.87
4/19/2010,0.15
4/20/2010,0.22
4/21/2010,1.23
4/22/2010,1
4/23/2010,0
4/24/2010,0
4/25/2010,40.24
4/26/2010,20.03
4/27/2010,11.68
4/28/2010,0.5
4/29/2010,10
4/30/2010,0.7
5/1/2010,0.07
5/2/2010,0
5/3/2010,0
5/4/2010,0.84
5/5/2010,1.47
5/6/2010,0.12
5/7/2010,0
5/8/2010,0.13
5/9/2010,1.33
5/10/2010,0
5/11/2010,0
5/12/2010,13.74
5/13/2010,10.28
5/14/2010,1.31
5/15/2010,1.52
5/16/2010,11.97
5/17/2010,1.7
5/18/2010,1.19
5/19/2010,17.54
5/20/2010,5.01
5/21/2010,2.64
5/22/2010,16.22
5/23/2010,1.14
5/24/2010,1.08
5/25/2010,17.26
5/26/2010,4.19
5/27/2010,11.56
5/28/2010,4.92
5/29/2010,19.89
5/30/2010,11.46
5/31/2010,4.93
6/1/2010,6.13
6/2/2010,1.5
6/3/2010,5.56
6/4/2010,3.25
6/5/2010,3.73
6/6/2010,15.84
6/7/2010,3.98
6/8/2010,1.28
6/9/2010,18.81
6/10/2010,1.27
6/11/2010,1.93
6/12/2010,7.74
6/13/2010,4.81
6/14/2010,3.33
6/15/2010,12.01
6/16/2010,15.1
6/17/2010,1.47
6/18/2010,1.12
6/19/2010,1.22
6/20/2010,3.37
6/21/2010,1.78
6/22/2010,3.96
6/23/2010,4.82
6/24/2010,11.16
6/25/2010,15.7
6/26/2010,8.53
6/27/2010,4.66
6/28/2010,4.59
6/29/2010,20.99
6/30/2010,3.18
7/1/2010,22.24
7/2/2010,7.76
7/3/2010,8.52
7/4/2010,2.85
7/5/2010,2.12
7/6/2010,1.37
7/7/2010,10.9
7/8/2010,11.41
7/9/2010,3.73
7/10/2010,1.67
7/11/2010,1.35
7/12/2010,13.8
7/13/2010,8.95
7/14/2010,1.7
7/15/2010,10.7
7/16/2010,2.98
7/17/2010,23.62
7/18/2010,10.19
7/19/2010,19.19
7/20/2010,4.23
7/21/2010,1.12
7/22/2010,8.26
7/23/2010,13.57
7/24/2010,2.57
7/25/2010,26.47
7/26/2010,1.34
7/27/2010,1.08
7/28/2010,1.26
7/29/2010,20.58
7/30/2010,9.17
7/31/2010,8.05
8/1/2010,7.03
8/2/2010,4.39
8/3/2010,25.82
8/4/2010,18.2
8/5/2010,22.67
8/6/2010,1.53
8/7/2010,10.83
8/8/2010,1.14
8/9/2010,1.26
8/10/2010,1.42
8/11/2010,24.14
8/12/2010,14.87
8/13/2010,3.81
8/14/2010,6.63
8/15/2010,12.53
8/16/2010,10.24
8/17/2010,5.4
8/18/2010,16.15
8/19/2010,10.52
8/20/2010,1.25
8/21/2010,1.12
8/22/2010,3.23
8/23/2010,6.21
8/24/2010,1.36
8/25/2010,1.34
8/26/2010,2.41
8/27/2010,1.13
8/28/2010,3.84
8/29/2010,17.34
8/30/2010,7.37
8/31/2010,2.54
9/1/2010,2.14
9/2/2010,3.59
9/3/2010,32.34
9/4/2010,14.42
9/5/2010,10.26
9/6/2010,15.05
9/7/2010,1.79
9/8/2010,10.26
9/9/2010,5.98
9/10/2010,1.86
9/11/2010,7.2
9/12/2010,5.04
9/13/2010,2.29
9/14/2010,20.12
9/15/2010,31.91
9/16/2010,1.33
9/17/2010,16.74
9/18/2010,7.56
9/19/2010,2.51
9/20/2010,12.63
9/21/2010,7.14
9/22/2010,6.48
9/23/2010,9.73
9/24/2010,4.18
9/25/2010,2.18
9/26/2010,9.99
9/27/2010,9.91
9/28/2010,5.03
9/29/2010,5.59
9/30/2010,7.32
10/1/2010,4.17
10/2/2010,16.61
10/3/2010,1.31
10/4/2010,12.96
10/5/2010,1.71
10/6/2010,8.47
10/7/2010,3.94
10/8/2010,1.08
10/9/2010,1.08
10/10/2010,1.08
10/11/2010,1.08
10/12/2010,2.82
10/13/2010,2.59
10/14/2010,13.5
10/15/2010,1.12
10/16/2010,1.08
10/17/2010,3.45
10/18/2010,31.78
10/19/2010,1.24
10/20/2010,3.41
10/21/2010,1.18
10/22/2010,12.44
10/23/2010,3.63
10/24/2010,5.44
10/25/2010,11.01
10/26/2010,2.53
10/27/2010,3.21
10/28/2010,11.94
10/29/2010,2.98
10/30/2010,27.49
10/31/2010,55.43
11/1/2010,24.03
11/2/2010,4.15
11/3/2010,23.88
11/4/2010,27.65
11/5/2010,11.72
11/6/2010,8.1
11/7/2010,7.7
11/8/2010,24.05
11/9/2010,4.55
11/10/2010,11.21
11/11/2010,19.04
11/12/2010,7.4
11/13/2010,21.36
11/14/2010,3.51
11/15/2010,18.34
11/16/2010,7.95
11/17/2010,5.55
11/18/2010,3.74
11/19/2010,4.5
11/20/2010,10.07
11/21/2010,9.27
11/22/2010,2.38
11/23/2010,7.36
11/24/2010,16.82
11/25/2010,2.34
11/26/2010,4.03
11/27/2010,11.06
11/28/2010,12.16
11/29/2010,19.08
11/30/2010,8.01
12/1/2010,12.99
12/2/2010,6.44
12/3/2010,6.95
12/4/2010,53.34
12/5/2010,21.57
12/6/2010,31.82
12/7/2010,26.79
12/8/2010,10.73
12/9/2010,4.59
12/10/2010,1.12
12/11/2010,19.48
12/12/2010,1.91
12/13/2010,9.57
12/14/2010,3.83
12/15/2010,1.19
12/16/2010,6.8
12/17/2010,20.27
12/18/2010,39.51
12/19/2010,38.67
12/20/2010,28.99
12/21/2010,16.99
12/22/2010,10.58
12/23/2010,17.03
12/24/2010,2.31
12/25/2010,1.42
12/26/2010,1.08
12/27/2010,22.25
12/28/2010,47.57
12/29/2010,113.41
12/30/2010,108.5
12/31/2010,47.82
1/1/2011,17.71
1/2/2011,15.73
1/3/2011,17.06
1/4/2011,6.87
1/5/2011,129.2
1/6/2011,96.52
1/7/2011,27.98
1/8/2011,16.66
1/9/2011,3.29
1/10/2011,20.07
1/11/2011,1.64
1/12/2011,1.63
1/13/2011,1.16
1/14/2011,2
1/15/2011,4.33
1/16/2011,1.37
1/17/2011,4.1
1/18/2011,1.14
1/19/2011,1.14
1/20/2011,1.12
1/21/2011,1.12
1/22/2011,1.08
1/23/2011,1.42
1/24/2011,22.99
1/25/2011,39.89
1/26/2011,40.77
1/27/2011,63.98
1/28/2011,55.05
1/29/2011,38.65
1/30/2011,32.09
1/31/2011,17.02
2/1/2011,16.99
2/2/2011,8.57
2/3/2011,4.78
2/4/2011,1.15
2/5/2011,1.08
2/6/2011,1.08
2/7/2011,1.08
2/8/2011,1.08
2/9/2011,1.08
2/10/2011,1.23
2/11/2011,1.12
2/12/2011,2.58
2/13/2011,1.21
2/14/2011,1.12
2/15/2011,19.36
2/16/2011,4.39
2/17/2011,1.16
2/18/2011,4.31
2/19/2011,1.08
2/20/2011,1.08
2/21/2011,2.3
2/22/2011,10.04
2/23/2011,7.55
2/24/2011,2.91
2/25/2011,1.43
2/26/2011,1.15
2/27/2011,1.08
2/28/2011,1.08
3/1/2011,1.08
3/2/2011,1.08
3/3/2011,1.08
3/4/2011,1.56
3/5/2011,1.95
3/6/2011,3.68
3/7/2011,7.32
3/8/2011,28.75
3/9/2011,134.84
3/10/2011,18.81
3/11/2011,107.22
3/12/2011,46.43
3/13/2011,3.1
3/14/2011,5.55
3/15/2011,9.91
3/16/2011,17.71
3/17/2011,23.51
3/18/2011,1.69
3/19/2011,10.27
3/20/2011,29.26
3/21/2011,4.24
3/22/2011,22.06
3/23/2011,2.37
3/24/2011,7
3/25/2011,11.74
3/26/2011,17.24
3/27/2011,2.98
3/28/2011,4.01
3/29/2011,31.51
3/30/2011,14.45
3/31/2011,7.46
4/1/2011,4.35
4/2/2011,17.58
4/3/2011,4.71
4/4/2011,11.1
4/5/2011,2.8
4/6/2011,0.24
4/7/2011,0
4/8/2011,0
4/9/2011,14.3
4/10/2011,126.99
4/11/2011,1.2
4/12/2011,0
4/13/2011,0.12
4/14/2011,1.38
4/15/2011,2.24
4/16/2011,0.91
4/17/2011,11.91
4/18/2011,5.93
4/19/2011,1.78
4/20/2011,1.55
4/21/2011,0
4/22/2011,2.65
4/23/2011,0.09
4/24/2011,0.09
4/25/2011,0
4/26/2011,6.79
4/27/2011,0.81
4/28/2011,0
4/29/2011,0.36
4/30/2011,22.48
5/1/2011,20.63
5/2/2011,3.38
5/3/2011,1.17
5/4/2011,7.37
5/5/2011,2.95
5/6/2011,0.34
5/7/2011,8.74
5/8/2011,10.72
5/9/2011,12.92
5/10/2011,5.04
5/11/2011,3.5
5/12/2011,5.66
5/13/2011,0.03
5/14/2011,10.93
5/15/2011,1.21
5/16/2011,3.49
5/17/2011,8.15
5/18/2011,15.45
5/19/2011,1.84
5/20/2011,8.97
5/21/2011,3.91
5/22/2011,4.27
5/23/2011,9.72
5/24/2011,3.24
5/25/2011,3.13
5/26/2011,0.33
5/27/2011,36.72
5/28/2011,8.65
5/29/2011,1.6
5/30/2011,0.03
5/31/2011,16.29
6/1/2011,3.69
6/2/2011,0.79
6/3/2011,0.07
6/4/2011,8.64
6/5/2011,14.09
6/6/2011,1.66
6/7/2011,41.81
6/8/2011,19.43
6/9/2011,2.08
6/10/2011,2.41
6/11/2011,5.72
6/12/2011,0.22
6/13/2011,12.72
6/14/2011,5.29
6/15/2011,3.37
6/16/2011,0.05
6/17/2011,12.17
6/18/2011,6.37
6/19/2011,0.32
6/20/2011,0
6/21/2011,8.95
6/22/2011,26.43
6/23/2011,2.56
6/24/2011,9.16
6/25/2011,4.73
6/26/2011,5.49
6/27/2011,5.42
6/28/2011,3.56
6/29/2011,11.95
6/30/2011,0.93
7/1/2011,0.09
7/2/2011,0.07
7/3/2011,21.3
7/4/2011,4.61
7/5/2011,0.14
7/6/2011,0
7/7/2011,0.3
7/8/2011,0.05
7/9/2011,0
7/10/2011,0.09
7/11/2011,0
7/12/2011,12.14
7/13/2011,10.03
7/14/2011,0.98
7/15/2011,9.37
7/16/2011,0.48
7/17/2011,7
7/18/2011,0.15
7/19/2011,0
7/20/2011,0.03
7/21/2011,2.14
7/22/2011,13.11
7/23/2011,16.75
7/24/2011,21.27
7/25/2011,1.1
7/26/2011,9.29
7/27/2011,8.38
7/28/2011,9.19
7/29/2011,0.85
7/30/2011,0.75
7/31/2011,0
8/1/2011,0
8/2/2011,0.11
8/3/2011,4.91
8/4/2011,4.38
8/5/2011,0.07
8/6/2011,4.06
8/7/2011,19.43
8/8/2011,2.88
8/9/2011,4.1
8/10/2011,9.05
8/11/2011,0.07
8/12/2011,6.1
8/13/2011,6.13
8/14/2011,6.37
8/15/2011,8.59
8/16/2011,6.34
8/17/2011,5.25
8/18/2011,10.78
8/19/2011,4.41
8/20/2011,7.33
8/21/2011,11.64
8/22/2011,30.15
8/23/2011,0.56
8/24/2011,31.99
8/25/2011,27.75
8/26/2011,4.28
8/27/2011,8.59
8/28/2011,28.56
8/29/2011,13.94
8/30/2011,0
8/31/2011,0.81
9/1/2011,0.2
9/2/2011,0.51
9/3/2011,0.76
9/4/2011,8.66
9/5/2011,3.13
9/6/2011,0.46
9/7/2011,2.34
9/8/2011,4.79
9/9/2011,20.7
9/10/2011,14.26
9/11/2011,3.19
9/12/2011,0.09
9/13/2011,6.01
9/14/2011,9.62
9/15/2011,13.39
9/16/2011,0.7
9/17/2011,1.76
9/18/2011,18.36
9/19/2011,7.27
9/20/2011,54.34
9/21/2011,2.7
9/22/2011,32.47
9/23/2011,6.63
9/24/2011,3.44
9/25/2011,39.58
9/26/2011,27.17
9/27/2011,1.17
9/28/2011,0.87
9/29/2011,1.74
9/30/2011,0.03
10/1/2011,12.32
10/2/2011,14.64
10/3/2011,15.46
10/4/2011,46.68
10/5/2011,53
10/6/2011,3.13
10/7/2011,13.3
10/8/2011,27.68
10/9/2011,2.96
10/10/2011,22.89
10/11/2011,7.44
10/12/2011,0.1
10/13/2011,2.63
10/14/2011,0.1
10/15/2011,10.09
10/16/2011,10.57
10/17/2011,3.16
10/18/2011,19.45
10/19/2011,3.41
10/20/2011,13.35
10/21/2011,47.14
10/22/2011,1.08
10/23/2011,2.38
10/24/2011,14.52
10/25/2011,8.88
10/26/2011,25.06
10/27/2011,13.93
10/28/2011,8.53
10/29/2011,21.36
10/30/2011,9.82
10/31/2011,17.99
11/1/2011,10.32
11/2/2011,1.84
11/3/2011,2.07
11/4/2011,1.41
11/5/2011,16.58
11/6/2011,0.65
11/7/2011,4.85
11/8/2011,3.66
11/9/2011,1.12
11/10/2011,2.03
11/11/2011,3.35
11/12/2011,15.75
11/13/2011,7.93
11/14/2011,16.03
11/15/2011,7.97
11/16/2011,13.67
11/17/2011,0.36
11/18/2011,0.29
11/19/2011,3.81
11/20/2011,23.48
11/21/2011,54.12
11/22/2011,175.55
11/23/2011,213.16
11/24/2011,65.17
11/25/2011,53.43
11/26/2011,53.45
11/27/2011,75.8
11/28/2011,45.52
11/29/2011,71.6
11/30/2011,7.99
12/1/2011,3.84
12/2/2011,0.74
12/3/2011,2.62
12/4/2011,18.24
12/5/2011,9.32
12/6/2011,1.69
12/7/2011,1.4
12/8/2011,0.09
12/9/2011,1.63
12/10/2011,66.47
12/11/2011,41.84
12/12/2011,2.62
12/13/2011,0.2
12/14/2011,1.13
12/15/2011,6.33
12/16/2011,93.94
12/17/2011,91.34
12/18/2011,53.07
12/19/2011,19.33
12/20/2011,5.97
12/21/2011,57.74
12/22/2011,22.47
12/23/2011,32.32
12/24/2011,19.52
12/25/2011,3.57
12/26/2011,1.81
12/27/2011,7.51
12/28/2011,25.07
12/29/2011,5.68
12/30/2011,34.07
12/31/2011,32.96
1/1/2012,12.73
1/2/2012,23.95
1/3/2012,6.15
1/4/2012,0.09
1/5/2012,0.87
1/6/2012,0
1/7/2012,2.82
1/8/2012,13.68
1/9/2012,8.04
1/10/2012,31.9
1/11/2012,36.27
1/12/2012,125.23
1/13/2012,150.09
1/14/2012,33.24
1/15/2012,13
1/16/2012,9.14
1/17/2012,6.05
1/18/2012,10.17
1/19/2012,8.32
1/20/2012,31.42
1/21/2012,5.9
1/22/2012,2.01
1/23/2012,0.05
1/24/2012,0.03
1/25/2012,0
1/26/2012,0
1/27/2012,14.8
1/28/2012,6.01
1/29/2012,8.18
1/30/2012,0.89
1/31/2012,17.87
2/1/2012,11.23
2/2/2012,18.36
2/3/2012,17.8
2/4/2012,1.84
2/5/2012,1.07
2/6/2012,1.27
2/7/2012,0.62
2/8/2012,0.62
2/9/2012,0.62
2/10/2012,0.62
2/11/2012,11.26
2/12/2012,13.57
2/13/2012,4.73
2/14/2012,0.84
2/15/2012,0.62
2/16/2012,0.62
2/17/2012,3.02
2/18/2012,10.13
2/19/2012,4.98
2/20/2012,1.62
2/21/2012,0.8
2/22/2012,1.97
2/23/2012,0.62
2/24/2012,1.02
2/25/2012,0.62
2/26/2012,0.62
2/27/2012,12.8
2/28/2012,12.18
2/29/2012,11.68
3/1/2012,16.53
3/2/2012,62
3/3/2012,24.63
3/4/2012,2.24
3/5/2012,13.08
3/6/2012,6.8
3/7/2012,2.66
3/8/2012,3.53
3/9/2012,2.98
3/10/2012,6.6
3/11/2012,11.61
3/12/2012,39.76
3/13/2012,25.63
3/14/2012,5.28
3/15/2012,6.37
3/16/2012,0.67
3/17/2012,1.45
3/18/2012,0.94
3/19/2012,0.62
3/20/2012,6.59
3/21/2012,2.66
3/22/2012,1.07
3/23/2012,0.94
3/24/2012,2.35
3/25/2012,2.09
3/26/2012,22.75
3/27/2012,3.87
3/28/2012,3.81
3/29/2012,1.16
3/30/2012,18.72
3/31/2012,2.87
4/1/2012,2.84
4/2/2012,14.34
4/3/2012,3.12
4/4/2012,1.38
4/5/2012,8.19
4/6/2012,9.75
4/7/2012,1.13
4/8/2012,5.57
4/9/2012,4.49
4/10/2012,16.31
4/11/2012,2.83
4/12/2012,19.09
4/13/2012,2.01
4/14/2012,9.83
4/15/2012,8.28
4/16/2012,7.18
4/17/2012,0.92
4/18/2012,7.94
4/19/2012,3.28
4/20/2012,14.5
4/21/2012,1.55
4/22/2012,5.8
4/23/2012,0.08
4/24/2012,8.4
4/25/2012,1.44
4/26/2012,18.15
4/27/2012,10.09
4/28/2012,3.29
4/29/2012,13.66
4/30/2012,3.2
5/1/2012,5.34
5/2/2012,26.98
5/3/2012,0.15
5/4/2012,40.37
5/5/2012,4.61
5/6/2012,24.21
5/7/2012,2.03
5/8/2012,2.2
5/9/2012,0.66
5/10/2012,1.34
5/11/2012,4.23
5/12/2012,6.43
5/13/2012,1.63
5/14/2012,12.43
5/15/2012,5.1
5/16/2012,1.13
5/17/2012,2.87
5/18/2012,1.05
5/19/2012,3.55
5/20/2012,9.16
5/21/2012,5.04
5/22/2012,2.43
5/23/2012,18.43
5/24/2012,10.12
5/25/2012,4.02
5/26/2012,1.3
5/27/2012,26.72
5/28/2012,19.06
5/29/2012,2.52
5/30/2012,11.67
5/31/2012,14.54
6/1/2012,11.52
6/2/2012,24.58
6/3/2012,6.4
6/4/2012,2.68
6/5/2012,9.73
6/6/2012,1.61
6/7/2012,3.04
6/8/2012,2.13
6/9/2012,1.61
6/10/2012,2.13
6/11/2012,1.86
6/12/2012,1.61
6/13/2012,1.61
6/14/2012,1.61
6/15/2012,1.61
6/16/2012,1.61
6/17/2012,1.61
6/18/2012,1.66
6/19/2012,7.91
6/20/2012,1.61
6/21/2012,4.66
6/22/2012,2.56
6/23/2012,1.88
6/24/2012,5.79
6/25/2012,2.88
6/26/2012,1.61
6/27/2012,13.88
6/28/2012,1.8
6/29/2012,4.61
6/30/2012,1.66
7/1/2012,1.61
7/2/2012,4.92
7/3/2012,5.13
7/4/2012,28.64
7/5/2012,10.96
7/6/2012,7.71
7/7/2012,2.88
7/8/2012,4.24
7/9/2012,31.8
7/10/2012,2.23
7/11/2012,6.9
7/12/2012,0.76
7/13/2012,0.48
7/14/2012,0.58
7/15/2012,15.62
7/16/2012,3.6
7/17/2012,12.99
7/18/2012,0.71
7/19/2012,12.9
7/20/2012,1.66
7/21/2012,0.48
7/22/2012,1.26
7/23/2012,6.44
7/24/2012,0.6
7/25/2012,0.48
7/26/2012,0.48
7/27/2012,0.48
7/28/2012,0.48
7/29/2012,0.48
7/30/2012,0.48
7/31/2012,0.48
8/1/2012,7.08
8/2/2012,0.64
8/3/2012,0.48
8/4/2012,2.28
8/5/2012,10.62
8/6/2012,4.33
8/7/2012,17.39
8/8/2012,0.61
8/9/2012,2.84
8/10/2012,0.48
8/11/2012,0.68
8/12/2012,8
8/13/2012,4.44
8/14/2012,4.27
8/15/2012,0.86
8/16/2012,4.43
8/17/2012,13.95
8/18/2012,1.39
8/19/2012,4.73
8/20/2012,2.25
8/21/2012,4.54
8/22/2012,7.51
8/23/2012,0.74
8/24/2012,1.57
8/25/2012,2.15
8/26/2012,0.75
8/27/2012,19.37
8/28/2012,2.63
8/29/2012,0.6
8/30/2012,10.08
8/31/2012,0.51
9/1/2012,0.78
9/2/2012,6.04
9/3/2012,2.4
9/4/2012,14.03
9/5/2012,16.01
9/6/2012,0.96
9/7/2012,0.51
9/8/2012,10.6
9/9/2012,8.29
9/10/2012,5.93
9/11/2012,19.96
9/12/2012,12.09
9/13/2012,7.81
9/14/2012,1.6
9/15/2012,9.98
9/16/2012,0.94
9/17/2012,3.16
9/18/2012,0.58
9/19/2012,26.94
9/20/2012,22.95
9/21/2012,6.11
9/22/2012,1.76
9/23/2012,0.58
9/24/2012,22.33
9/25/2012,8.83
9/26/2012,9.28
9/27/2012,2.94
9/28/2012,0.91
9/29/2012,0.48
9/30/2012,0.6
10/1/2012,1.51
10/2/2012,0.55
10/3/2012,2.75
10/4/2012,26.64
10/5/2012,0.65
10/6/2012,14.09
10/7/2012,23.86
10/8/2012,10.73
10/9/2012,11.09
10/10/2012,12.77
10/11/2012,7.32
10/12/2012,15.98
10/13/2012,10.38
10/14/2012,39.48
10/15/2012,4.64
10/16/2012,17.65
10/17/2012,5.07
10/18/2012,7.93
10/19/2012,25.84
10/20/2012,2.94
10/21/2012,26.09
10/22/2012,18.33
10/23/2012,3.83
10/24/2012,11.81
10/25/2012,6.6
10/26/2012,2.35
10/27/2012,2.38
10/28/2012,1.61
10/29/2012,2.11
10/30/2012,2.01
10/31/2012,2
11/1/2012,5.09
11/2/2012,5.6
11/3/2012,7.98
11/4/2012,14.64
11/5/2012,26.87
11/6/2012,11
11/7/2012,8.11
11/8/2012,10.78
11/9/2012,5.57
11/10/2012,20.79
11/11/2012,15.36
11/12/2012,3.67
11/13/2012,3.28
11/14/2012,1.65
11/15/2012,1.65
11/16/2012,1.61
11/17/2012,1.91
11/18/2012,2.86
11/19/2012,18.47
11/20/2012,6.48
11/21/2012,5.63
11/22/2012,1.9
11/23/2012,1.08
11/24/2012,4.56
11/25/2012,9.46
11/26/2012,9.15
11/27/2012,17.45
11/28/2012,1.34
11/29/2012,13.24
11/30/2012,2.78
12/1/2012,4.11
12/2/2012,7.29
12/3/2012,2.5
12/4/2012,3.89
12/5/2012,2.95
12/6/2012,1.47
12/7/2012,1.21
12/8/2012,4.67
12/9/2012,3.29
12/10/2012,3.94
12/11/2012,4.42
12/12/2012,12.5
12/13/2012,11.09
12/14/2012,5.93
12/15/2012,23.87
12/16/2012,25.82
12/17/2012,15.82
12/18/2012,46.93
12/19/2012,32.51
12/20/2012,71.39
12/21/2012,45.06
12/22/2012,31.75
12/23/2012,65.99
12/24/2012,271.37
12/25/2012,84.3
12/26/2012,17.38
12/27/2012,16.84
12/28/2012,11.92
12/29/2012,1.14
12/30/2012,30.24
12/31/2012,182.93
1/1/2013,13.6
1/2/2013,42.95
1/3/2013,46.2
1/4/2013,10.78
1/5/2013,2.62
1/6/2013,1.05
1/7/2013,1.05
1/8/2013,1.48
1/9/2013,4.59
1/10/2013,1.57
1/11/2013,2.55
1/12/2013,2.71
1/13/2013,2.68
1/14/2013,1.54
1/15/2013,2.3
1/16/2013,1.55
1/17/2013,1.05
1/18/2013,16.23
1/19/2013,4.29
1/20/2013,12.45
1/21/2013,78.18
1/22/2013,14.96
1/23/2013,13.63
1/24/2013,36.27
1/25/2013,1.09
1/26/2013,1.02
1/27/2013,1.02
1/28/2013,1.02
1/29/2013,1.06
1/30/2013,1.02
1/31/2013,2.18
2/1/2013,1.64
2/2/2013,1.39
2/3/2013,22.02
2/4/2013,20.52
2/5/2013,5.08
2/6/2013,1.02
2/7/2013,1.02
2/8/2013,1.51
2/9/2013,1.02
2/10/2013,2.05
2/11/2013,36.3
2/12/2013,125.47
2/13/2013,30.58
2/14/2013,42.39
2/15/2013,49.56
2/16/2013,13.75
2/17/2013,4.03
2/18/2013,13.31
2/19/2013,3.15
2/20/2013,1.15
2/21/2013,1.02
2/22/2013,2.7
2/23/2013,4.77
2/24/2013,105.36
2/25/2013,96.37
2/26/2013,253.28
2/27/2013,14.13
2/28/2013,7.98
3/1/2013,7.07
3/2/2013,1.71
3/3/2013,1.69
3/4/2013,1.02
3/5/2013,1.07
3/6/2013,16.47
3/7/2013,29.81
3/8/2013,1.78
3/9/2013,1.61
3/10/2013,1.09
3/11/2013,1.02
3/12/2013,1.02
3/13/2013,1.02
3/14/2013,1.02
3/15/2013,1.17
3/16/2013,9.52
3/17/2013,1.38
3/18/2013,1.02
3/19/2013,1.02
3/20/2013,1.02
3/21/2013,8.26
3/22/2013,1.16
3/23/2013,1.29
3/24/2013,1.31
3/25/2013,1.12
3/26/2013,1.06
3/27/2013,1.06
3/28/2013,1.02
3/29/2013,1.02
3/30/2013,1.02
3/31/2013,1.02
4/1/2013,1.38
4/2/2013,14.84
4/3/2013,1.36
4/4/2013,2.43
4/5/2013,6.71
4/6/2013,9.35
4/7/2013,0.12
4/8/2013,1.4
4/9/2013,6.64
4/10/2013,4.71
4/11/2013,6.14
4/12/2013,2.14
4/13/2013,10.91
4/14/2013,2.02
4/15/2013,33.06
4/16/2013,13.42
4/17/2013,7.65
4/18/2013,2.29
4/19/2013,3.41
4/20/2013,1.61
4/21/2013,3.02
4/22/2013,9.71
4/23/2013,8.98
4/24/2013,2.08
4/25/2013,18.05
4/26/2013,4.26
4/27/2013,14.13
4/28/2013,4.67
4/29/2013,3.48
4/30/2013,11.57
5/1/2013,14.96
5/2/2013,7.94
5/3/2013,16.2
5/4/2013,1.07
5/5/2013,8.47
5/6/2013,15.27
5/7/2013,9.48
5/8/2013,0.29
5/9/2013,1.25
5/10/2013,11.51
5/11/2013,0.35
5/12/2013,0
5/13/2013,5.57
5/14/2013,10.45
5/15/2013,7.25
5/16/2013,0.15
5/17/2013,17.8
5/18/2013,3.02
5/19/2013,13.96
5/20/2013,1.93
5/21/2013,5.26
5/22/2013,2.55
5/23/2013,5.51
5/24/2013,1.76
5/25/2013,1.89
5/26/2013,23.76
5/27/2013,2.9
5/28/2013,0.59
5/29/2013,0.29
5/30/2013,21.23
5/31/2013,0.96
6/1/2013,0.6
6/2/2013,16.46
6/3/2013,0.71
6/4/2013,6.7
6/5/2013,16.43
6/6/2013,1.01
6/7/2013,1.87
6/8/2013,1.84
6/9/2013,1.99
6/10/2013,0.03
6/11/2013,12.07
6/12/2013,0.65
6/13/2013,8.74
6/14/2013,2.02
6/15/2013,0.08
6/16/2013,0
6/17/2013,0
6/18/2013,0
6/19/2013,0
6/20/2013,0
6/21/2013,0.03
6/22/2013,0
6/23/2013,0
6/24/2013,6.1
6/25/2013,1.95
6/26/2013,8
6/27/2013,0.4
6/28/2013,0.36
6/29/2013,1.77
6/30/2013,0
7/1/2013,2.77
7/2/2013,7.85
7/3/2013,29.74
7/4/2013,10.41
7/5/2013,0.24
7/6/2013,0
7/7/2013,0
7/8/2013,1.45
7/9/2013,3.2
7/10/2013,21.7
7/11/2013,10.47
7/12/2013,1.99
7/13/2013,28.02
7/14/2013,8.01
7/15/2013,0.03
7/16/2013,23.3
7/17/2013,11.64
7/18/2013,0.39
7/19/2013,0
7/20/2013,0
7/21/2013,0
7/22/2013,0
7/23/2013,0
7/24/2013,0
7/25/2013,7.83
7/26/2013,28.53
7/27/2013,9.14
7/28/2013,0.27
7/29/2013,1.7
7/30/2013,15.71
7/31/2013,13.73
8/1/2013,22.21
8/2/2013,31.16
8/3/2013,3.88
8/4/2013,9.26
8/5/2013,29.55
8/6/2013,8.61
8/7/2013,0.3
8/8/2013,9.62
8/9/2013,3.01
8/10/2013,6.38
8/11/2013,0.16
8/12/2013,7.22
8/13/2013,13.06
8/14/2013,0
8/15/2013,12.48
8/16/2013,35.87
8/17/2013,3.01
8/18/2013,7.98
8/19/2013,7.15
8/20/2013,2.24
8/21/2013,1.15
8/22/2013,19.65
8/23/2013,5.03
8/24/2013,0
8/25/2013,7.54
8/26/2013,9.1
8/27/2013,16.63
8/28/2013,8.81
8/29/2013,12.9
8/30/2013,17.45
8/31/2013,3.39
9/1/2013,3.06
9/2/2013,0.17
9/3/2013,2.49
9/4/2013,17.21
9/5/2013,13.02
9/6/2013,1.33
9/7/2013,12.87
9/8/2013,29.93
9/9/2013,16.04
9/10/2013,0.46
9/11/2013,3.76
9/12/2013,2.44
9/13/2013,14.19
9/14/2013,24.76
9/15/2013,1.51
9/16/2013,1.65
9/17/2013,0.12
9/18/2013,0
9/19/2013,0
9/20/2013,14.08
9/21/2013,0.56
9/22/2013,0
9/23/2013,0
9/24/2013,0
9/25/2013,0
9/26/2013,0.76
9/27/2013,15.52
9/28/2013,18.38
9/29/2013,2.36
9/30/2013,0.12
10/1/2013,17.79
10/2/2013,30.11
10/3/2013,33.7
10/4/2013,19.36
10/5/2013,0.33
10/6/2013,1.22
10/7/2013,7.09
10/8/2013,16.61
10/9/2013,5.46
10/10/2013,6.71
10/11/2013,2.68
10/12/2013,7.55
10/13/2013,16.86
10/14/2013,11.16
10/15/2013,19.17
10/16/2013,4.25
10/17/2013,8.49
10/18/2013,4.12
10/19/2013,19.05
10/20/2013,2.23
10/21/2013,59.72
10/22/2013,12.56
10/23/2013,3.98
10/24/2013,0.43
10/25/2013,3.58
10/26/2013,1.73
10/27/2013,12.09
10/28/2013,0.41
10/29/2013,14.92
10/30/2013,0.7
10/31/2013,0.04
11/1/2013,26.46
11/2/2013,10.07
11/3/2013,11.05
11/4/2013,6.64
11/5/2013,39.5
11/6/2013,2.4
11/7/2013,16.66
11/8/2013,2.51
11/9/2013,11.35
11/10/2013,3.4
11/11/2013,16.72
11/12/2013,0.91
11/13/2013,5.32
11/14/2013,0.88
11/15/2013,6.25
11/16/2013,12.7
11/17/2013,10.89
11/18/2013,6.18
11/19/2013,42.14
11/20/2013,52.99
11/21/2013,3.61
11/22/2013,0.07
11/23/2013,4.45
11/24/2013,11.07
11/25/2013,0.2
11/26/2013,0.44
11/27/2013,7.95
11/28/2013,14.91
11/29/2013,25.84
11/30/2013,147.38
12/1/2013,65.96
12/2/2013,84.69
12/3/2013,264.89
12/4/2013,128.57
12/5/2013,27.65
12/6/2013,38.19
12/7/2013,21.56
12/8/2013,0.59
12/9/2013,18.24
12/10/2013,176.01
12/11/2013,2.65
12/12/2013,8.64
12/13/2013,0.07
12/14/2013,21.88
12/15/2013,3.61
12/16/2013,29.32
12/17/2013,10.41
12/18/2013,2.88
12/19/2013,54.14
12/20/2013,3.03
12/21/2013,1.18
12/22/2013,0.72
12/23/2013,2.16
12/24/2013,3.16
12/25/2013,1.49
12/26/2013,10.12
12/27/2013,7.5
12/28/2013,20.87
12/29/2013,8.97
12/30/2013,4.57
12/31/2013,4.47
1/1/2014,9.39
1/2/2014,14.21
1/3/2014,18.9
1/4/2014,0.95
1/5/2014,12.13
1/6/2014,2.38
1/7/2014,1.19
1/8/2014,3.01
1/9/2014,18.8
1/10/2014,95.13
1/11/2014,58.98
1/12/2014,54.84
1/13/2014,5.97
1/14/2014,2.34
1/15/2014,0.39
1/16/2014,0.46
1/17/2014,0.39
1/18/2014,0.45
1/19/2014,0.83
1/20/2014,0
1/21/2014,1.08
1/22/2014,1.08
1/23/2014,1.94
1/24/2014,1.64
1/25/2014,1.58
1/26/2014,1.58
1/27/2014,1.58
1/28/2014,3.29
1/29/2014,1.58
1/30/2014,1.74
1/31/2014,1.63
2/1/2014,1.58
2/2/2014,0.44
2/3/2014,0.44
2/4/2014,0.44
2/5/2014,0.44
2/6/2014,0.44
2/7/2014,0.44
2/8/2014,0.44
2/9/2014,0.44
2/10/2014,0.44
2/11/2014,0.44
2/12/2014,0.44
2/13/2014,0.44
2/14/2014,0.44
2/15/2014,0.44
2/16/2014,2.53
2/17/2014,0.44
2/18/2014,0.44
2/19/2014,0.44
2/20/2014,21.6
2/21/2014,6.53
2/22/2014,0.95
2/23/2014,0.44
2/24/2014,0
2/25/2014,0
2/26/2014,0
2/27/2014,0
2/28/2014,0
3/1/2014,0
3/2/2014,0
3/3/2014,0
3/4/2014,0
3/5/2014,0
3/6/2014,0
3/7/2014,0
3/8/2014,0
3/9/2014,0
3/10/2014,0.03
3/11/2014,0.07
3/12/2014,0.03
3/13/2014,0
3/14/2014,0
3/15/2014,47.72
3/16/2014,56.92
3/17/2014,16.79
3/18/2014,3.63
3/19/2014,0
3/20/2014,0
3/21/2014,0
3/22/2014,0
3/23/2014,2.07
3/24/2014,0.3
3/25/2014,3.45
3/26/2014,0.05
3/27/2014,0.03
3/28/2014,0.03
3/29/2014,16.93
3/30/2014,8.74
3/31/2014,5.08
4/1/2014,19.6
4/2/2014,0.53
4/3/2014,9.57
4/4/2014,10.24
4/5/2014,0.09
4/6/2014,0
4/7/2014,0
4/8/2014,2.73
4/9/2014,0.17
4/10/2014,0.92
4/11/2014,0.86
4/12/2014,0
4/13/2014,0
4/14/2014,4.08
4/15/2014,1.13
4/16/2014,0.06
4/17/2014,2.43
4/18/2014,12.12
4/19/2014,8.09
4/20/2014,6.19
4/21/2014,0.08
4/22/2014,0
4/23/2014,1.45
4/24/2014,2.64
4/25/2014,18.19
4/26/2014,7.49
4/27/2014,1.51
4/28/2014,5.15
4/29/2014,3.41
4/30/2014,0.03
5/1/2014,0
5/2/2014,7.18
5/3/2014,0.7
5/4/2014,2.72
5/5/2014,8.15
5/6/2014,0.27
5/7/2014,6.8
5/8/2014,4.47
5/9/2014,1.14
5/10/2014,1.45
5/11/2014,3.72
5/12/2014,7.96
5/13/2014,8.58
5/14/2014,6.29
5/15/2014,7.49
5/16/2014,1.97
5/17/2014,15.81
5/18/2014,19.18
5/19/2014,14.9
5/20/2014,28.9
5/21/2014,9.55
5/22/2014,3.84
5/23/2014,8.91
5/24/2014,7.61
5/25/2014,2.34
5/26/2014,5.01
5/27/2014,12.1
5/28/2014,0.16
5/29/2014,1.67
5/30/2014,13.2
5/31/2014,12.96
6/1/2014,15.92
6/2/2014,11.54
6/3/2014,3.85
6/4/2014,13.91
6/5/2014,4.18
6/6/2014,1.03
6/7/2014,0.05
6/8/2014,0.28
6/9/2014,0.05
6/10/2014,3.63
6/11/2014,18.45
6/12/2014,21.66
6/13/2014,0.65
6/14/2014,0.48
6/15/2014,0.48
6/16/2014,0.48
6/17/2014,0.62
6/18/2014,0.48
6/19/2014,0.48
6/20/2014,0.61
6/21/2014,13.24
6/22/2014,6.29
6/23/2014,1.37
6/24/2014,0.55
6/25/2014,0.63
6/26/2014,4.05
6/27/2014,9.8
6/28/2014,2.32
6/29/2014,30.37
6/30/2014,23.37
7/1/2014,15.09
7/2/2014,0.72
7/3/2014,1.26
7/4/2014,0.88
7/5/2014,5.46
7/6/2014,0.62
7/7/2014,17.68
7/8/2014,6.23
7/9/2014,3.11
7/10/2014,12.85
7/11/2014,8.55
7/12/2014,0.9
7/13/2014,0.48
7/14/2014,0.48
7/15/2014,0.48
7/16/2014,13.55
7/17/2014,25.72
7/18/2014,1.42
7/19/2014,0.48
7/20/2014,0.48
7/21/2014,1.02
7/22/2014,1.28
7/23/2014,0.48
7/24/2014,0.48
7/25/2014,2.82
7/26/2014,2.86
7/27/2014,0.48
7/28/2014,11.54
7/29/2014,5.17
7/30/2014,1.75
7/31/2014,1.3
8/1/2014,4.34
8/2/2014,2.5
8/3/2014,1.14
8/4/2014,1.83
8/5/2014,4.14
8/6/2014,0.58
8/7/2014,0.48
8/8/2014,20.45
8/9/2014,2.1
8/10/2014,12.37
8/11/2014,1.61
8/12/2014,5.27
8/13/2014,5.65
8/14/2014,16.26
8/15/2014,5.67
8/16/2014,9.77
8/17/2014,0.16
8/18/2014,4.01
8/19/2014,1.67
8/20/2014,12.84
8/21/2014,0.4
8/22/2014,5.17
8/23/2014,2.44
8/24/2014,13.97
8/25/2014,20.99
8/26/2014,4.18
8/27/2014,5.79
8/28/2014,0.32
8/29/2014,0.07
8/30/2014,8.28
8/31/2014,8.53
9/1/2014,12.42
9/2/2014,30.44
9/3/2014,1.82
9/4/2014,27.7
9/5/2014,6.03
9/6/2014,0.23
9/7/2014,0.07
9/8/2014,0
9/9/2014,2.88
9/10/2014,0.36
9/11/2014,6.08
9/12/2014,10.87
9/13/2014,30.87
9/14/2014,1.1
9/15/2014,6.91
9/16/2014,2.36
9/17/2014,0.15
9/18/2014,2.02
9/19/2014,0.16
9/20/2014,7.25
9/21/2014,1.04
9/22/2014,0
9/23/2014,10.18
9/24/2014,3.13
9/25/2014,8.96
9/26/2014,17.11
9/27/2014,0.26
9/28/2014,25.55
9/29/2014,5.79
9/30/2014,29.29
10/1/2014,2.29
10/2/2014,15.45
10/3/2014,8.36
10/4/2014,32.56
10/5/2014,0.95
10/6/2014,0.25
10/7/2014,2.49
10/8/2014,0.1
10/9/2014,0.09
10/10/2014,12.96
10/11/2014,26.72
10/12/2014,7.13
10/13/2014,6.33
10/14/2014,23.75
10/15/2014,16.7
10/16/2014,2.38
10/17/2014,31.19
10/18/2014,9.66
10/19/2014,2.92
10/20/2014,7.81
10/21/2014,3.24
10/22/2014,6.76
10/23/2014,1.91
10/24/2014,4.29
10/25/2014,3.39
10/26/2014,16.88
10/27/2014,6.21
10/28/2014,0.34
10/29/2014,6.72
10/30/2014,5.56
10/31/2014,7.71
11/1/2014,8.78
11/2/2014,8.24
11/3/2014,0.36
11/4/2014,0.18
11/5/2014,6.46
11/6/2014,5.31
11/7/2014,4.17
11/8/2014,11.33
11/9/2014,5.88
11/10/2014,9.51
11/11/2014,2.25
11/12/2014,14.88
11/13/2014,25.95
11/14/2014,22.47
11/15/2014,14.58
11/16/2014,11.61
11/17/2014,36.96
11/18/2014,110.46
11/19/2014,10.59
11/20/2014,72.39
11/21/2014,3.49
11/22/2014,5.43
11/23/2014,3.86
11/24/2014,13.76
11/25/2014,2.68
11/26/2014,13.46
11/27/2014,5.08
11/28/2014,9.37
11/29/2014,3.45
11/30/2014,2.54
12/1/2014,3.32
12/2/2014,2.93
12/3/2014,23.36
12/4/2014,10.34
12/5/2014,25.47
12/6/2014,6.56
12/7/2014,18.87
12/8/2014,9.44
12/9/2014,5.05
12/10/2014,2.44
12/11/2014,2.2
12/12/2014,2.2
12/13/2014,2.2
12/14/2014,10.67
12/15/2014,127.71
12/16/2014,58.67
12/17/2014,225.91
12/18/2014,173.97
12/19/2014,23.47
12/20/2014,66.96
12/21/2014,131.34
12/22/2014,177.62
12/23/2014,191.68
12/24/2014,108.03
12/25/2014,33.94
12/26/2014,141.93
12/27/2014,31.3
12/28/2014,82.49
12/29/2014,79.73
12/30/2014,10.71
12/31/2014,5
1/1/2015,2.59
1/2/2015,4.27
1/3/2015,2.59
1/4/2015,7.57
1/5/2015,2.29
1/6/2015,15.78
1/7/2015,23.41
1/8/2015,90.23
1/9/2015,17.85
1/10/2015,27.8
1/11/2015,15.21
1/12/2015,2.51
1/13/2015,5.33
1/14/2015,4.28
1/15/2015,1.92
1/16/2015,1.1
1/17/2015,1.1
1/18/2015,6.07
1/19/2015,3.38
1/20/2015,1.62
1/21/2015,1.41
1/22/2015,1.2
1/23/2015,1.27
1/24/2015,1.29
1/25/2015,1.13
1/26/2015,1.15
1/27/2015,1.1
1/28/2015,1.1
1/29/2015,29.74
1/30/2015,1.44
1/31/2015,1.16
2/1/2015,1.1
2/2/2015,4.14
2/3/2015,35.05
2/4/2015,14.36
2/5/2015,5.18
2/6/2015,2.37
2/7/2015,1.97
2/8/2015,1.46
2/9/2015,4.38
2/10/2015,1.23
2/11/2015,1.13
2/12/2015,1.1
2/13/2015,1.1
2/14/2015,1.1
2/15/2015,1.1
2/16/2015,1.17
2/17/2015,1.1
2/18/2015,1.1
2/19/2015,2.38
2/20/2015,1.1
2/21/2015,1.1
2/22/2015,1.1
2/23/2015,1.1
2/24/2015,1.1
2/25/2015,1.1
2/26/2015,1.1
2/27/2015,1.1
2/28/2015,1.1
3/1/2015,1.1
3/2/2015,1.1
3/3/2015,1.1
3/4/2015,1.1
3/5/2015,1.1
3/6/2015,1.1
3/7/2015,1.1
3/8/2015,1.58
3/9/2015,1.75
3/10/2015,1.22
3/11/2015,1.13
3/12/2015,1.1
3/13/2015,1.1
3/14/2015,1.1
3/15/2015,1.1
3/16/2015,1.1
3/17/2015,1.1
3/18/2015,1.1
3/19/2015,0
3/20/2015,0
3/21/2015,0
3/22/2015,0
3/23/2015,0
3/24/2015,0
3/25/2015,2.27
3/26/2015,3.65
3/27/2015,0.93
3/28/2015,2.86
3/29/2015,14.07
3/30/2015,13.36
3/31/2015,9.21
4/1/2015,0.63
4/2/2015,4.34
4/3/2015,0.08
4/4/2015,0
4/5/2015,0
4/6/2015,0
4/7/2015,0
4/8/2015,0.2
4/9/2015,3.5
4/10/2015,9.87
4/11/2015,5.21
4/12/2015,0.13
4/13/2015,0
4/14/2015,5.16
4/15/2015,1.36
4/16/2015,0
4/17/2015,0
4/18/2015,0
4/19/2015,7.5
4/20/2015,1.1
4/21/2015,1.86
4/22/2015,0.03
4/23/2015,1.71
4/24/2015,0.81
4/25/2015,1.71
4/26/2015,1.1
4/27/2015,37.76
4/28/2015,0.8
4/29/2015,0.06
4/30/2015,5.24
5/1/2015,19.26
5/2/2015,8.18
5/3/2015,3.84
5/4/2015,0.32
5/5/2015,0.03
5/6/2015,0
5/7/2015,0.33
5/8/2015,2.43
5/9/2015,0.38
5/10/2015,1.2
5/11/2015,21.64
5/12/2015,6.55
5/13/2015,2.31
5/14/2015,7.16
5/15/2015,23.63
5/16/2015,10.23
5/17/2015,3.24
5/18/2015,9.48
5/19/2015,5.27
5/20/2015,22.51
5/21/2015,5.34
5/22/2015,7.13
5/23/2015,12.91
5/24/2015,9.25
5/25/2015,4.5
5/26/2015,26.34
5/27/2015,19.95
5/28/2015,0.53
5/29/2015,5.28
5/30/2015,5.44
5/31/2015,1.48
6/1/2015,0.42
6/2/2015,1.25
6/3/2015,1.91
6/4/2015,0.09
6/5/2015,0
6/6/2015,0
6/7/2015,2.45
6/8/2015,14
6/9/2015,11.2
6/10/2015,0.09
6/11/2015,16.23
6/12/2015,10.28
6/13/2015,25.48
6/14/2015,3.12
6/15/2015,3.64
6/16/2015,0.54
6/17/2015,0.04
6/18/2015,0
6/19/2015,0.07
6/20/2015,0.55
6/21/2015,0.12
6/22/2015,0
6/23/2015,0
6/24/2015,0
6/25/2015,0
6/26/2015,3.76
6/27/2015,0.85
6/28/2015,0
6/29/2015,0
6/30/2015,3.94
7/1/2015,13.33
7/2/2015,0
7/3/2015,18.41
7/4/2015,7.61
7/5/2015,0.5
7/6/2015,5.55
7/7/2015,9.44
7/8/2015,2.82
7/9/2015,0.12
7/10/2015,0.03
7/11/2015,0
7/12/2015,1.01
7/13/2015,2.66
7/14/2015,0.5
7/15/2015,10.04
7/16/2015,0.26
7/17/2015,4.67
7/18/2015,0.32
7/19/2015,18.8
7/20/2015,0.05
7/21/2015,11.35
7/22/2015,1.34
7/23/2015,0
7/24/2015,2.89
7/25/2015,4.44
7/26/2015,0.05
7/27/2015,4.41
7/28/2015,0.42
7/29/2015,5
7/30/2015,20.79
7/31/2015,4.19
8/1/2015,0.28
8/2/2015,12.53
8/3/2015,32.4
8/4/2015,6.03
8/5/2015,0.16
8/6/2015,3.84
8/7/2015,2.09
8/8/2015,14.18
8/9/2015,4.1
8/10/2015,35.97
8/11/2015,4.1
8/12/2015,0.65
8/13/2015,9.59
8/14/2015,2.7
8/15/2015,7.24
8/16/2015,0.51
8/17/2015,0.58
8/18/2015,4.77
8/19/2015,2.18
8/20/2015,16.39
8/21/2015,17.42
8/22/2015,0.99
8/23/2015,3.17
8/24/2015,17.66
8/25/2015,0.27
8/26/2015,0.84
8/27/2015,4.68
8/28/2015,0.03
8/29/2015,0.19
8/30/2015,9.74
8/31/2015,0.54
9/1/2015,0.92
9/2/2015,0.14
9/3/2015,1.1
9/4/2015,4.81
9/5/2015,4.82
9/6/2015,3.31
9/7/2015,6.79
9/8/2015,7.1
9/9/2015,14.04
9/10/2015,0.63
9/11/2015,0.61
9/12/2015,5.97
9/13/2015,15.67
9/14/2015,1.76
9/15/2015,0
9/16/2015,3.73
9/17/2015,5.58
9/18/2015,0.31
9/19/2015,2.89
9/20/2015,0.12
9/21/2015,0.95
9/22/2015,10.9
9/23/2015,0.77
9/24/2015,0.11
9/25/2015,2.65
9/26/2015,0.28
9/27/2015,61.08
9/28/2015,16.5
9/29/2015,13.8
9/30/2015,20.99
10/1/2015,13.36
10/2/2015,3.74
10/3/2015,0
10/4/2015,0.33
10/5/2015,1.72
10/6/2015,10.91
10/7/2015,0.78
10/8/2015,3.17
10/9/2015,17.2
10/10/2015,3.95
10/11/2015,4.32
10/12/2015,2.25
10/13/2015,26
10/14/2015,2.83
10/15/2015,3.28
10/16/2015,13.14
10/17/2015,2.28
10/18/2015,10.02
10/19/2015,2.69
10/20/2015,0.04
10/21/2015,0
10/22/2015,0
10/23/2015,3.35
10/24/2015,10.81
10/25/2015,8.02
10/26/2015,6.27
10/27/2015,1.67
10/28/2015,20.2
10/29/2015,42.72
10/30/2015,22.89
10/31/2015,4.88
11/1/2015,20.01
11/2/2015,17.65
11/3/2015,3.23
11/4/2015,29.05
11/5/2015,11.33
11/6/2015,16.95
11/7/2015,8.85
11/8/2015,8.59
11/9/2015,1.23
11/10/2015,4.78
11/11/2015,7
11/12/2015,4.34
11/13/2015,14.35
11/14/2015,3.45
11/15/2015,12.33
11/16/2015,4.66
11/17/2015,21.5
11/18/2015,5.18
11/19/2015,3.04
11/20/2015,66.18
11/21/2015,9.63
11/22/2015,12.61
11/23/2015,1.02
11/24/2015,4.37
11/25/2015,1.12
11/26/2015,9.08
11/27/2015,52.22
11/28/2015,31.97
11/29/2015,12.7
11/30/2015,25.31
12/1/2015,5.33
12/2/2015,3.58
12/3/2015,17.97
12/4/2015,2.95
12/5/2015,5.11
12/6/2015,25.33
12/7/2015,10.32
12/8/2015,12.8
12/9/2015,5.09
12/10/2015,2.8
12/11/2015,4
12/12/2015,21.89
12/13/2015,11.25
12/14/2015,8.55
12/15/2015,1.31
12/16/2015,2.22
12/17/2015,25.24
12/18/2015,8.52
12/19/2015,2.47
12/20/2015,2.22
12/21/2015,3.61
12/22/2015,2.32
12/23/2015,2.37
12/24/2015,6.94
12/25/2015,16.72
12/26/2015,3.11
12/27/2015,110.55
12/28/2015,181.2
12/29/2015,5.79
12/30/2015,2.42
12/31/2015,16.61
1/1/2016,31.29
1/2/2016,6.18
1/3/2016,2.81
1/4/2016,3.71
1/5/2016,2.22
1/6/2016,2.32
1/7/2016,2.22
1/8/2016,2.42
1/9/2016,2.22
1/10/2016,2.26
1/11/2016,2.31
1/12/2016,2.22
1/13/2016,2.22
1/14/2016,4.68
1/15/2016,7.45
1/16/2016,7.6
1/17/2016,4.61
1/18/2016,2.33
1/19/2016,2.26
1/20/2016,2.28
1/21/2016,9.91
1/22/2016,69.6
1/23/2016,1.22
1/24/2016,8.28
1/25/2016,17.22
1/26/2016,36.45
1/27/2016,19.35
1/28/2016,16.96
1/29/2016,2.72
1/30/2016,1.33
1/31/2016,6.97
2/1/2016,1.29
2/2/2016,11.32
2/3/2016,17.58
2/4/2016,73.24
2/5/2016,36.8
2/6/2016,56.63
2/7/2016,24.49
2/8/2016,2.12
2/9/2016,1.38
2/10/2016,2
2/11/2016,4.82
2/12/2016,9.13
2/13/2016,23.67
2/14/2016,1.62
2/15/2016,3.14
2/16/2016,1.87
2/17/2016,1.13
2/18/2016,6.5
2/19/2016,19.35
2/20/2016,1.13
2/21/2016,1.13
2/22/2016,1.1
2/23/2016,1.1
2/24/2016,1.1
2/25/2016,1.36
2/26/2016,7.86
2/27/2016,35.44
2/28/2016,23.8
2/29/2016,3.27
3/1/2016,1.25
3/2/2016,2.28
3/3/2016,1.1
3/4/2016,1.17
3/5/2016,2.05
3/6/2016,1.13
3/7/2016,1.13
3/8/2016,1.1
3/9/2016,1.1
3/10/2016,1.1
3/11/2016,1.1
3/12/2016,1.1
3/13/2016,1.1
3/14/2016,1.1
3/15/2016,1.1
3/16/2016,1.1
3/17/2016,1.1
3/18/2016,1.1
3/19/2016,1.1
3/20/2016,1.1
3/21/2016,1.1
3/22/2016,1.1
3/23/2016,1.1
3/24/2016,1.1
3/25/2016,1.1
3/26/2016,3.72
3/27/2016,1.26
3/28/2016,9.32
3/29/2016,1.1
3/30/2016,1.1
3/31/2016,1.1
4/1/2016,0
4/2/2016,0
4/3/2016,1.22
4/4/2016,0
4/5/2016,0
4/6/2016,0
4/7/2016,0
4/8/2016,0
4/9/2016,1.02
4/10/2016,0
4/11/2016,1.72
4/12/2016,3.43
4/13/2016,0.91
4/14/2016,12.52
4/15/2016,0.11
4/16/2016,3.5
4/17/2016,3.63
4/18/2016,0.09
4/19/2016,0
4/20/2016,0
4/21/2016,0
4/22/2016,0
4/23/2016,2.1
4/24/2016,0.16
4/25/2016,1.37
4/26/2016,0
4/27/2016,0.61
4/28/2016,0
4/29/2016,1.31
4/30/2016,0
5/1/2016,0
5/2/2016,2.17
5/3/2016,1.19
5/4/2016,0.21
5/5/2016,6.69
5/6/2016,7.37
5/7/2016,12.21
5/8/2016,13.95
5/9/2016,5.15
5/10/2016,0.03
5/11/2016,0
5/12/2016,0.67
5/13/2016,11.42
5/14/2016,6.69
5/15/2016,0.8
5/16/2016,0.77
5/17/2016,1.39
5/18/2016,0.53
5/19/2016,5.29
5/20/2016,0.74
5/21/2016,0.13
5/22/2016,0
5/23/2016,0
5/24/2016,2.73
5/25/2016,9.59
5/26/2016,3.69
5/27/2016,17.1
5/28/2016,18.69
5/29/2016,20.43
5/30/2016,33.96
5/31/2016,12.46
6/1/2016,4.51
6/2/2016,13.8
6/3/2016,10.32
6/4/2016,1.61
6/5/2016,0
6/6/2016,4.34
6/7/2016,2.43
6/8/2016,24.15
6/9/2016,0.1
6/10/2016,4.16
6/11/2016,12.14
6/12/2016,1.95
6/13/2016,3.98
6/14/2016,24.8
6/15/2016,6.66
6/16/2016,3.46
6/17/2016,32.88
6/18/2016,2.27
6/19/2016,0.03
6/20/2016,0.24
6/21/2016,17.06
6/22/2016,1.25
6/23/2016,16
6/24/2016,9.96
6/25/2016,0.15
6/26/2016,32.84
6/27/2016,1.97
6/28/2016,0
6/29/2016,2.06
6/30/2016,4.77
7/1/2016,0.03
7/2/2016,0.41
7/3/2016,0
7/4/2016,0
7/5/2016,32.03
7/6/2016,12.6
7/7/2016,16.36
7/8/2016,35.8
7/9/2016,1.98
7/10/2016,5.22
7/11/2016,4.91
7/12/2016,11.43
7/13/2016,12.45
7/14/2016,10.07
7/15/2016,3.32
7/16/2016,20
7/17/2016,10.13
7/18/2016,8.92
7/19/2016,6.74
7/20/2016,8.82
7/21/2016,2.16
7/22/2016,0.13
7/23/2016,4.9
7/24/2016,3.66
7/25/2016,3.82
7/26/2016,21.02
7/27/2016,4.7
7/28/2016,34.99
7/29/2016,5.83
7/30/2016,0.66
7/31/2016,0.51
8/1/2016,0
8/2/2016,0
8/3/2016,0
8/4/2016,0
8/5/2016,2.83
8/6/2016,0.54
8/7/2016,0
8/8/2016,0
8/9/2016,15.1
8/10/2016,23.16
8/11/2016,10.12
8/12/2016,0.85
8/13/2016,4.97
8/14/2016,0.08
8/15/2016,0
8/16/2016,1.19
8/17/2016,2.88
8/18/2016,1.07
8/19/2016,10.85
8/20/2016,3.15
8/21/2016,0.81
8/22/2016,1.76
8/23/2016,8.51
8/24/2016,19.19
8/25/2016,1.72
8/26/2016,27.47
8/27/2016,14.3
8/28/2016,4.5
8/29/2016,0.65
8/30/2016,12.02
8/31/2016,4.7
9/1/2016,5.18
9/2/2016,8.32
9/3/2016,0.97
9/4/2016,12.98
9/5/2016,7.47
9/6/2016,13.78
9/7/2016,15.84
9/8/2016,12.13
9/9/2016,0.63
9/10/2016,1.31
9/11/2016,15.29
9/12/2016,1.74
9/13/2016,0.39
9/14/2016,5.25
9/15/2016,19.05
9/16/2016,8.26
9/17/2016,22.65
9/18/2016,4.89
9/19/2016,13.95
9/20/2016,0.56
9/21/2016,25.14
9/22/2016,13.42
9/23/2016,1.18
9/24/2016,0.43
9/25/2016,8.58
9/26/2016,5.36
9/27/2016,1.59
9/28/2016,5.94
9/29/2016,0.91
9/30/2016,0.79
10/1/2016,0.74
10/2/2016,0.42
10/3/2016,16.45
10/4/2016,0.83
10/5/2016,12.74
10/6/2016,2.21
10/7/2016,19.66
10/8/2016,4.03
10/9/2016,1
10/10/2016,6.15
10/11/2016,0.42
10/12/2016,3.66
10/13/2016,10.28
10/14/2016,10.79
10/15/2016,6.58
10/16/2016,23.95
10/17/2016,12.32
10/18/2016,7.64
10/19/2016,6.64
10/20/2016,23.97
10/21/2016,9.51
10/22/2016,25.24
10/23/2016,3.25
10/24/2016,0.55
10/25/2016,0.72
10/26/2016,3.05
10/27/2016,7.92
10/28/2016,0.82
10/29/2016,10.27
10/30/2016,6.62
10/31/2016,10.1
11/1/2016,13.21
11/2/2016,13.59
11/3/2016,2.87
11/4/2016,5.32
11/5/2016,28.35
11/6/2016,3.93
11/7/2016,22.39
11/8/2016,4.2
11/9/2016,17.36
11/10/2016,9.8
11/11/2016,10.64
11/12/2016,4.67
11/13/2016,9.32
11/14/2016,1.62
11/15/2016,16.94
11/16/2016,81.56
11/17/2016,2.83
11/18/2016,4.9
11/19/2016,1.49
11/20/2016,12.02
11/21/2016,1.42
11/22/2016,0
11/23/2016,3.72
11/24/2016,4.27
11/25/2016,4.81
11/26/2016,22.66
11/27/2016,7.86
11/28/2016,10.44
11/29/2016,85.46
11/30/2016,2.12
12/1/2016,59.52
12/2/2016,28.62
12/3/2016,34.17
12/4/2016,1.81
12/5/2016,0.19
12/6/2016,7.64
12/7/2016,12.59
12/8/2016,11.52
12/9/2016,1.72
12/10/2016,24.34
12/11/2016,8.09
12/12/2016,0.05
12/13/2016,3.65
12/14/2016,0.23
12/15/2016,0
12/16/2016,0.14
12/17/2016,8.51
12/18/2016,12.85
12/19/2016,21.33
12/20/2016,5.47
12/21/2016,1.31
12/22/2016,10.54
12/23/2016,54.92
12/24/2016,37.22
12/25/2016,29.41
12/26/2016,28.86
12/27/2016,18.27
12/28/2016,4.94
12/29/2016,0.19
12/30/2016,17.5
12/31/2016,253.85
1/1/2017,65.18
1/2/2017,134.71
1/3/2017,183.61
1/4/2017,15.22
1/5/2017,0.07
1/6/2017,12.86
1/7/2017,0.98
1/8/2017,1.77
1/9/2017,0.09
1/10/2017,0.05
1/11/2017,0
1/12/2017,0
1/13/2017,0
1/14/2017,4.64
1/15/2017,0.05
1/16/2017,0
1/17/2017,41.92
1/18/2017,11.56
1/19/2017,96.62
1/20/2017,49.97
1/21/2017,244.36
1/22/2017,41
1/23/2017,42.1
1/24/2017,91.36
1/25/2017,48.06
1/26/2017,67.08
1/27/2017,40.43
1/28/2017,2.19
1/29/2017,0.08
1/30/2017,7.24
1/31/2017,1.91
2/1/2017,0.27
2/2/2017,0
2/3/2017,5.56
2/4/2017,2.85
2/5/2017,4.25
2/6/2017,0.73
2/7/2017,0
2/8/2017,0.03
2/9/2017,0
2/10/2017,1.27
2/11/2017,14.77
2/12/2017,11.29
2/13/2017,23.14
2/14/2017,16.18
2/15/2017,10.18
2/16/2017,4.47
2/17/2017,2.66
2/18/2017,30.03
2/19/2017,4.36
2/20/2017,0.47
2/21/2017,0.46
2/22/2017,1.85
2/23/2017,7.21
2/24/2017,1.38
2/25/2017,7.26
2/26/2017,52.03
2/27/2017,33.59
2/28/2017,18.75
3/1/2017,38.99
3/2/2017,21.23
3/3/2017,1.1
3/4/2017,0.83
3/5/2017,0.39
3/6/2017,0.39
3/7/2017,0.39
3/8/2017,0.39
3/9/2017,0.39
3/10/2017,0.39
3/11/2017,0.39
3/12/2017,0.39
3/13/2017,0.39
3/14/2017,0.39
3/15/2017,0.44
3/16/2017,0.44
3/17/2017,0.39
3/18/2017,0.42
3/19/2017,2.28
3/20/2017,7.47
3/21/2017,4.85
3/22/2017,2.96
3/23/2017,0.83
3/24/2017,1.2
3/25/2017,1.73
3/26/2017,9.23
3/27/2017,11.41
3/28/2017,22.79
3/29/2017,14.76
3/30/2017,3.73
3/31/2017,3.04
4/1/2017,21.32
4/2/2017,20.96
4/3/2017,23.2
4/4/2017,3.93
4/5/2017,0.92
4/6/2017,3.65
4/7/2017,7.13
4/8/2017,11.13
4/9/2017,9.01
4/10/2017,12.69
4/11/2017,4.18
4/12/2017,0.96
4/13/2017,10.84
4/14/2017,4
4/15/2017,0.48
4/16/2017,0.42
4/17/2017,1.29
4/18/2017,24.73
4/19/2017,6.27
4/20/2017,5.43
4/21/2017,0.82
4/22/2017,1.91
4/23/2017,4.88
4/24/2017,8.74
4/25/2017,7.81
4/26/2017,0.42
4/27/2017,5.9
4/28/2017,0.47
4/29/2017,10.15
4/30/2017,0.56
5/1/2017,1.26
5/2/2017,0.56
5/3/2017,13.37
5/4/2017,0.79
5/5/2017,22.75
5/6/2017,3.11
5/7/2017,3.43
5/8/2017,7.27
5/9/2017,8.77
5/10/2017,49.33
5/11/2017,1.15
5/12/2017,2.13
5/13/2017,8.86
5/14/2017,5.7
5/15/2017,3.45
5/16/2017,3.91
5/17/2017,1.01
5/18/2017,6.41
5/19/2017,17.49
5/20/2017,0.47
5/21/2017,1.04
5/22/2017,2.48
5/23/2017,2.82
5/24/2017,4.61
5/25/2017,23.98
5/26/2017,12.64
5/27/2017,1.5
5/28/2017,1.29
5/29/2017,11.39
5/30/2017,0.81
5/31/2017,15.97
6/1/2017,2.59
6/2/2017,2.12
6/3/2017,14.75
6/4/2017,10.15
6/5/2017,7.93
6/6/2017,6.05
6/7/2017,0.03
6/8/2017,0.1
6/9/2017,0.27
6/10/2017,4.41
6/11/2017,6.54
6/12/2017,0.37
6/13/2017,8.11
6/14/2017,1.11
6/15/2017,13.11
6/16/2017,4.58
6/17/2017,18.88
6/18/2017,8.82
6/19/2017,15.74
6/20/2017,24.09
6/21/2017,20.24
6/22/2017,0.53
6/23/2017,1.69
6/24/2017,5.67
6/25/2017,0.65
6/26/2017,25.95
6/27/2017,6.03
6/28/2017,1.19
6/29/2017,11.66
6/30/2017,2.86
7/1/2017,3.9
7/2/2017,2.84
7/3/2017,17.04
7/4/2017,6.62
7/5/2017,13.82
7/6/2017,1.49
7/7/2017,4
7/8/2017,2.55
7/9/2017,11.3
7/10/2017,1.27
7/11/2017,8.21
7/12/2017,9.91
7/13/2017,19.83
7/14/2017,6.43
7/15/2017,0.29
7/16/2017,0
7/17/2017,0
7/18/2017,0
7/19/2017,1.8
7/20/2017,0.04
7/21/2017,0.86
7/22/2017,6.02
7/23/2017,0.43
7/24/2017,0.47
7/25/2017,0.53
7/26/2017,0.03
7/27/2017,0
7/28/2017,10.05
7/29/2017,0.12
7/30/2017,0
7/31/2017,2.59
8/1/2017,3.16
8/2/2017,2.22
8/3/2017,3.09
8/4/2017,0
8/5/2017,0
8/6/2017,0.74
8/7/2017,2.94
8/8/2017,5.18
8/9/2017,7.52
8/10/2017,2.27
8/11/2017,15.12
8/12/2017,1.68
8/13/2017,10.29
8/14/2017,14.11
8/15/2017,24.36
8/16/2017,0.67
8/17/2017,4.49
8/18/2017,0.11
8/19/2017,0
8/20/2017,3.06
8/21/2017,9.35
8/22/2017,34.21
8/23/2017,1.58
8/24/2017,1.14
8/25/2017,27.01
8/26/2017,26.9
8/27/2017,8.32
8/28/2017,23.29
8/29/2017,16.57
8/30/2017,0.1
8/31/2017,11.24
9/1/2017,10.69
9/2/2017,17.02
9/3/2017,7.7
9/4/2017,1.28
9/5/2017,3.15
9/6/2017,1.24
9/7/2017,4.64
9/8/2017,0.61
9/9/2017,1.56
9/10/2017,7.42
9/11/2017,20.19
9/12/2017,0.17
9/13/2017,11.23
9/14/2017,9.64
9/15/2017,4.31
9/16/2017,0.64
9/17/2017,2.61
9/18/2017,12.94
9/19/2017,3.17
9/20/2017,19.01
9/21/2017,1.49
9/22/2017,6.57
9/23/2017,0.65
9/24/2017,9.35
9/25/2017,2.16
9/26/2017,12.4
9/27/2017,2.75
9/28/2017,11.89
9/29/2017,18.2
9/30/2017,18.53
10/1/2017,10.24
10/2/2017,13.55
10/3/2017,5.88
10/4/2017,0.55
10/5/2017,2.95
10/6/2017,0.51
10/7/2017,8.23
10/8/2017,10.46
10/9/2017,11.46
10/10/2017,15.45
10/11/2017,4.43
10/12/2017,28.8
10/13/2017,12.61
10/14/2017,1.36
10/15/2017,1.15
10/16/2017,0.56
10/17/2017,0.57
10/18/2017,0.59
10/19/2017,28.8
10/20/2017,0.17
10/21/2017,3.63
10/22/2017,5.33
10/23/2017,3.3
10/24/2017,0.05
10/25/2017,1.74
10/26/2017,2.62
10/27/2017,14.42
10/28/2017,7.05
10/29/2017,14.46
10/30/2017,24.79
10/31/2017,2.92
11/1/2017,2.9
11/2/2017,6.49
11/3/2017,10.86
11/4/2017,1.96
11/5/2017,8.66
11/6/2017,1.25
11/7/2017,25.99
11/8/2017,20.03
11/9/2017,8.77
11/10/2017,1.08
11/11/2017,19.93
11/12/2017,1.48
11/13/2017,4.79
11/14/2017,36.22
11/15/2017,9.94
11/16/2017,6.58
11/17/2017,2.24
11/18/2017,2.62
11/19/2017,3.17
11/20/2017,1.9
11/21/2017,11.59
11/22/2017,5.04
11/23/2017,29.11
11/24/2017,11.01
11/25/2017,26.7
11/26/2017,88.36
11/27/2017,167.07
11/28/2017,37.63
11/29/2017,24.8
11/30/2017,61.04
12/1/2017,44.31
12/2/2017,25.97
12/3/2017,2.93
12/4/2017,14.81
12/5/2017,20.61
12/6/2017,4.23
12/7/2017,29.41
12/8/2017,32.5
12/9/2017,3.6
12/10/2017,9.43
12/11/2017,0.51
12/12/2017,1.27
12/13/2017,0.58
12/14/2017,3
12/15/2017,0.7
12/16/2017,0.58
12/17/2017,16.78
12/18/2017,16.99
12/19/2017,1.19
12/20/2017,1.95
12/21/2017,0.26
12/22/2017,11.75
12/23/2017,32.92
12/24/2017,11.84
12/25/2017,1.28
12/26/2017,4.35
12/27/2017,26.57
12/28/2017,3.43
12/29/2017,108.46
12/30/2017,47.65
12/31/2017,88.59
1/1/2018,129.78
1/2/2018,57.89
1/3/2018,50.52
1/4/2018,18.76
1/5/2018,4.09
1/6/2018,7.18
1/7/2018,1.18
1/8/2018,12.3
1/9/2018,1.91
1/10/2018,13.6
1/11/2018,19.63
1/12/2018,12.69
1/13/2018,23.72
1/14/2018,7.35
1/15/2018,3.39
1/16/2018,1.72
1/17/2018,0.69
1/18/2018,0.58
1/19/2018,17.41
1/20/2018,39.99
1/21/2018,41.64
1/22/2018,1.02
1/23/2018,12.76
1/24/2018,5.8
1/25/2018,3.36
1/26/2018,17
1/27/2018,3.37
1/28/2018,2.12
1/29/2018,2.41
1/30/2018,0.6
1/31/2018,3.04
2/1/2018,6.73
2/2/2018,13.06
2/3/2018,4.44
2/4/2018,2.43
2/5/2018,0.85
2/6/2018,0.62
2/7/2018,0.51
2/8/2018,0.51
2/9/2018,0.51
2/10/2018,0.51
2/11/2018,0.51
2/12/2018,0.66
2/13/2018,9.27
2/14/2018,6.69
2/15/2018,0.51
2/16/2018,0.94
2/17/2018,0.51
2/18/2018,0.51
2/19/2018,4.43
2/20/2018,0.63
2/21/2018,0
2/22/2018,0.18
2/23/2018,37.55
2/24/2018,34.9
2/25/2018,0.16
2/26/2018,0
2/27/2018,0.42
2/28/2018,0
3/1/2018,0
3/2/2018,0
3/3/2018,1.8
3/4/2018,0
3/5/2018,1.52
3/6/2018,0.74
3/7/2018,29.47
3/8/2018,21.28
3/9/2018,6.22
3/10/2018,4.01
3/11/2018,1.82
3/12/2018,3.82
3/13/2018,2.16
3/14/2018,0
3/15/2018,2.63
3/16/2018,13.87
3/17/2018,0
3/18/2018,0.29
3/19/2018,0.72
3/20/2018,0.03
3/21/2018,0
3/22/2018,0
3/23/2018,0.55
3/24/2018,4.28
3/25/2018,2.18
3/26/2018,6.65
3/27/2018,0.74
3/28/2018,0.11
3/29/2018,0
3/30/2018,1.89
3/31/2018,0.21
4/1/2018,1.05
4/2/2018,0.19
4/3/2018,0.03
4/4/2018,0
4/5/2018,0
4/6/2018,0
4/7/2018,0
4/8/2018,12.75
4/9/2018,2.62
4/10/2018,8.37
4/11/2018,0.64
4/12/2018,0.21
4/13/2018,0
4/14/2018,1.22
4/15/2018,0.31
4/16/2018,0
4/17/2018,0.39
4/18/2018,7.51
4/19/2018,4.05
4/20/2018,3.95
4/21/2018,0.03
4/22/2018,0.35
4/23/2018,4.91
4/24/2018,0.68
4/25/2018,5.19
4/26/2018,14.94
4/27/2018,8.47
4/28/2018,0.33
4/29/2018,19.23
4/30/2018,5.29
5/1/2018,1.08
5/2/2018,4.5
5/3/2018,0.21
5/4/2018,0.03
5/5/2018,17.8
5/6/2018,2.28
5/7/2018,10.43
5/8/2018,1.86
5/9/2018,1.89
5/10/2018,3.62
5/11/2018,0.05
5/12/2018,0.62
5/13/2018,1.93
5/14/2018,1.95
5/15/2018,3.63
5/16/2018,8.94
5/17/2018,1.9
5/18/2018,0.1
5/19/2018,0.09
5/20/2018,0.09
5/21/2018,6.95
5/22/2018,9.32
5/23/2018,1.01
5/24/2018,3.54
5/25/2018,0
5/26/2018,0.45
5/27/2018,0.52
5/28/2018,0.12
5/29/2018,30.61
5/30/2018,0.12
5/31/2018,8.9
6/1/2018,48.17
6/2/2018,2.51
6/3/2018,0.71
6/4/2018,0.48
6/5/2018,2.64
6/6/2018,6.15
6/7/2018,0.82
6/8/2018,22.86
6/9/2018,0.63
6/10/2018,0.48
6/11/2018,1.61
6/12/2018,0.48
6/13/2018,0.48
6/14/2018,0.48
6/15/2018,1.32
6/16/2018,0.48
6/17/2018,0.48
6/18/2018,5.85
6/19/2018,0.68
6/20/2018,10.63
6/21/2018,9.57
6/22/2018,2.66
6/23/2018,22.08
6/24/2018,0.88
6/25/2018,13.9
6/26/2018,1.4
6/27/2018,0.9
6/28/2018,10.36
6/29/2018,5.55
6/30/2018,0.69
7/1/2018,15.93
7/2/2018,1.07
7/3/2018,0.97
7/4/2018,2.53
7/5/2018,0.55
7/6/2018,0.03
7/7/2018,0
7/8/2018,0
7/9/2018,30.8
7/10/2018,0.58
7/11/2018,0.07
7/12/2018,0
7/13/2018,0
7/14/2018,0
7/15/2018,0
7/16/2018,6.67
7/17/2018,2.25
7/18/2018,18.01
7/19/2018,1.05
7/20/2018,26.13
7/21/2018,1.31
7/22/2018,0.56
7/23/2018,6.15
7/24/2018,25.24
7/25/2018,17.55
7/26/2018,0.66
7/27/2018,10.54
7/28/2018,28.04
7/29/2018,14.01
7/30/2018,4.05
7/31/2018,10.55
8/1/2018,30.44
8/2/2018,0.08
8/3/2018,0
8/4/2018,2.57
8/5/2018,0.5
8/6/2018,5
8/7/2018,2.34
8/8/2018,4.71
8/9/2018,8.14
8/10/2018,9.68
8/11/2018,1.28
8/12/2018,0.03
8/13/2018,0.04
8/14/2018,0
8/15/2018,0
8/16/2018,1.73
8/17/2018,15.15
8/18/2018,3.74
8/19/2018,0.2
8/20/2018,0.03
8/21/2018,7.6
8/22/2018,16.21
8/23/2018,0.11
8/24/2018,0.23
8/25/2018,13.56
8/26/2018,0.95
8/27/2018,0.03
8/28/2018,22.41
8/29/2018,7.54
8/30/2018,1.43
8/31/2018,18.22
9/1/2018,3.4
9/2/2018,1.74
9/3/2018,13.67
9/4/2018,8.37
9/5/2018,0.12
9/6/2018,22.42
9/7/2018,18.25
9/8/2018,2.25
9/9/2018,10.93
9/10/2018,20.75
9/11/2018,13.6
9/12/2018,2.14
9/13/2018,1.22
9/14/2018,5.96
9/15/2018,13.79
9/16/2018,5.56
9/17/2018,4.29
9/18/2018,9.11
9/19/2018,10.86
9/20/2018,4.33
9/21/2018,0.96
9/22/2018,7.56
9/23/2018,5.95
9/24/2018,0.13
9/25/2018,2.48
9/26/2018,18.2
9/27/2018,11.22
9/28/2018,6.47
9/29/2018,5.56
9/30/2018,2.18
10/1/2018,2.87
10/2/2018,3.63
10/3/2018,4.37
10/4/2018,8.41
10/5/2018,11.79
10/6/2018,18.48
10/7/2018,8.07
10/8/2018,13.8
10/9/2018,3.44
10/10/2018,0.2
10/11/2018,8.95
10/12/2018,10.57
10/13/2018,8.34
10/14/2018,25.96
10/15/2018,2.41
10/16/2018,7.49
10/17/2018,7.4
10/18/2018,18
10/19/2018,16.4
10/20/2018,0.19
10/21/2018,3.73
10/22/2018,2.79
10/23/2018,5.56
10/24/2018,5.89
10/25/2018,5.01
10/26/2018,8.64
10/27/2018,5.11
10/28/2018,2.5
10/29/2018,7.11
10/30/2018,24.42
10/31/2018,6.97
11/1/2018,4.9
11/2/2018,47.55
11/3/2018,39.6
11/4/2018,30
11/5/2018,64.96
11/6/2018,47.02
11/7/2018,13.05
11/8/2018,4.46
11/9/2018,3.52
11/10/2018,14.2
11/11/2018,11.6
11/12/2018,5.9
11/13/2018,2.19
11/14/2018,10.73
11/15/2018,10.46
11/16/2018,3.34
11/17/2018,9.14
11/18/2018,4.04
11/19/2018,25.59
11/20/2018,3.34
11/21/2018,12.65
11/22/2018,4.46
11/23/2018,0.07
11/24/2018,0
11/25/2018,2.95
11/26/2018,0.92
11/27/2018,0.95
11/28/2018,13.06
11/29/2018,21.25
11/30/2018,40.06
12/1/2018,52.21
12/2/2018,27.03
12/3/2018,52.9
12/4/2018,33.48
12/5/2018,47.75
12/6/2018,41.32
12/7/2018,8.51
12/8/2018,3.71
12/9/2018,19.24
12/10/2018,15.62
12/11/2018,17.17
12/12/2018,109.62
12/13/2018,128.59
12/14/2018,41.38
12/15/2018,88.33
12/16/2018,2.93
12/17/2018,59.93
12/18/2018,1.28
12/19/2018,1
12/20/2018,0.44
12/21/2018,0.2
12/22/2018,0
12/23/2018,3.19
12/24/2018,0.99
12/25/2018,1.52
12/26/2018,4.94
12/27/2018,0
12/28/2018,24.41
12/29/2018,0.88
12/30/2018,3.68
12/31/2018,10.78
1/1/2019,0.58
1/2/2019,11.4
1/3/2019,2.88
1/4/2019,0.26
1/5/2019,0.15
1/6/2019,5.17
1/7/2019,8.08
1/8/2019,13.29
1/9/2019,33.7
1/10/2019,10.73
1/11/2019,4.88
1/12/2019,14.66
1/13/2019,18.51
1/14/2019,0.21
1/15/2019,0
1/16/2019,20.26
1/17/2019,35.12
1/18/2019,2.98
1/19/2019,6.28
1/20/2019,1.49
1/21/2019,1.55
1/22/2019,0.08
1/23/2019,3.4
1/24/2019,0.52
1/25/2019,0.15
1/26/2019,0
1/27/2019,0.1
1/28/2019,2.47
1/29/2019,5.27
1/30/2019,0.05
1/31/2019,4.57
2/1/2019,7.47
2/2/2019,24.76
2/3/2019,4.05
2/4/2019,0.06
2/5/2019,0
2/6/2019,0
2/7/2019,0.18
2/8/2019,0.09
2/9/2019,0.08
2/10/2019,0
2/11/2019,0.04
2/12/2019,9.62
2/13/2019,59.17
2/14/2019,2.29
2/15/2019,0.08
2/16/2019,0.03
2/17/2019,0.43
2/18/2019,0.56
2/19/2019,0.51
2/20/2019,5.2
2/21/2019,0
2/22/2019,0
2/23/2019,0
2/24/2019,0
2/25/2019,0
2/26/2019,3.13
2/27/2019,0.87
2/28/2019,0.13
3/1/2019,0
3/2/2019,0
3/3/2019,0
3/4/2019,0
3/5/2019,0
3/6/2019,0
3/7/2019,0
3/8/2019,0
3/9/2019,0
3/10/2019,1.78
3/11/2019,2.09
3/12/2019,1.87
3/13/2019,0.04
3/14/2019,0
3/15/2019,0
3/16/2019,0
3/17/2019,0
3/18/2019,0
3/19/2019,1.1
3/20/2019,0
3/21/2019,0
3/22/2019,0
3/23/2019,0
3/24/2019,2.7
3/25/2019,0.18
3/26/2019,1.64
3/27/2019,0.46
3/28/2019,0.11
3/29/2019,20.9
3/30/2019,6.65
3/31/2019,13.33
4/1/2019,22.9
4/2/2019,13.82
4/3/2019,2.92
4/4/2019,0
4/5/2019,0
4/6/2019,0
4/7/2019,4.1
4/8/2019,0.07
4/9/2019,0
4/10/2019,0
4/11/2019,20.92
4/12/2019,0.89
4/13/2019,10.71
4/14/2019,1.15
4/15/2019,3.02
4/16/2019,0.09
4/17/2019,0
4/18/2019,0
4/19/2019,0
4/20/2019,0
4/21/2019,0
4/22/2019,0
4/23/2019,1.62
4/24/2019,0.09
4/25/2019,0.63
4/26/2019,0
4/27/2019,25.98
4/28/2019,2.32
4/29/2019,1.52
4/30/2019,5.53
5/1/2019,0.84
5/2/2019,3.68
5/3/2019,0.84
5/4/2019,2.14
5/5/2019,2.05
5/6/2019,3.66
5/7/2019,14.52
5/8/2019,11.92
5/9/2019,7.41
5/10/2019,2.85
5/11/2019,10.38
5/12/2019,14.8
5/13/2019,9.09
5/14/2019,9.7
5/15/2019,1.96
5/16/2019,3.8
5/17/2019,4.77
5/18/2019,1.55
5/19/2019,14.05
5/20/2019,0.18
5/21/2019,4.8
5/22/2019,6.38
5/23/2019,0.16
5/24/2019,1.93
5/25/2019,0.14
5/26/2019,0
5/27/2019,6.34
5/28/2019,1.4
5/29/2019,4.63
5/30/2019,9.42
5/31/2019,3.78
6/1/2019,17.7
6/2/2019,4.31
6/3/2019,19.61
6/4/2019,2.38
6/5/2019,21.57
6/6/2019,51.94
6/7/2019,0.46
6/8/2019,3.02
6/9/2019,1.49
6/10/2019,0.66
6/11/2019,11.28
6/12/2019,0
6/13/2019,0
6/14/2019,0.05
6/15/2019,21.8
6/16/2019,13.91
6/17/2019,12.66
