-2.112512929370899428e+01,-1.513010161982770896e+01,-4.706369820113052715e-01,-2.031362056732177734e-01
-2.115512929370899187e+01,-1.535637662390301905e+01,-4.719755952299072854e-01,-2.132326960563659668e-01
-1.988512929370899229e+01,-1.610346577963870729e+01,-4.153076356424202920e-01,-2.465681433677673340e-01
-6.385129293708992293e+00,-1.627646848965752469e+01,1.870683127285050207e-01,-2.542876005172729492e-01
-9.865129293708992719e+00,-1.582033849785415924e+01,3.178917937066648436e-02,-2.339348793029785156e-01
1.984870706291010478e+00,-9.234688734044173231e+00,5.605414007184787994e-01,5.991971492767333984e-02
-4.975129293708992151e+00,-1.157697318773920081e+01,2.499831340028016713e-01,-4.459404945373535156e-02
-1.097512929370899215e+01,-5.033341478331096575e+00,-1.773950971760956605e-02,2.473856806755065918e-01
-1.668512929370899300e+01,-6.368464322066597738e+00,-2.725222256582009450e-01,1.878119111061096191e-01
-1.849512929370899172e+01,-7.933579742454121231e+00,-3.532852231805249654e-01,1.179757714271545410e-01
8.874870706291007494e+00,-1.149389218651443834e+01,8.679762365907509603e-01,-4.088693857192993164e-02
-1.679512929370898888e+01,-1.332000711659408587e+01,-2.774304741264084218e-01,-1.223689913749694824e-01
-2.068512929370898945e+01,-3.809323121499179621e-01,-4.510039881384750315e-01,4.549782276153564453e-01
-2.069512929370899101e+01,-1.306380986109286013e+01,-4.514501925446757213e-01,-1.109373569488525391e-01
-1.930512929370899400e+01,-1.409874038902747273e+01,-3.894277800827805058e-01,-1.571164131164550781e-01
-1.394512929370899279e+01,-1.522408687723058485e+01,-1.502622183592131344e-01,-2.073298692703247070e-01
-1.977512929370899286e+01,-1.550404159887510858e+01,-4.103993871742127042e-01,-2.198215723037719727e-01
-1.389512929370899208e+01,-1.324175642167093336e+01,-1.480311963282097132e-01,-1.188774108886718750e-01
3.087487070629100572e+01,-1.501684055492144054e+01,1.849625930232258852e+00,-1.980824470520019531e-01
1.243487070629100977e+01,-1.245530481134741585e+01,1.026825005198195084e+00,-8.378559350967407227e-02
-2.405129293708991867e+00,1.073832192153240861e+01,3.646576663963778109e-01,9.511242508888244629e-01
1.783487070629100657e+01,2.022815651929446901e+00,1.267775384546565132e+00,5.622345209121704102e-01
7.487070629100855967e-02,2.657065860234339993e+00,4.753163591341478256e-01,5.905350446701049805e-01
-2.005512929370899400e+01,2.429713426541066923e-01,-4.228931105478319075e-01,4.828170835971832275e-01
-2.032512929370899002e+01,-5.049640517547189233e-01,-4.349406295152504209e-01,4.494438767433166504e-01
-2.076512929370899130e+01,-1.108413099790287148e+01,-4.545736233880805499e-01,-2.260321378707885742e-02
-2.076512929370899130e+01,-1.457316837190370329e+01,-4.545736233880805499e-01,-1.782855987548828125e-01
-2.076512929370899130e+01,-1.586528065084404560e+01,-4.545736233880805499e-01,-2.359402179718017578e-01
-2.076512929370899130e+01,-1.594453988593802407e+01,-4.545736233880805499e-01,-2.394767999649047852e-01
-2.076512929370899130e+01,-1.604315240579355262e+01,-4.545736233880805499e-01,-2.438769340515136719e-01
-2.076512929370899130e+01,-1.604314839834916739e+01,-4.545736233880805499e-01,-2.438767552375793457e-01
-2.076512929370899130e+01,-1.604314839834916739e+01,-4.545736233880805499e-01,-2.438767552375793457e-01
-2.076512929370899130e+01,-1.604315240579355262e+01,-4.545736233880805499e-01,-2.438769340515136719e-01
-2.076512929370899130e+01,-1.604315240579355262e+01,-4.545736233880805499e-01,-2.438769340515136719e-01
-2.076512929370899130e+01,-1.604315240579355262e+01,-4.545736233880805499e-01,-2.438769340515136719e-01
-2.071512929370899059e+01,-1.604315240579355262e+01,-4.523426013570771564e-01,-2.438769340515136719e-01
-2.071512929370899059e+01,-1.604315240579355262e+01,-4.523426013570771564e-01,-2.438769340515136719e-01
-2.076512929370899130e+01,-1.602603661081496966e+01,-4.545736233880805499e-01,-2.431132197380065918e-01
-2.073512929370899371e+01,-1.602440424513450523e+01,-4.532350101694785360e-01,-2.430403828620910645e-01
-1.887512929370899428e+01,-1.603012821153450318e+01,-3.702409906161510667e-01,-2.432957887649536133e-01
-1.368512929370899300e+01,-1.602157498939699920e+01,-1.386609037979953107e-01,-2.429141402244567871e-01
-1.630512929370899400e+01,-1.535988046611240065e+01,-2.555664582225748993e-01,-2.133890390396118164e-01
-1.819512929370899101e+01,-1.314451311198110162e+01,-3.398990909945044381e-01,-1.145383715629577637e-01
-2.032512929370899002e+01,-1.375203900948122460e+01,-4.349406295152504209e-01,-1.416464447975158691e-01
-1.995512929370899258e+01,-1.347772142627497516e+01,-4.184310664858250650e-01,-1.294062733650207520e-01
-1.942512929370899144e+01,-1.477318526453797887e+01,-3.947822329571887279e-01,-1.872104406356811523e-01
-1.192512929370899144e+01,-1.521069533390269157e+01,-6.012892830667464911e-02,-2.067323327064514160e-01
-9.745129293708991725e+00,-1.545166830817618830e+01,3.714363224507475497e-02,-2.174846529960632324e-01
1.634870706291005504e+00,-1.208841526279224610e+01,5.449242465014546566e-01,-6.741482019424438477e-02
-6.395129293708992080e+00,-1.130039006263927703e+01,1.866221083223043586e-01,-3.225278854370117188e-02
-1.742512929370899144e+01,-4.755298307659362678e+00,-3.055413517170516013e-01,2.597920894622802734e-01
-1.811512929370899272e+01,-6.728233977760154971e+00,-3.363294557448989197e-01,1.717588305473327637e-01
1.648707062910084176e-01,-1.083759702663446234e+01,4.793321987899539782e-01,-1.160275936126708984e-02
-1.951292937089910140e-01,-1.327921133273036247e+01,4.632688401667293676e-01,-1.205486655235290527e-01
2.044870706291007423e+00,-5.253057631759030954e+00,5.632186271556828272e-01,2.375818490982055664e-01
-1.722512929370899215e+01,-7.043066823723008518e+00,-2.966172635930379720e-01,1.577108502388000488e-01
-2.023512929370899371e+01,-4.121166986871296345e+00,-4.309247898594442683e-01,2.880873084068298340e-01
-1.750512929370898974e+01,-9.932301981373029776e+00,-3.091109869666571197e-01,2.879190444946289062e-02
-1.402512929370899109e+01,-1.399449607399285256e+01,-1.538318536088185973e-01,-1.524649858474731445e-01
-1.002512929370899109e+01,-1.418976948828724538e+01,2.464990887145559334e-02,-1.611781716346740723e-01
-1.214512929370899208e+01,-1.326159193557376348e+01,-6.994542524308976217e-02,-1.197624802589416504e-01
-8.465129293708992364e+00,-1.097527812182274332e+01,9.425779623876245905e-02,-1.774615049362182617e-02
-1.697512929370899215e+01,-1.090380935861786682e+01,-2.854621534380208381e-01,-1.455718278884887695e-02
-2.019512929370899457e+01,-9.391753837734304611e+00,-4.291399722346415646e-01,5.291140079498291016e-02
-1.031512929370899201e+01,-1.179738930812013464e+01,1.170998109163567599e-02,-5.442911386489868164e-02
-1.715512929370899187e+01,-1.381107801601118545e+01,-2.934938327496331434e-01,-1.442807912826538086e-01
-2.067512929370899144e+01,-1.089534296444208827e+01,-4.505577837322743973e-01,-1.417940855026245117e-02
-2.073512929370899371e+01,-1.426065316461156129e+01,-4.532350101694785360e-01,-1.643410325050354004e-01
-1.986512929370898917e+01,-1.405277633771880019e+01,-4.144152268300188569e-01,-1.550654768943786621e-01
3.574870706291008560e+00,-1.529695557434146025e+01,6.314879013043876999e-01,-2.105813026428222656e-01
-1.488512929370899229e+01,-1.570697591102340951e+01,-1.922054325420775589e-01,-2.288765907287597656e-01
-1.572512929370899215e+01,-3.706400500219869443e+00,-2.296866026629351409e-01,3.065943717956542969e-01
-2.033512929370899158e+01,-1.273807275895189406e+01,-4.353868339214510552e-01,-9.640282392501831055e-02
-1.924512929370899172e+01,-1.195468684358473688e+01,-3.867505536455763671e-01,-6.144779920578002930e-02
-1.627512929370899286e+01,-1.428040585799705298e+01,-2.542278450039728299e-01,-1.652224063873291016e-01
-1.241512929370899165e+01,-1.457650924470799758e+01,-8.199294421050824788e-02,-1.784346699714660645e-01
-1.334512929370899315e+01,-1.422932162857607885e+01,-1.234899539871720103e-01,-1.629430055618286133e-01
-2.073512929370899371e+01,-1.236237484763322136e+01,-4.532350101694785360e-01,-7.963901758193969727e-02
-1.525512929370899151e+01,-1.200936174317681804e+01,-2.087149955715028871e-01,-6.388741731643676758e-02
-2.068512929370898945e+01,-1.384136895232073883e+01,-4.510039881384750315e-01,-1.456323862075805664e-01
-1.100512929370899151e+01,-1.303659397044323676e+01,-1.907812293621159380e-02,-1.097229719161987305e-01
-2.059512929370899315e+01,-1.580170788889713940e+01,-4.469881484826688789e-01,-2.331035733222961426e-01
-1.989512929370899030e+01,-1.119640222404545149e+01,-4.157538400486209262e-01,-2.761280536651611328e-02
-2.059512929370899315e+01,-1.572081361649309983e+01,-4.469881484826688789e-01,-2.294940352439880371e-01
-7.785129293708992648e+00,-1.438572016068310688e+01,1.245996958604090599e-01,-1.699215769767761230e-01
-2.036512929370898917e+01,-1.591498097613656881e+01,-4.367254471400531246e-01,-2.381578683853149414e-01
1.594870706291008133e+00,-9.766997572022406260e+00,5.431394288766520084e-01,3.616786003112792969e-02
-1.804512929370899244e+01,-1.564158109769503469e+01,-3.332060249014941467e-01,-2.259586453437805176e-01
-1.772512929370899215e+01,-5.003351100350597491e+00,-3.189274839030722397e-01,2.487238645553588867e-01
-1.388512929370899229e+01,-1.453034749280954685e+01,-1.475849919220090234e-01,-1.763749122619628906e-01
-1.238512929370899229e+01,-1.336079087812464650e+01,-8.065433099190622013e-02,-1.241887807846069336e-01
2.817487070629100288e+01,-1.279413957756120013e+01,1.729150740558073718e+00,-9.890455007553100586e-02
-2.000512929370898974e+01,-1.203857734857575501e+01,-4.206620885168284585e-01,-6.519103050231933594e-02
-1.902512929370899286e+01,9.912704221396042570e+00,-3.769340567091612471e-01,9.142848253250122070e-01
-1.229512929370899244e+01,-1.306370566753878748e+01,-7.663849133610005360e-02,-1.109327077865600586e-01
-1.545512929370899258e+01,-1.398030571341707251e+01,-2.176390836955165997e-01,-1.518318057060241699e-01
-1.770512929370899258e+01,-1.231196921212851336e+01,-3.180350750906708046e-01,-7.738989591598510742e-02
-1.724512929370899172e+01,-1.344125635397923446e+01,-2.975096724054392960e-01,-1.277791857719421387e-01
-2.014512929370899030e+01,-1.302479071090755092e+01,-4.269089502036380601e-01,-1.091963052749633789e-01
-1.474512929370899172e+01,-1.363339327513308774e+01,-1.859585708552679573e-01,-1.363524198532104492e-01
-3.665129293708993430e+00,-1.492278049188999844e+01,3.084359112150913962e-01,-1.938854455947875977e-01
-2.068512929370898945e+01,-1.309330732341371117e+01,-4.510039881384750315e-01,-1.122535467147827148e-01
-2.011512929370898917e+01,-7.970747453332451826e+00,-4.255703369850359907e-01,1.163173317909240723e-01
-1.867512929370899144e+01,-1.409155771287045766e+01,-3.613169024921373262e-01,-1.567959189414978027e-01
-1.833512929370899158e+01,-1.457245504680274628e+01,-3.461459526813139842e-01,-1.782537698745727539e-01
-1.654512929370898888e+01,-1.525946993954172726e+01,-2.662753639713912879e-01,-2.089086771011352539e-01
2.824870706291008560e+00,-1.497647089597757741e+01,5.980225708393362982e-01,-1.962811350822448730e-01
-8.515129293708991298e+00,-1.399478861743313374e+01,9.202677420775907946e-02,-1.524780392646789551e-01
-1.965512929370899187e+01,-3.999502311084652817e+00,-4.050449342998044822e-01,2.935160398483276367e-01
-1.986512929370898917e+01,-9.117704753302012577e+00,-4.144152268300188569e-01,6.513959169387817383e-02
-9.765129293708991298e+00,-1.228737552592304461e+01,3.625122343267340314e-02,-7.629251480102539062e-02
-2.034512929370899315e+01,-1.417014770475174323e+01,-4.358330383276517450e-01,-1.603026390075683594e-01
-5.185129293708991227e+00,-1.086569321923451703e+01,2.406128414725873244e-01,-1.285642385482788086e-02
-1.856512929370899201e+01,-1.536396538775795761e+01,-3.564086540239297940e-01,-2.135713100433349609e-01
-1.903512929370899087e+01,-8.400811691025378281e+00,-3.773802611153620479e-01,9.712767601013183594e-02
-6.405129293708991867e+00,-1.478096371409392162e+01,1.861759039161036688e-01,-1.875575184822082520e-01
-1.100512929370899151e+01,-1.379384600514536885e+01,-1.907812293621159380e-02,-1.435118913650512695e-01
-1.322512929370899215e+01,-8.929350859649863636e+00,-1.181355011127637883e-01,7.354402542114257812e-02
-1.510512929370899116e+01,-1.169646449285307810e+01,-2.020219294784926234e-01,-4.992580413818359375e-02
-2.112512929370899428e+01,-1.054338515367436813e+01,-4.706369820113052715e-01,1.525104045867919922e-03
-2.105512929370899400e+01,-1.178184843878580068e+01,-4.675135511679004430e-01,-5.373567342758178711e-02
-2.088512929370899229e+01,-1.426204107618439743e+01,-4.599280762624888275e-01,-1.644029617309570312e-01
-1.674512929370899172e+01,-1.512636267421426339e+01,-2.751994520954050283e-01,-2.029693722724914551e-01
-1.461512929370899272e+01,-1.617488511769613879e+01,-1.801579135746590454e-01,-2.497549057006835938e-01
-2.078512929370899087e+01,-1.454421725783433494e+01,-4.554660322004819850e-01,-1.769937872886657715e-01
-1.304512929370899244e+01,-1.368278101976339656e+01,-1.101038218011514552e-01,-1.385561227798461914e-01
-2.004512929370899244e+01,-1.475646086329456708e+01,-4.224469061416312177e-01,-1.864641904830932617e-01
-8.045129293708992435e+00,-1.217513235189117715e+01,1.129983812991912501e-01,-7.128417491912841797e-02
-1.657512929370899002e+01,-1.554190126181766374e+01,-2.676139771899933573e-01,-2.215108871459960938e-01
-2.275129293708992861e+00,-9.634009194211769156e+00,3.704583236769867227e-01,4.210186004638671875e-02
-1.233512929370899158e+01,-1.392721375435801257e+01,-7.842330896090275727e-02,-1.494628190994262695e-01
-5.415129293708991653e+00,-7.084235299914760198e+00,2.303501401299715423e-01,1.558738946914672852e-01
2.934870706291009768e+00,-1.084979835897929590e+01,6.029308193075438860e-01,-1.214718818664550781e-02
-9.151292937089934298e-01,-8.659401390825880895e+00,4.311421229202798688e-01,8.558928966522216797e-02
-2.062512929370899428e+01,-4.381310239279313734e+00,-4.483267617012710038e-01,2.764796018600463867e-01
-1.946512929370899059e+01,-4.613930363634673348e+00,-3.965670505819914871e-01,2.660999894142150879e-01
-1.548512929370899194e+01,-1.215230862029014247e+01,-2.189776969141186691e-01,-7.026576995849609375e-02
-2.050512929370898974e+01,-1.443201148661674971e+01,-4.429723088268627262e-01,-1.719871163368225098e-01
4.794870706291007423e+00,-1.394161116622714225e+01,6.859248388608712999e-01,-1.501052379608154297e-01
-1.512512929370899073e+01,-1.538300074859810351e+01,-2.029143382908939752e-01,-2.144206762313842773e-01
-1.996512929370899059e+01,-2.469417297902182895e+00,-4.188772708920257548e-01,3.617891073226928711e-01
-9.495129293708991725e+00,-1.296598547196685480e+01,4.829874240009188885e-02,-1.065723896026611328e-01
-1.829512929370899244e+01,-1.348682901155273939e+01,-3.443611350565112805e-01,-1.298126578330993652e-01
-1.725512929370898974e+01,-1.039050248610988625e+01,-2.979558768116399858e-01,8.346796035766601562e-03
-1.831512929370899201e+01,-1.456049416112115580e+01,-3.452535438689126601e-01,-1.777200698852539062e-01
-4.115129293708992719e+00,-1.321840504322555887e+01,2.883567129360605774e-01,-1.178354620933532715e-01
-1.453512929370899087e+01,-1.448613870214255428e+01,-1.765882783250535548e-01,-1.744022965431213379e-01
-7.335129293708991582e+00,-7.581051538768594611e+00,1.446788941394399342e-01,1.337057352066040039e-01
-1.966512929370899343e+01,-1.238754293420088359e+01,-4.054911387060051720e-01,-8.076202869415283203e-02
-1.715512929370899187e+01,-9.613404250986556931e+00,-2.934938327496331434e-01,4.302126169204711914e-02
-1.860512929370899116e+01,-1.346490561912407458e+01,-3.581934716487325532e-01,-1.288344264030456543e-01
-9.855129293708991156e+00,-1.350608344601939592e+01,3.223538377686724354e-02,-1.306717991828918457e-01
-1.988512929370899229e+01,-1.490413518897022627e+01,-4.153076356424202920e-01,-1.930534839630126953e-01
-1.294512929370899101e+01,-1.072072391852035267e+01,-1.056417777391445434e-01,-6.387829780578613281e-03
-1.124512929370899172e+01,-1.476715138910535075e+01,-2.978702868502805523e-02,-1.869412064552307129e-01
-1.325129293708993572e+00,-1.207403655233025930e+01,4.128477422660518092e-01,-6.677323579788208008e-02
-1.472512929370899215e+01,-1.206280635734196949e+01,-1.850661620428666054e-01,-6.627213954925537109e-02
-2.086512929370899272e+01,-6.266317236261384593e+00,-4.590356674500874479e-01,1.923697590827941895e-01
-2.115512929370899187e+01,-1.002312135770986146e+01,-4.719755952299072854e-01,2.473950386047363281e-02
-2.115512929370899187e+01,-1.380364420667255843e+01,-4.719755952299072854e-01,-1.439490914344787598e-01
-2.115512929370899187e+01,-1.507438478469490128e+01,-4.719755952299072854e-01,-2.006500959396362305e-01
-1.935512929370899116e+01,-1.621153052498931402e+01,-3.916588021137838993e-01,-2.513900399208068848e-01
-2.111512929370899272e+01,-1.627734211253397945e+01,-4.701907776051045817e-01,-2.543265819549560547e-01
-2.029512929370899244e+01,-1.562868914910077223e+01,-4.336020162966484071e-01,-2.253834009170532227e-01
-1.513512929370899229e+01,-1.620262197611612365e+01,-2.033605426970946928e-01,-2.509925365447998047e-01
-2.072512929370899215e+01,-1.559599908941796187e+01,-4.527888057632778462e-01,-2.239247560501098633e-01
-2.068512929370898945e+01,-1.384049399362949018e+01,-4.510039881384750315e-01,-1.455933451652526855e-01
-2.062512929370899428e+01,-1.568531834573910899e+01,-4.483267617012710038e-01,-2.279102206230163574e-01
-2.112512929370899428e+01,-1.497541159484450901e+01,-4.706369820113052715e-01,-1.962338685989379883e-01
-2.115512929370899187e+01,-1.598350159608711607e+01,-4.719755952299072854e-01,-2.412152886390686035e-01
-1.110512929370899116e+01,-1.614118384621290758e+01,-2.354016699821843278e-02,-2.482511401176452637e-01
-2.103512929370899087e+01,-1.615668464110336799e+01,-4.666211423554991189e-01,-2.489427924156188965e-01
-2.115512929370899187e+01,-1.174243789486532208e+01,-4.719755952299072854e-01,-5.197715759277343750e-02
-1.856512929370899201e+01,-1.605242696792079116e+01,-3.564086540239297940e-01,-2.442907691001892090e-01
-1.799512929370899172e+01,-1.481037167682345057e+01,-3.309750028704906977e-01,-1.888697147369384766e-01
-1.893512929370898945e+01,-1.529700767111849657e+01,-3.729182170533550944e-01,-2.105836272239685059e-01
-1.806512929370899201e+01,-1.509448746155689136e+01,-3.340984337138955262e-01,-2.015470862388610840e-01
-2.115512929370899187e+01,-1.479867528247142872e+01,-4.719755952299072854e-01,-1.883478164672851562e-01
-2.115512929370899187e+01,-1.444471107788041842e+01,-4.719755952299072854e-01,-1.725537776947021484e-01
-2.041512929370899343e+01,-1.559683130203574386e+01,-4.389564691710565736e-01,-2.239618897438049316e-01
-1.821512929370899059e+01,-1.563192048509181120e+01,-3.407914998069058177e-01,-2.255275845527648926e-01
-1.597512929370899215e+01,-1.601893274773090781e+01,-2.408417128179522748e-01,-2.427962422370910645e-01
-1.363512929370899229e+01,-1.518439447638819217e+01,-1.364298817669918895e-01,-2.055587768554687500e-01
-1.888512929370899229e+01,-1.412772757009632585e+01,-3.706871950223517564e-01,-1.584098339080810547e-01
-6.035129293708992648e+00,-1.269293290537222951e+01,2.026854669455289970e-01,-9.438866376876831055e-02
-1.947512929370899215e+01,-1.380747933095130087e+01,-3.970132549881921769e-01,-1.441202163696289062e-01
-1.086512929370899272e+01,-8.516984832186487608e+00,-1.283126124940205288e-02,9.194397926330566406e-02
-7.045129293708992435e+00,-1.469863744822878360e+01,1.576188219192597717e-01,-1.838840842247009277e-01
3.204870706291007565e+00,-1.158286680261826973e+01,6.149783382749622884e-01,-4.485702514648437500e-02
-2.048512929370899371e+01,-1.005153413841652288e+01,-4.420799000144614022e-01,2.347171306610107422e-02
-1.666512929370899343e+01,-4.102175707919411884e+00,-2.716298168457995654e-01,2.889347076416015625e-01
-2.104512929370899244e+01,-1.257746641023809708e+01,-4.670673467616998087e-01,-8.923649787902832031e-02
-2.115512929370899187e+01,-1.380124909074369022e+01,-4.719755952299072854e-01,-1.438422203063964844e-01
-1.809512929370899315e+01,-1.589628224062496464e+01,-3.354370469324975401e-01,-2.373235225677490234e-01
-1.180512929370899222e+01,-1.537665696413285055e+01,-5.477447543226646176e-02,-2.141376137733459473e-01
1.305487070629100721e+01,-1.510976784700604370e+01,1.054489678382637408e+00,-2.022289037704467773e-01
-1.957512929370899002e+01,-1.231776664834228541e+01,-4.014752990501990193e-01,-7.764858007431030273e-02
-2.001512929370899130e+01,1.165008822658695209e+00,-4.211082929230291483e-01,5.239588022232055664e-01
5.854870706291011473e+00,-1.321784400101132206e+01,7.332225059181440852e-01,-1.178104281425476074e-01
5.744870706291004936e+00,-1.441329404969800443e+01,7.283142574499362754e-01,-1.711519360542297363e-01
-1.283512929370899158e+01,-2.265865839318220054e+00,-1.007335292709370250e-01,3.708716630935668945e-01
2.134870706291005504e+00,-5.029375444202367262e+00,5.672344668114889243e-01,2.475626468658447266e-01
-4.585129293708991582e+00,-6.479497247893471368e+00,2.673851058446284346e-01,1.828575730323791504e-01
-2.105512929370899400e+01,-6.723348903051915570e+00,-4.675135511679004430e-01,1.719768047332763672e-01
-9.915129293708991653e+00,-6.971321546855401508e+00,2.955815733966310824e-02,1.609121561050415039e-01
-1.046512929370899236e+01,-1.269589039933013019e+01,5.016914998625378493e-03,-9.452062845230102539e-02
-4.135129293708992293e+00,-1.163645434896657171e+01,2.874643041236592533e-01,-4.724812507629394531e-02
-1.345512929370899258e+01,-1.217006293474111800e+01,-1.283982024553795287e-01,-7.105797529220581055e-02
-1.987512929370899428e+01,-7.536109385778708258e+00,-4.148614312362196022e-01,1.357110738754272461e-01
-1.800512929370898974e+01,-9.631919979871137016e+00,-3.314212072766913875e-01,4.219508171081542969e-02
-1.991512929370899343e+01,-1.317798195168986375e+01,-4.166462488610223058e-01,-1.160317659378051758e-01
-1.651512929370899130e+01,-1.389066719735972910e+01,-2.649367507527892740e-01,-1.478320956230163574e-01
-2.054512929370899244e+01,-1.542902491157258638e+01,-4.447571264516655409e-01,-2.164742946624755859e-01
-1.959512929370899315e+01,-1.391766134275324873e+01,-4.023677078626003434e-01,-1.490365862846374512e-01
-1.373512929370899194e+01,-1.556224304952810300e+01,-1.408919258289987320e-01,-2.224185466766357422e-01
-9.651292937089905877e-01,-1.482209879491577809e+01,4.289111008892765864e-01,-1.893929839134216309e-01
-2.098512929370899371e+01,-1.309691402336236976e+01,-4.643901203244956699e-01,-1.124144792556762695e-01
-9.925129293708991440e+00,-6.498205334108646092e+00,2.911195293346243232e-02,1.820228099822998047e-01
-1.151512929370899130e+01,-1.407444726115105915e+01,-4.183454765244654094e-02,-1.560324430465698242e-01
-1.684512929370899315e+01,-1.202250081750830546e+01,-2.796614961574119262e-01,-6.447368860244750977e-02
-2.051512929370899130e+01,-1.258319304826768992e+01,-4.434185132330634160e-01,-8.949202299118041992e-02
-1.854512929370899244e+01,-1.184466646537307888e+01,-3.555162452115284144e-01,-5.653864145278930664e-02
-8.215129293708992364e+00,-1.403152486013242140e+01,1.054129063937795929e-01,-1.541172266006469727e-01
-1.798512929370899016e+01,-1.452078973794560035e+01,-3.305287984642900079e-01,-1.759484410285949707e-01
-2.145129293708990303e+00,-1.022681174103258783e+01,3.762589809575957456e-01,1.565074920654296875e-02
-1.966512929370899343e+01,-1.393806858538868099e+01,-4.054911387060051720e-01,-1.499471664428710938e-01
-1.458512929370899158e+01,-6.985791092723504292e+00,-1.788193003560569760e-01,1.602665185928344727e-01
-2.050512929370898974e+01,-1.456613931444820409e+01,-4.429723088268627262e-01,-1.779719591140747070e-01
-1.180512929370899222e+01,-1.303433911506792597e+01,-5.477447543226646176e-02,-1.096223592758178711e-01
-1.899512929370899172e+01,-1.540867377315857922e+01,-3.755954434905592332e-01,-2.155662178993225098e-01
-8.755129293708991511e+00,-1.158615958608991647e+01,8.131786845894262150e-02,-4.500395059585571289e-02
-1.840512929370899187e+01,-1.504377458864914985e+01,-3.492693835247188128e-01,-1.992842555046081543e-01
-9.265129293708991298e+00,-1.006412285705213883e+01,5.856144374270767783e-02,2.290999889373779297e-02
-2.955129293708992577e+00,-1.426619278856974304e+01,3.401164240553400941e-01,-1.645882129669189453e-01
-2.625129293708990730e+00,-1.048159436866506056e+01,3.548411694599628019e-01,4.282236099243164062e-03
-1.091512929370899165e+01,-7.837951432852410250e+00,-1.506228328040543248e-02,1.222427487373352051e-01
-7.605129293708991156e+00,-6.294830203077729891e+00,1.326313751720214484e-01,1.910974979400634766e-01
-1.527512929370899286e+01,-7.729355033213074933e+00,-2.096074043839042944e-01,1.270883679389953613e-01
-2.060512929370899116e+01,-9.015796778345247731e+00,-4.474343528888695687e-01,6.968677043914794922e-02
-1.820512929370899258e+01,-1.083684897034881445e+01,-3.403452954007050724e-01,-1.156938076019287109e-02
-2.064512929370899030e+01,-1.371809194807556587e+01,-4.492191705136723279e-01,-1.401317119598388672e-01
-1.292512929370899144e+01,-1.421055610232468425e+01,-1.047493689267431916e-01,-1.621056795120239258e-01
-1.069512929370899101e+01,-1.585950325185221033e+01,-5.245786343990325486e-03,-2.356824278831481934e-01
-9.695129293708991014e+00,-1.234020566528212903e+01,3.937465427607821783e-02,-7.864981889724731445e-02
-5.705129293708992577e+00,-1.200813012193509088e+01,2.174102123501516215e-01,-6.383246183395385742e-02
-1.672512929370899215e+01,-9.946509707541157042e+00,-2.743070432830037042e-01,2.815794944763183594e-02
7.644870706291010620e+00,-8.134995233179598273e+00,8.130930946280667815e-01,1.089885234832763672e-01
-8.545129293708992435e+00,-1.100434010852016264e+01,9.068816098915696844e-02,-1.904290914535522461e-02
-1.979512929370899244e+01,-2.079786838263318671e+00,-4.112917959866140838e-01,3.791745901107788086e-01
-2.000512929370898974e+01,-8.499170406069703532e+00,-4.206620885168284585e-01,9.273886680603027344e-02
-2.059512929370899315e+01,-1.226553628982651567e+01,-4.469881484826688789e-01,-7.531803846359252930e-02
-2.058512929370899158e+01,-1.423557591345001327e+01,-4.465419440764682446e-01,-1.632220745086669922e-01
-2.056512929370899201e+01,-1.573519767021427107e+01,-4.456495352640668650e-01,-2.301358580589294434e-01
7.644870706291010620e+00,-1.580630843505387517e+01,8.130930946280667815e-01,-2.333088517189025879e-01
-2.098512929370899371e+01,-1.593019724247552382e+01,-4.643901203244956699e-01,-2.388368248939514160e-01
-1.752512929370899286e+01,-1.403467814594304031e+00,-3.100033957790584993e-01,4.093522429466247559e-01
-1.582512929370899180e+01,-1.595018637507986980e+01,-2.341486467249419834e-01,-2.397287487983703613e-01
-1.785512929370899116e+01,-1.408587114928473838e+01,-3.247281411836810960e-01,-1.565421819686889648e-01
-2.110512929370899116e+01,-1.420127486112346737e+01,-4.697445731989038364e-01,-1.616915464401245117e-01
-1.941512929370899343e+01,-1.405474399291301246e+01,-3.943360285509880381e-01,-1.551532745361328125e-01
-1.853512929370899087e+01,-1.490956928355953970e+01,-3.550700408053277246e-01,-1.932959556579589844e-01
-6.735129293708991938e+00,-1.501891507529931857e+01,1.714511585114810444e-01,-1.981750130653381348e-01
-1.410512929370899116e+01,-1.529300957743466682e+01,-1.574014888584240879e-01,-2.104052305221557617e-01
-6.695129293708991014e+00,-9.244710016642262218e+00,1.732359761362838313e-01,5.947256088256835938e-02
3.634870706291009057e+00,-1.252656518744414882e+01,6.341651277415918386e-01,-8.696526288986206055e-02
-1.823512929370899016e+01,-9.096699065638061299e+00,-3.416839086193071418e-01,6.607687473297119141e-02
-1.825512929370898974e+01,-4.002542625559893708e+00,-3.425763174317085213e-01,2.933803796768188477e-01
-1.466512929370899165e+01,-1.105955200566015684e+01,-1.823889356056624667e-01,-2.150648832321166992e-02
-1.029512929370899244e+01,-1.355040978838841781e+01,1.260238990403702783e-02,-1.326496601104736328e-01
-1.919512929370899457e+01,-1.316273629742540052e+01,-3.845195316145729736e-01,-1.153514981269836426e-01
-1.249512929370899172e+01,-1.122260556707985835e+01,-8.556257946011372462e-02,-2.878201007843017578e-02
-1.990512929370899187e+01,-1.338803615669977809e+01,-4.162000444548216160e-01,-1.254044771194458008e-01
4.834870706291004794e+00,-1.180018249685815235e+01,6.877096564856739480e-01,-5.455374717712402344e-02
-1.125129293708990730e+00,-1.498970214152997293e+01,4.217718303900656052e-01,-1.968715190887451172e-01
-1.238512929370899229e+01,-2.510995869236245071e+00,-8.065433099190622013e-02,3.599338531494140625e-01
-2.007512929370899002e+01,-7.888032465361737522e+00,-4.237855193602332871e-01,1.200081110000610352e-01
-1.225129293708992151e+00,-7.326067203101954917e+00,4.173097863280587072e-01,1.450832486152648926e-01
-1.967512929370899144e+01,-1.309858112022752685e+01,-4.059373431122058618e-01,-1.124888658523559570e-01
-1.636512929370899272e+01,-5.882563025909243848e+00,-2.582436846597789826e-01,2.094930410385131836e-01
1.506487070629100522e+01,-1.527938293070271314e+01,1.144176764028975057e+00,-2.097972035408020020e-01
-1.121512929370899236e+01,-1.348568288245794200e+01,-2.844841546642602748e-02,-1.297615170478820801e-01
-1.457512929370899180e+01,2.455779943544053268e+00,-1.783730959498562862e-01,5.815535783767700195e-01
-1.891512929370899343e+01,-8.719000103755281117e+00,-3.720258082409537703e-01,8.292996883392333984e-02
-1.853512929370899087e+01,-1.010892207785887464e+01,-3.550700408053277246e-01,2.091103792190551758e-02
-1.798512929370899016e+01,-1.314078752451561627e+01,-3.305287984642900079e-01,-1.143721342086791992e-01
-1.925512929370898974e+01,-1.404866069233294112e+01,-3.871967580517770569e-01,-1.548818349838256836e-01
-9.565129293708992009e+00,-1.458080656090608684e+01,4.517531155668708109e-02,-1.786264181137084961e-01
-1.611512929370899272e+01,-1.489494077573073660e+01,-2.470885745047618487e-01,-1.926432251930236816e-01
7.954870706291005789e+00,-1.059896439988320793e+01,8.269254312202878321e-01,-9.548664093017578125e-04
-1.014512929370899208e+01,-1.357071417328457485e+01,1.929545599704732273e-02,-1.335556507110595703e-01
5.544870706291009199e+00,-1.148123476840197554e+00,7.193901693259228125e-01,4.207458198070526123e-01
6.720487070629100401e+01,-8.839165995341037529e+00,3.470686537959348783e+00,7.756811380386352539e-02
1.459148707062910262e+02,-5.176946912138750356e+00,6.982761419164943639e+00,2.409779429435729980e-01
1.647487070629100714e+01,2.955552683993204965e+01,1.207091585303271986e+00,1.790756225585937500e+00
3.644870706291008844e+00,3.470440894056454084e+01,6.346113321477925284e-01,2.020501613616943359e+00
3.988487070629100373e+01,1.681250022236384467e+01,2.251656100219076251e+00,1.222156763076782227e+00
2.315487070629100685e+01,1.207048593549521520e+01,1.505156128645329661e+00,1.010565996170043945e+00
4.814870706291006996e+00,1.069791218814467193e+01,6.868172476732726794e-01,9.493211507797241211e-01
-1.822512929370899215e+01,9.531024531421779855e+00,-3.412377042131065075e-01,8.972541093826293945e-01
-6.345129293708991369e+00,9.570244053826458597e+00,1.888531303533078076e-01,8.990041017532348633e-01
-5.451292937089924351e-01,-9.022756373431363386e+00,4.476516859497052803e-01,6.937623023986816406e-02
-1.692512929370899144e+01,-1.070085367343283167e+01,-2.832311314070173336e-01,-5.501210689544677734e-03
8.254870706291010052e+00,-6.822090996942634433e+00,8.403115634063085260e-01,1.675708889961242676e-01
1.134487070629100636e+01,-1.033009026196984337e+01,9.781887249223202296e-01,1.104241609573364258e-02
-1.755512929370899400e+01,-2.956832072223178010e+00,-3.113420089976605687e-01,3.400404453277587891e-01
-1.172512929370899215e+01,-1.742258498919827758e+00,-5.120484018266097115e-02,3.942352533340454102e-01
-2.064512929370899030e+01,-9.248527775328659217e+00,-4.492191705136723279e-01,5.930221080780029297e-02
-1.988512929370899229e+01,-1.185922417501770454e+01,-4.153076356424202920e-01,-5.718821287155151367e-02
-2.057512929370899002e+01,-1.480314759040776806e+01,-4.460957396702675548e-01,-1.885473728179931641e-01
-1.815512929370899187e+01,-1.442609249125656135e+01,-3.381142733697016789e-01,-1.717230081558227539e-01
-2.045512929370899258e+01,-1.591975784984634856e+01,-4.407412867958593328e-01,-2.383710145950317383e-01
-2.057512929370899002e+01,-1.490368501938404222e+01,-4.460957396702675548e-01,-1.930333971977233887e-01
-4.375129293708990730e+00,-1.578901497670745080e+01,2.767553983748428648e-01,-2.325372099876403809e-01
-4.165129293708993430e+00,-1.541294170143115849e+01,2.861256909050571284e-01,-2.157566547393798828e-01
-1.996512929370899059e+01,-7.973826506436770600e+00,-4.188772708920257548e-01,1.161799430847167969e-01
-1.920512929370899258e+01,-9.379434953687439958e+00,-3.849657360207736634e-01,5.346107482910156250e-02
-2.089512929370899030e+01,-1.222432907500568611e+01,-4.603742806686894617e-01,-7.347935438156127930e-02
-9.405129293708991867e+00,-1.416041095070515787e+01,5.231458205589805538e-02,-1.598681807518005371e-01
1.176487070629100806e+01,-1.582901194332328743e+01,9.969293099827490900e-01,-2.343218922615051270e-01
-9.315129293708992009e+00,-1.055830486912865496e+01,5.633042171170421497e-02,8.593797683715820312e-04
-1.987512929370899428e+01,-3.513413427933631539e-01,-4.148614312362196022e-01,4.562985897064208984e-01
-1.680512929370899400e+01,-6.036566442087401896e+00,-2.778766785326091671e-01,2.026213407516479492e-01
5.414870706291008418e+00,-1.234483960680875825e+01,7.135895120453138452e-01,-7.885658740997314453e-02
-1.772512929370899215e+01,-1.337878831086845643e+01,-3.189274839030722397e-01,-1.249918341636657715e-01
8.730487070629099833e+01,-2.794530574533511391e+00,4.367557394422726169e+00,3.472824096679687500e-01
2.649487070629100316e+01,-1.323281447742785133e+01,1.654188400316358498e+00,-1.184784173965454102e-01
6.743487070629100799e+01,3.900589288081515349e+01,3.480949239301964759e+00,2.212435722351074219e+00
1.086248707062909915e+02,3.599196341942161581e+01,5.318865188442587488e+00,2.077952861785888672e+00
3.673487070629101225e+01,2.136550205888599407e+01,2.111101712265860630e+00,1.425313711166381836e+00
2.936487070629100771e+01,2.628253212867070943e+01,1.782249064895955470e+00,1.644713759422302246e+00
-2.395129293708990303e+00,4.045023461388483099e+01,3.651038708025786117e-01,2.276882886886596680e+00
-1.706512929370899201e+01,3.235618011102820901e+01,-2.894779930938269907e-01,1.915722608566284180e+00
-1.397512929370899215e+01,5.737345242535250023e+00,-1.516008315778151760e-01,7.279784679412841797e-01
-1.997512929370899215e+01,-8.892145745957249048e+00,-4.193234752982264446e-01,7.520413398742675781e-02
-8.855129293708991156e+00,-1.224084508914095260e+01,7.685582439693577905e-02,-7.421630620956420898e-02
-1.924512929370899172e+01,-1.448766687426894961e+01,-3.867505536455763671e-01,-1.744704842567443848e-01
-7.555129293708992222e+00,-1.004657960133890171e+01,1.348623972030248419e-01,2.369278669357299805e-02
-1.525129293708992861e+00,-1.493792996748916302e+01,4.039236541420381243e-01,-1.945614218711853027e-01
-8.465129293708992364e+00,-9.758563237401727264e+00,9.425779623876245905e-02,3.654420375823974609e-02
2.564870706291006996e+00,-7.405164804605644413e+00,5.864212562781184745e-01,1.415538787841796875e-01
-1.380512929370899222e+01,-7.379817718855344211e+00,-1.440153566724035328e-01,1.426848769187927246e-01
-1.776512929370899130e+01,-5.233151319672023405e+00,-3.207123015278749434e-01,2.384700775146484375e-01
-1.943512929370898945e+01,-8.737732234636780504e+00,-3.952284373633893622e-01,8.209413290023803711e-02
-2.046512929370899059e+01,-1.235852369357693092e+01,-4.411874912020600226e-01,-7.946717739105224609e-02
-2.057512929370899002e+01,-1.405121343440771398e+01,-4.460957396702675548e-01,-1.549957394599914551e-01
-3.745129293708991725e+00,-1.522076737746302300e+01,3.048662759654859888e-01,-2.071817517280578613e-01
1.883487070629100657e+01,-1.567378224916258311e+01,1.312395825166633667e+00,-2.273954749107360840e-01
2.048487070629100515e+01,-7.629390668784198581e+00,1.386019552189746706e+00,1.315488219261169434e-01
-2.013512929370899229e+01,2.892407039328743323e+00,-4.264627457974374258e-01,6.010360717773437500e-01
-8.395129293708992080e+00,3.782433721474184551e+00,9.738122708216727375e-02,6.407494544982910156e-01
-1.535512929370899116e+01,-1.075292506998790110e+01,-2.131770396335097573e-01,-7.824659347534179688e-03
-1.779512929370899244e+01,-1.205775430578425578e+01,-3.220509147464770128e-01,-6.604671478271484375e-02
-4.155129293708991867e+00,-1.359040274755986566e+01,2.865718953112578737e-01,-1.344341635704040527e-01
-1.778512929370899087e+01,-1.274719637400720629e+01,-3.216047103402763230e-01,-9.680992364883422852e-02
-1.903512929370899087e+01,-7.518388466697629724e+00,-3.773802611153620479e-01,1.365017890930175781e-01
-1.874512929370899172e+01,-1.355044719120270003e+01,-3.644403333355420993e-01,-1.326513290405273438e-01
-2.055512929370899400e+01,-1.364628255209776064e+01,-4.452033308578661752e-01,-1.369275450706481934e-01
-1.811512929370899272e+01,-1.464293664287352570e+01,-3.363294557448989197e-01,-1.813986897468566895e-01
-1.442512929370899144e+01,-1.547253640691617171e+01,-1.716800298568459948e-01,-2.184157967567443848e-01
-8.095129293708991369e+00,-1.467724437427404993e+01,1.107673592681878705e-01,-1.829295158386230469e-01
-1.671512929370899059e+01,-1.348994680328613427e+01,-2.738608388768029589e-01,-1.299517750740051270e-01
-1.872512929370899215e+01,-1.009627057592785526e+01,-3.635479245231407752e-01,2.147555351257324219e-02
-2.030512929370899400e+01,-1.217419327408973118e+01,-4.340482207028490413e-01,-7.124227285385131836e-02
-2.053512929370899087e+01,-1.328468015850436679e+01,-4.443109220454648511e-01,-1.207926869392395020e-01
-2.064512929370899030e+01,-1.489846732679164809e+01,-4.492191705136723279e-01,-1.928005814552307129e-01
-2.064512929370899030e+01,-1.550313458062876038e+01,-4.492191705136723279e-01,-2.197811007499694824e-01
-2.064512929370899030e+01,-1.589034587967243084e+01,-4.492191705136723279e-01,-2.370586395263671875e-01
-2.064512929370899030e+01,-1.594611614739706873e+01,-4.492191705136723279e-01,-2.395471334457397461e-01
-2.064512929370899030e+01,-1.597091688489588712e+01,-4.492191705136723279e-01,-2.406537532806396484e-01
-2.049512929370899172e+01,-1.597091688489588712e+01,-4.425261044206620364e-01,-2.406537532806396484e-01
-1.188512929370899229e+01,-1.597091688489588712e+01,-5.834411068187194543e-02,-2.406537532806396484e-01
-1.446512929370899059e+01,-1.591942122451780861e+01,-1.734648474816487540e-01,-2.383559942245483398e-01
-2.064512929370899030e+01,-1.211252671985643126e+01,-4.492191705136723279e-01,-6.849068403244018555e-02
-2.021512929370899059e+01,-1.353735487038906804e+01,-4.300323810470428887e-01,-1.320671439170837402e-01
-2.064512929370899030e+01,-1.384246432045329556e+01,-4.492191705136723279e-01,-1.456812620162963867e-01
-2.064512929370899030e+01,-1.474684299676480848e+01,-4.492191705136723279e-01,-1.860350370407104492e-01
-1.672512929370899215e+01,-1.595563115618755035e+01,-2.743070432830037042e-01,-2.399716973304748535e-01
-2.052512929370899286e+01,-1.587479833126411677e+01,-4.438647176392641058e-01,-2.363649010658264160e-01
-2.115512929370899187e+01,-1.446399757190217450e+01,-4.719755952299072854e-01,-1.734143495559692383e-01
-2.097512929370899215e+01,-1.576516801097283427e+01,-4.639439159182949801e-01,-2.314731478691101074e-01
1.639487070629100174e+01,-1.533478451354371330e+01,1.203521950053666245e+00,-2.122692465782165527e-01
1.374487070629100494e+01,-1.607473507501064347e+01,1.085277782410484670e+00,-2.452861666679382324e-01
-2.099512929370899172e+01,3.312670403864887092e+00,-4.648363247306963042e-01,6.197884082794189453e-01
-2.115512929370899187e+01,-1.720634329005420682e+00,-4.719755952299072854e-01,3.952001333236694336e-01
-2.073512929370899371e+01,-1.140870994861588095e+01,-4.532350101694785360e-01,-3.708606958389282227e-02
-2.115512929370899187e+01,-1.514708650495630238e+01,-4.719755952299072854e-01,-2.038940787315368652e-01
-2.115512929370899187e+01,-1.609619093226078235e+01,-4.719755952299072854e-01,-2.462435364723205566e-01
-2.115512929370899187e+01,-1.626461046171521119e+01,-4.719755952299072854e-01,-2.537584900856018066e-01
-1.935512929370899116e+01,-1.618233896425670082e+01,-3.916588021137838993e-01,-2.500874996185302734e-01
-2.115512929370899187e+01,-1.627734211253397945e+01,-4.719755952299072854e-01,-2.543265819549560547e-01
-1.963512929370899229e+01,-1.562868914910077223e+01,-4.041525254874031581e-01,-2.253834009170532227e-01
-2.041512929370899343e+01,-1.621552995448793766e+01,-4.389564691710565736e-01,-2.515684962272644043e-01
8.314870706291005220e+00,-1.536740243922755056e+01,8.429887898435124427e-01,-2.137246727943420410e-01
1.248707062910092702e-01,-1.598050402768534184e+01,4.775473811651512746e-01,-2.410815358161926270e-01
-1.493512929370899300e+01,-8.993800678995356179e-01,-1.944364545730809801e-01,4.318448603153228760e-01
-1.714512929370899030e+01,-7.368047854689553589e+00,-2.930476283434324536e-01,1.432100534439086914e-01
-1.933512929370899158e+01,-8.156147860471087085e+00,-3.907663933013825197e-01,1.080446839332580566e-01
-1.733512929370899158e+01,-1.243543189463030352e+01,-3.015255120612454487e-01,-8.289885520935058594e-02
-1.899512929370899172e+01,-1.411101385537127939e+01,-3.755954434905592332e-01,-1.576640605926513672e-01
-2.115512929370899187e+01,-1.406207360869756684e+01,-4.719755952299072854e-01,-1.554803252220153809e-01
-1.852512929370899286e+01,-1.495998293395302170e+01,-3.546238363991270348e-01,-1.955454349517822266e-01
-7.285129293708992648e+00,-1.530926377186995779e+01,1.469099161704433276e-01,-2.111304998397827148e-01
-2.115512929370899187e+01,-1.489545239279752664e+01,-4.719755952299072854e-01,-1.926660537719726562e-01
-2.086512929370899272e+01,-9.829377451356661410e+00,-4.590356674500874479e-01,3.338444232940673828e-02
-2.043512929370898945e+01,-1.536172121890101394e+01,-4.398488779834578977e-01,-2.134711742401123047e-01
-2.112512929370899428e+01,-1.477531455332248456e+01,-4.706369820113052715e-01,-1.873054504394531250e-01
-2.115512929370899187e+01,-1.601977030360787424e+01,-4.719755952299072854e-01,-2.428336143493652344e-01
-2.115512929370899187e+01,-1.617595510534757608e+01,-4.719755952299072854e-01,-2.498026490211486816e-01
-2.060512929370899116e+01,-1.611454369174027335e+01,-4.474343528888695687e-01,-2.470624446868896484e-01
-1.687512929370899073e+01,-1.627048938263152422e+01,-2.810001093760139401e-01,-2.540208101272583008e-01
-1.897512929370899215e+01,-1.608634597721573556e+01,-3.747030346781579091e-01,-2.458042502403259277e-01
-1.450512929370899151e+01,-1.462691220858311425e+01,-1.752496651064514854e-01,-1.806836724281311035e-01
-2.041512929370899343e+01,-1.526109028288903247e+01,-4.389564691710565736e-01,-2.089809775352478027e-01
-2.104512929370899244e+01,-1.291617160241668749e+01,-4.670673467616998087e-01,-1.043496727943420410e-01
-2.115512929370899187e+01,-1.517867451743257767e+01,-4.719755952299072854e-01,-2.053035497665405273e-01
-1.926512929370899130e+01,-1.495913469155768816e+01,-3.876429624579777466e-01,-1.955075860023498535e-01
-2.094512929370899101e+01,-1.610687745062718079e+01,-4.626053026996928552e-01,-2.467203736305236816e-01
-2.010512929370899116e+01,-1.557121705332628459e+01,-4.251241325788353009e-01,-2.228189706802368164e-01
-2.096512929370899059e+01,-1.614406252709785505e+01,-4.634977115120942903e-01,-2.483795881271362305e-01
-2.112512929370899428e+01,-1.550488984127044034e+01,-4.706369820113052715e-01,-2.198594212532043457e-01
-2.115512929370899187e+01,-1.612969717478382492e+01,-4.719755952299072854e-01,-2.477385997772216797e-01
-2.115512929370899187e+01,-1.602516699538290368e+01,-4.719755952299072854e-01,-2.430744171142578125e-01
-2.115512929370899187e+01,-1.623315335908892365e+01,-4.719755952299072854e-01,-2.523548603057861328e-01
-2.115512929370899187e+01,-1.627048938263152422e+01,-4.719755952299072854e-01,-2.540208101272583008e-01
-8.405129293708991867e+00,-1.627734211253397945e+01,9.693502267596659783e-02,-2.543265819549560547e-01
-1.853512929370899087e+01,-1.627734211253397945e+01,-3.550700408053277246e-01,-2.543265819549560547e-01
-1.278512929370899265e+01,-1.027126231417761915e+01,-9.850250723993364543e-02,1.366734504699707031e-02
-2.051512929370899130e+01,-1.504960141278843011e+01,-4.434185132330634160e-01,-1.995442509651184082e-01
-2.094512929370899101e+01,-1.190311370594850082e+01,-4.626053026996928552e-01,-5.914658308029174805e-02
-2.115512929370899187e+01,-1.504498750848373589e+01,-4.719755952299072854e-01,-1.993383765220642090e-01
-1.993512929370898945e+01,-1.476990984665867757e+01,-4.175386576734236299e-01,-1.870642900466918945e-01
-2.084512929370899315e+01,-1.612512601655259914e+01,-4.581432586376860128e-01,-2.475346326828002930e-01
-2.115512929370899187e+01,-1.579974023370292713e+01,-4.719755952299072854e-01,-2.330157756805419922e-01
-2.076512929370899130e+01,-1.613475590541551696e+01,-4.545736233880805499e-01,-2.479643225669860840e-01
-1.364512929370899208e+01,-1.599216435503787714e+01,-1.368760861731925793e-01,-2.416018247604370117e-01
-1.710512929370899116e+01,-1.607325766384649057e+01,-2.912628107186296944e-01,-2.452202439308166504e-01
-1.720512929370899258e+01,-1.308540330726696332e+01,-2.957248547806365369e-01,-1.119008660316467285e-01
-2.112512929370899428e+01,-1.457430114285054046e+01,-4.706369820113052715e-01,-1.783361434936523438e-01
-2.080512929370899400e+01,-1.330339492379352073e+01,-4.563584410128833091e-01,-1.216277480125427246e-01
-1.624512929370899172e+01,-1.511857888139913797e+01,-2.528892317853707605e-01,-2.026220560073852539e-01
-2.047512929370899215e+01,-1.536690818775310419e+01,-4.416336956082607124e-01,-2.137026190757751465e-01
-1.596512929370899059e+01,-1.433661160134512080e+01,-2.403955084117515573e-01,-1.677303314208984375e-01
-6.215129293708992364e+00,-1.577615775929787745e+01,1.946537876339166639e-01,-2.319635152816772461e-01
-1.268512929370899123e+01,-1.349734187399568341e+01,-9.404046317792673360e-02,-1.302817463874816895e-01
-2.082512929370899002e+01,-9.317509251383755853e+00,-4.572508498252846887e-01,5.622422695159912109e-02
-1.925129293708991440e+00,-1.116739500575465982e+01,3.860754778940107546e-01,-2.631849050521850586e-02
-1.586512929370899272e+01,-1.348808334164599465e+01,-2.359334643497447148e-01,-1.298686265945434570e-01
-2.007512929370899002e+01,-6.239779939528027342e+00,-4.237855193602332871e-01,1.935538649559020996e-01
-1.665512929370899187e+01,-1.374656884789242461e+01,-2.711836124395988756e-01,-1.414023637771606445e-01
-2.094512929370899101e+01,-1.366157763150966709e+01,-4.626053026996928552e-01,-1.376100182533264160e-01
-2.112512929370899428e+01,-1.369152927086108917e+01,-4.706369820113052715e-01,-1.389464735984802246e-01
-3.355129293708990268e+00,-1.574895255516662118e+01,3.222682478073127799e-01,-2.307496070861816406e-01
-1.887512929370899428e+01,-1.535611213257345042e+01,-3.702409906161510667e-01,-2.132208943367004395e-01
-1.072512929370899215e+01,-7.457176089494902627e+00,-6.584399562592432170e-03,1.392331123352050781e-01
-1.929512929370899244e+01,-1.520749071420756948e+01,-3.889815756765798160e-01,-2.065893411636352539e-01
-1.926512929370899130e+01,-1.166966804804933666e+01,-3.876429624579777466e-01,-4.873013496398925781e-02
-1.753512929370899087e+01,-1.461551102930096313e+01,-3.104496001852591891e-01,-1.801749467849731445e-01
-2.110512929370899116e+01,-1.397748580838313970e+01,-4.697445731989038364e-01,-1.517059803009033203e-01
-2.053512929370899087e+01,-1.452113571397771175e+01,-4.443109220454648511e-01,-1.759638786315917969e-01
-1.922512929370899215e+01,-1.563197926094282764e+01,-3.858581448331750430e-01,-2.255302071571350098e-01
-1.920512929370899258e+01,-1.533631268567010686e+01,-3.849657360207736634e-01,-2.123374342918395996e-01
-1.752512929370899286e+01,-1.556315541103363387e+01,-3.100033957790584993e-01,-2.224592566490173340e-01
-1.221512929370899236e+01,-1.540045984797920653e+01,-7.306885608649456298e-02,-2.151997089385986328e-01
-1.925512929370898974e+01,-1.450161812399628225e+01,-3.871967580517770569e-01,-1.750929951667785645e-01
-2.105512929370899400e+01,-1.222325240828027049e+01,-4.675135511679004430e-01,-7.343131303787231445e-02
-2.106512929370899201e+01,-1.424507622827774078e+01,-4.679597555741011328e-01,-1.636459827423095703e-01
-2.106512929370899201e+01,-1.458516398876998466e+01,-4.679597555741011328e-01,-1.788208484649658203e-01
-1.420512929370899258e+01,-1.582979473079362442e+01,-1.618635329204309303e-01,-2.343568205833435059e-01
-1.183512929370899158e+01,-1.622109362311244141e+01,-5.611308865086848952e-02,-2.518167495727539062e-01
-2.014512929370899030e+01,-1.333385550858214152e+01,-4.269089502036380601e-01,-1.229869127273559570e-01
-1.761512929370899272e+01,-1.257992030201798173e+01,-3.140192354348646520e-01,-8.934599161148071289e-02
-2.115512929370899187e+01,-1.378369247688249466e+01,-4.719755952299072854e-01,-1.430588364601135254e-01
-2.070512929370899258e+01,-1.370287167429222386e+01,-4.518963969508764666e-01,-1.394525766372680664e-01
-2.063512929370899229e+01,-1.587752205763275271e+01,-4.487729661074716936e-01,-2.364864349365234375e-01
-2.103512929370899087e+01,-1.540835451342238116e+01,-4.666211423554991189e-01,-2.155519723892211914e-01
9.454870706291005789e+00,-1.608588645692598362e+01,8.938560921503906354e-01,-2.457837462425231934e-01
-2.103512929370899087e+01,-1.611615201275441578e+01,-4.666211423554991189e-01,-2.471342086791992188e-01
-1.225512929370899151e+01,-3.877569899416588584e-01,-7.485367371129726666e-02,4.546737074851989746e-01
2.701487070629100629e+01,-1.595365147866017530e+01,1.677391029438794368e+00,-2.398833632469177246e-01
-1.864512929370899030e+01,-1.313344321476830956e+01,-3.599782892735352569e-01,-1.140444278717041016e-01
-2.044512929370899457e+01,8.191195612160674600e+00,-4.402950823896586985e-01,8.374703526496887207e-01
-2.067512929370899144e+01,-1.214526086142750394e+01,-4.505577837322743973e-01,-6.995129585266113281e-02
-1.851512929370899130e+01,-1.427029507580764367e+01,-3.541776319929263450e-01,-1.647712588310241699e-01
-1.500512929370899151e+01,-1.554121598882741750e+01,-1.975598854164857532e-01,-2.214803099632263184e-01
-2.033512929370899158e+01,-1.515509872210150810e+01,-4.353868339214510552e-01,-2.042515873908996582e-01
1.704870706291007565e+00,-1.376294860891852068e+01,5.480476773448594852e-01,-1.421332359313964844e-01
-2.052512929370899286e+01,-1.504549378229134504e+01,-4.438647176392641058e-01,-1.993609666824340820e-01
-2.067512929370899144e+01,-4.174854719329283093e+00,-4.505577837322743973e-01,2.856917381286621094e-01
-1.954512929370899244e+01,-1.580982697122601088e+01,-4.001366858315969499e-01,-2.334658503532409668e-01
-2.067512929370899144e+01,-1.480457824805406730e+01,-4.505577837322743973e-01,-1.886112093925476074e-01
-2.067512929370899144e+01,-1.555749823537342102e+01,-4.505577837322743973e-01,-2.222068309783935547e-01
-2.067512929370899144e+01,-1.594681745016486474e+01,-4.505577837322743973e-01,-2.395784258842468262e-01
-1.983512929370899158e+01,-1.574125692612801863e+01,-4.130766136114167875e-01,-2.304062247276306152e-01
-2.067512929370899144e+01,-1.598898645163867016e+01,-4.505577837322743973e-01,-2.414600253105163574e-01
-2.067512929370899144e+01,-1.569474919819745651e+01,-4.505577837322743973e-01,-2.283310294151306152e-01
-1.530512929370899222e+01,-1.595835087511179751e+01,-2.109460176025063638e-01,-2.400930523872375488e-01
-2.047512929370899215e+01,-1.580324674754190184e+01,-4.416336956082607124e-01,-2.331722378730773926e-01
-1.052512929370899109e+01,-1.382788123032754868e+01,2.339688561421323417e-03,-1.450305581092834473e-01
-1.158512929370899158e+01,-1.571020190375526582e+01,-4.495797849585134870e-02,-2.290205359458923340e-01
-1.849512929370899172e+01,-1.094519958006572224e+01,-3.532852231805249654e-01,-1.640403270721435547e-02
9.248707062910064280e-01,-1.243522350752215822e+01,5.132437336612060141e-01,-8.288955688476562500e-02
-2.027512929370899286e+01,-1.251886955840554627e+01,-4.327096074842469720e-01,-8.662188053131103516e-02
-7.255129293708991511e+00,-4.779121228727655435e+00,1.482485293890454248e-01,2.587291002273559570e-01
-1.975512929370898974e+01,-1.514628234444922938e+01,-4.095069783618113246e-01,-2.038581967353820801e-01
-2.025512929370898974e+01,-1.113911447071278360e+01,-4.318171986718455924e-01,-2.505660057067871094e-02
-1.079512929370899244e+01,-1.527122911718915255e+01,-9.707830405997243395e-03,-2.094333767890930176e-01
-1.560512929370899116e+01,-1.433652076593900659e+01,-2.243321497885269189e-01,-1.677262783050537109e-01
-2.046512929370899059e+01,-1.141567087951679227e+01,-4.411874912020600226e-01,-3.739666938781738281e-02
-5.225129293708992151e+00,-1.382059970387564540e+01,2.388280238477845374e-01,-1.447056531906127930e-01
-2.008512929370899158e+01,-1.380230171280278029e+01,-4.242317237664339213e-01,-1.438891887664794922e-01
-2.018512929370898945e+01,-8.017277890114543837e+00,-4.286937678284407638e-01,1.142411231994628906e-01
-1.862512929370899428e+01,-1.552303020619740082e+01,-3.590858804611339328e-01,-2.206688523292541504e-01
-2.060512929370899116e+01,-1.443403925347677408e+01,-4.474343528888695687e-01,-1.720775961875915527e-01
-2.112512929370899428e+01,-1.511460349656683988e+01,-4.706369820113052715e-01,-2.024446725845336914e-01
-2.115512929370899187e+01,-1.576003313889778035e+01,-4.719755952299072854e-01,-2.312440276145935059e-01
-2.115512929370899187e+01,-1.569125470669164457e+01,-4.719755952299072854e-01,-2.281751036643981934e-01
9.644870706291010620e+00,-1.615222168387060009e+01,9.023339758682038525e-01,-2.487436532974243164e-01
-2.057512929370899002e+01,-1.627048938263152422e+01,-4.460957396702675548e-01,-2.540208101272583008e-01
-2.108512929370899158e+01,-3.645712525309630081e-01,-4.688521643865025124e-01,4.557082653045654297e-01
-2.115512929370899187e+01,-1.569834387581295232e+01,-4.719755952299072854e-01,-2.284914255142211914e-01
-2.115512929370899187e+01,-1.502162410770520040e+01,-4.719755952299072854e-01,-1.982958912849426270e-01
-2.115512929370899187e+01,-1.614402646009837028e+01,-4.719755952299072854e-01,-2.483779788017272949e-01
-2.115512929370899187e+01,-1.626136443176141810e+01,-4.719755952299072854e-01,-2.536136507987976074e-01
-1.448512929370899194e+01,-1.627734211253397945e+01,-1.743572562940501336e-01,-2.543265819549560547e-01
-1.890512929370899187e+01,-1.627734211253397945e+01,-3.715796038347530805e-01,-2.543265819549560547e-01
-3.145129293708989415e+00,-1.348290705931227151e+01,3.316385403375272101e-01,-1.296376585960388184e-01
-2.010512929370899116e+01,-1.530548608762743612e+01,-4.251241325788353009e-01,-2.109619379043579102e-01
4.974870706291007139e+00,-6.903388685415006165e+00,6.939565181724836052e-01,1.639433503150939941e-01
-1.984512929370899315e+01,-1.506919781584281104e+01,-4.135228180176174773e-01,-2.004186511039733887e-01
-2.059512929370899315e+01,-4.226867340033336973e+00,-4.469881484826688789e-01,2.833709120750427246e-01
-1.500512929370899151e+01,-1.532923687469675578e+01,-1.975598854164857532e-01,-2.120217084884643555e-01
4.084870706291004794e+00,-1.466953271545789939e+01,6.542443260206225464e-01,-1.825854182243347168e-01
-3.605129293708990268e+00,-1.355636351493329705e+01,3.111131376522956460e-01,-1.329153180122375488e-01
-2.049512929370899172e+01,-3.816466296134582770e+00,-4.425261044206620364e-01,3.016831874847412109e-01
-1.061512929370899272e+01,-7.109289842224780109e+00,-1.676151094384918357e-03,1.547559499740600586e-01
6.884870706291005504e+00,-1.220910479377795532e+01,7.791815597568144680e-01,-7.280004024505615234e-02
-7.145129293708992080e+00,-1.191330730865524856e+01,1.531567778572529570e-01,-5.960142612457275391e-02
-1.710512929370899116e+01,-2.763770767230631087e+00,-2.912628107186296944e-01,3.486549258232116699e-01
-1.060512929370899116e+01,-6.120566483891676235e+00,-1.229946688184163075e-03,1.988732218742370605e-01
9.284870706291011189e+00,-1.060238542157525110e+01,8.862706172449792419e-01,-1.107513904571533203e-03
-2.107512929370899002e+01,-1.099576551334592445e+01,-4.684059599803018226e-01,-1.866030693054199219e-02
-2.115512929370899187e+01,-8.564703571214593580e-01,-4.719755952299072854e-01,4.337595105171203613e-01
-1.858512929370899158e+01,-1.382078671794705826e+01,-3.573010628363311181e-01,-1.447139978408813477e-01
-2.065512929370899187e+01,-1.515058366809170565e+01,-4.496653749198730177e-01,-2.040501236915588379e-01
-1.615512929370899187e+01,-1.531308019474155913e+01,-2.488733921295646079e-01,-2.113007903099060059e-01
-1.881512929370899201e+01,-1.602411036587942661e+01,-3.675637641789469279e-01,-2.430272698402404785e-01
-1.644512929370899457e+01,-1.387591846619930358e+01,-2.618133199093845009e-01,-1.471740007400512695e-01
-1.301512929370899130e+01,-1.519430355054343451e+01,-1.087652085825493581e-01,-2.060009241104125977e-01
-1.147512929370899215e+01,-1.356019730339724205e+01,-4.004973002764383727e-02,-1.330863833427429199e-01
-1.987512929370899428e+01,-1.254801570143509970e+01,-4.148614312362196022e-01,-8.792239427566528320e-02
-2.112512929370899428e+01,-1.138638447593367964e+01,-4.706369820113052715e-01,-3.608989715576171875e-02
-2.111512929370899272e+01,-1.341998083172653367e+01,-4.701907776051045817e-01,-1.268298625946044922e-01
-2.115512929370899187e+01,-1.464512737913863916e+01,-4.719755952299072854e-01,-1.814964413642883301e-01
-2.115512929370899187e+01,-1.597971456114102295e+01,-4.719755952299072854e-01,-2.410463094711303711e-01
-1.942512929370899144e+01,-1.626930317909285506e+01,-3.947822329571887279e-01,-2.539678812026977539e-01
-6.005129293708991511e+00,-1.626820647514550444e+01,2.040240801641311219e-01,-2.539189457893371582e-01
-1.741512929370899343e+01,-1.565521976676015115e+01,-3.050951473108509671e-01,-2.265672087669372559e-01
-2.095512929370899258e+01,-9.056907814500778642e+00,-4.630515071058936005e-01,6.785237789154052734e-02
-2.112512929370899428e+01,-1.397135308265562337e+01,-4.706369820113052715e-01,-1.514323353767395020e-01
-1.355512929370899222e+01,-1.420131092812295392e+01,-1.328602465173863989e-01,-1.616931557655334473e-01
-4.945129293708991014e+00,-1.548756031592453120e+01,2.513217472214037684e-01,-2.190861701965332031e-01
-2.104512929370899244e+01,-1.298641141600942817e+01,-4.670673467616998087e-01,-1.074838042259216309e-01
-2.092512929370899144e+01,-8.985031627783182984e+00,-4.617128938872915311e-01,7.105952501296997070e-02
-7.595129293708991369e+00,-1.393910784929981439e+01,1.330775795782221382e-01,-1.499935388565063477e-01
-2.020512929370899258e+01,-1.484739111225944974e+01,-4.295861766408421989e-01,-1.905215382575988770e-01
-2.112512929370899428e+01,-9.817391185193949710e+00,-4.706369820113052715e-01,3.391927480697631836e-02
1.254870706291008275e+00,-1.568213643489551501e+01,5.279684790658286664e-01,-2.277682423591613770e-01
-1.361512929370899272e+01,-1.467561601603797072e+01,-1.355374729545905099e-01,-1.828568577766418457e-01
-1.972512929370899215e+01,-4.811864721002297784e+00,-4.081683651432093107e-01,2.572680711746215820e-01
-2.935129293708993004e+00,-1.277510688835064556e+01,3.410088328677414737e-01,-9.805530309677124023e-02
-1.775512929370898974e+01,-1.312735991418823644e+01,-3.202660971216742536e-01,-1.137729883193969727e-01
-1.941512929370899343e+01,-6.776744092069622027e+00,-3.943360285509880381e-01,1.695942878723144531e-01
-7.485129293708991938e+00,-1.419793398831917308e+01,1.379858280464296427e-01,-1.615424752235412598e-01
-1.278512929370899265e+01,-1.377351623976809236e+01,-9.850250723993364543e-02,-1.426047682762145996e-01
-2.103512929370899087e+01,-9.424594844489041279e+00,-4.666211423554991189e-01,5.144602060317993164e-02
1.264870706291009839e+00,-1.247995059432992093e+01,5.284146834720294672e-01,-8.488529920578002930e-02
-2.905129293708992755e+00,-1.359010218923081226e+01,3.423474460863435431e-01,-1.344207525253295898e-01
-1.890512929370899187e+01,-4.455600243332919597e+00,-3.715796038347530805e-01,2.731647491455078125e-01
-1.022512929370899215e+01,-9.081660462666947708e+00,1.572582074744183905e-02,6.674790382385253906e-02
-4.051292937089918667e-01,-1.127097542083576620e+01,4.538985476365149374e-01,-3.094029426574707031e-02
-7.555129293708992222e+00,-1.154495504289867824e+01,1.348623972030248419e-01,-4.316538572311401367e-02
-1.901512929370899130e+01,-6.438661389585873529e+00,-3.764878523029606128e-01,1.846796870231628418e-01
-1.993512929370898945e+01,-7.455467582371074542e+00,-4.175386576734236299e-01,1.393093466758728027e-01
-1.519512929370899101e+01,-1.189734298603064566e+01,-2.060377691342988038e-01,-5.888909101486206055e-02
-7.365129293708992719e+00,-1.409413717124114740e+01,1.433402809208378370e-01,-1.569110155105590820e-01
-1.559512929370899315e+01,-1.352542738007737100e+01,-2.238859453823262291e-01,-1.315349340438842773e-01
-1.686512929370899272e+01,-9.918190433870201161e+00,-2.805539049698132503e-01,2.942156791687011719e-02
-1.204512929370899244e+01,-1.191758325181660361e+01,-6.548338118108291972e-02,-5.979222059249877930e-02
-1.029512929370899244e+01,-1.254097595746123517e+01,1.260238990403702783e-02,-8.760827779769897461e-02
-1.682512929370899002e+01,-1.165587843191229567e+01,-2.787690873450104911e-01,-4.811483621597290039e-02
-2.019512929370899457e+01,-1.095734213655954115e+01,-4.291399722346415646e-01,-1.694583892822265625e-02
-1.359512929370899315e+01,-1.194076765341250379e+01,-1.346450641421891581e-01,-6.082671880722045898e-02
-1.520512929370899258e+01,-1.383597893961968772e+01,-2.064839735404994658e-01,-1.453918814659118652e-01
-2.102512929370899286e+01,-1.254414451015687249e+01,-4.661749379492983736e-01,-8.774966001510620117e-02
-1.867512929370899144e+01,-1.374073668049396346e+01,-3.613169024921373262e-01,-1.411421298980712891e-01
-2.955129293708992577e+00,-1.428429040742323863e+01,3.401164240553400941e-01,-1.653957366943359375e-01
-9.935129293708991227e+00,-1.439877507868245665e+01,2.866574852726175640e-02,-1.705040931701660156e-01
-1.468512929370899300e+01,-7.416374962371995672e+00,-1.832813444180638462e-01,1.410536766052246094e-01
-1.559512929370899315e+01,-1.100446033185178507e+01,-2.238859453823262291e-01,-1.904827356338500977e-02
-1.897512929370899215e+01,-1.053609828396328041e+01,-3.747030346781579091e-01,1.850247383117675781e-03
-1.828512929370899087e+01,-1.209472298025801251e+01,-3.439149306503105907e-01,-6.769627332687377930e-02
-1.752512929370899286e+01,-1.377073774499282877e+01,-3.100033957790584993e-01,-1.424807906150817871e-01
-1.678512929370899087e+01,-1.411637448014682406e+01,-2.769842697202077875e-01,-1.579032540321350098e-01
-1.274512929370899172e+01,-1.441796539403891586e+01,-9.671768961513087237e-02,-1.713603734970092773e-01
-9.365129293708992719e+00,-1.397264882300754962e+01,5.409939968070075905e-02,-1.514901518821716309e-01
-2.675129293708991440e+00,-1.220788252323979961e+01,3.526101474289593529e-01,-7.274550199508666992e-02
-1.308512929370899158e+01,-1.055079491834666960e+01,-1.118886394259541589e-01,1.194477081298828125e-03
-7.355129293708991156e+00,-6.982066841072814611e+00,1.437864853270385823e-01,1.604326963424682617e-01
-1.771512929370899059e+01,-9.099279859823546701e+00,-3.184812794968715499e-01,6.596171855926513672e-02
-2.095512929370899258e+01,-9.415103880364883437e+00,-4.630515071058936005e-01,5.186951160430908203e-02
-1.220512929370899258e+01,-1.220599368111853877e+01,-7.262265168029388707e-02,-7.266122102737426758e-02
-1.058512929370899158e+01,-1.421832520117705556e+01,-3.375378757828114014e-04,-1.624523401260375977e-01
-1.281512929370899201e+01,-1.192081191617805125e+01,-9.984112045853567319e-02,-5.993628501892089844e-02
4.804870706291010762e+00,-1.208040304564704037e+01,6.863710432670721007e-01,-6.705731153488159180e-02
-1.874512929370899172e+01,-1.084859211821868996e+01,-3.644403333355420993e-01,-1.209336519241333008e-02
-1.366512929370899165e+01,-2.897268090478467784e+00,-1.377684949855939311e-01,3.426982164382934570e-01
-1.375512929370899151e+01,-1.263144802195115979e+01,-1.417843346414000838e-01,-9.164518117904663086e-02
-3.155129293708992755e+00,-1.269733040768000265e+01,3.311923359313264092e-01,-9.458488225936889648e-02
-4.755129293708993288e+00,-1.280840073632115761e+01,2.597996309392167080e-01,-9.954088926315307617e-02
-2.096512929370899059e+01,-7.131043586174378390e+00,-4.634977115120942903e-01,1.537852883338928223e-01
-1.742512929370899144e+01,-7.791308787627471588e+00,-3.055413517170516013e-01,1.243239641189575195e-01
-1.836512929370899272e+01,-1.280855301920787781e+01,-3.474845658999160536e-01,-9.954768419265747070e-02
-1.559512929370899315e+01,-1.395254213870117255e+01,-2.238859453823262291e-01,-1.505929827690124512e-01
-1.526512929370899130e+01,-1.516467250674300438e+01,-2.091611999777036046e-01,-2.046787738800048828e-01
-1.614512929370899030e+01,-1.340753504527406648e+01,-2.484271877233639181e-01,-1.262745261192321777e-01
-1.251512929370899130e+01,-1.334894353670069833e+01,-8.645498827251507645e-02,-1.236601471900939941e-01
-1.604512929370899244e+01,-1.305558257776553077e+01,-2.439651436613570479e-01,-1.105702519416809082e-01
-1.865512929370899187e+01,-1.177848084968558950e+01,-3.604244936797359466e-01,-5.358541011810302734e-02
-1.404512929370899066e+01,-1.285761482502801023e+01,-1.547242624212199491e-01,-1.017368435859680176e-01
3.264870706291009839e+00,-1.341330843682151297e+01,6.176555647121665382e-01,-1.265321373939514160e-01
-1.418512929370899300e+01,-1.261882323631605551e+01,-1.609711241080295785e-01,-9.108185768127441406e-02
-1.625512929370898974e+01,-4.012427655048811381e+00,-2.533354361915714503e-01,2.929393053054809570e-01
2.639487070629100174e+01,-1.032350335921175422e+01,1.649726356254351600e+00,1.133632659912109375e-02
1.844487070629100600e+01,-1.192276220577991808e+01,1.294993853324806876e+00,-6.002330780029296875e-02
8.844870706291006357e+00,9.238668105213053039e+00,8.666376233721488909e-01,8.842090368270874023e-01
4.380487070629099833e+01,1.707842545413033264e+00,2.426568227449744874e+00,5.481802821159362793e-01
2.586487070629100771e+01,6.308825513585512468e+00,1.626077522725715596e+00,7.534781694412231445e-01
-8.105129293708991156e+00,1.221697405763220168e+01,1.103211548619871946e-01,1.017102360725402832e+00
-1.669512929370899457e+01,1.196273644243641776e+01,-2.729684300644016348e-01,1.005758166313171387e+00
-1.763512929370899229e+01,1.890968059954422742e+00,-3.149116442472660315e-01,5.563514232635498047e-01
-6.955129293708992577e+00,-9.910776661753512684e+00,1.616346615750659521e-01,2.975237369537353516e-02
-9.555129293708992222e+00,-1.297603614249045201e+01,4.562151596288775701e-02,-1.070208549499511719e-01
-1.525512929370899151e+01,-9.137283790764048064e+00,-2.087149955715028871e-01,6.426596641540527344e-02
-1.896512929370899059e+01,-1.072885903062677215e+01,-3.742568302719572193e-01,-6.750822067260742188e-03
-1.042512929370899144e+01,-1.076331637328442703e+01,6.801732623428161095e-03,-8.288323879241943359e-03
-1.069512929370899101e+01,-1.313859144499132015e+01,-5.245786343990325486e-03,-1.142741441726684570e-01
-1.781512929370899201e+01,-1.090822689814757673e+01,-3.229433235588783924e-01,-1.475429534912109375e-02
-1.201512929370899130e+01,-1.162087607681795554e+01,-6.414476796248080870e-02,-4.655301570892333984e-02
-1.711512929370899272e+01,-1.212934462813555037e+01,-2.917090151248303842e-01,-6.924110651016235352e-02
4.434870706291007991e+00,-1.144443898695913653e+01,6.698614802376466892e-01,-3.868031501770019531e-02
-1.781512929370899201e+01,-1.358088773876938404e+01,-3.229433235588783924e-01,-1.340095996856689453e-01
-8.505129293708991511e+00,-2.837108335334831644e+00,9.247297861395975538e-02,3.453825712203979492e-01
-1.669512929370899457e+01,-1.337792804613996189e+01,-2.729684300644016348e-01,-1.249534487724304199e-01
-2.108512929370899158e+01,-1.120283550810202300e+01,-4.688521643865025124e-01,-2.789986133575439453e-02
-2.115512929370899187e+01,-1.321091913710989729e+01,-4.719755952299072854e-01,-1.175014376640319824e-01
-1.820512929370899258e+01,-1.409823010777547658e+01,-3.403452954007050724e-01,-1.570936441421508789e-01
-2.023512929370899371e+01,-1.538550406552543137e+01,-4.309247898594442683e-01,-2.145323753356933594e-01
-2.020512929370899258e+01,-1.516253386725492902e+01,-4.295861766408421989e-01,-2.045833468437194824e-01
-8.095129293708991369e+00,-1.587336633780302009e+01,1.107673592681878705e-01,-2.363010048866271973e-01
9.487070629100813335e-02,-1.528799626450603100e+01,4.762087679465492052e-01,-2.101815342903137207e-01
1.890487070629100685e+01,-1.000796520303671855e+01,1.315519256010038385e+00,2.541577816009521484e-02
3.105487070629100543e+01,-6.661765169335955861e+00,1.857657609543871269e+00,1.747246980667114258e-01
5.874870706291007494e+00,3.680708753144443790e+00,7.341149147305453537e-01,6.362104415893554688e-01
3.174487070629100316e+01,7.758553251911857629e+00,1.888445713571718310e+00,8.181656599044799805e-01
1.232487070629100323e+01,7.742122729923520907e+00,1.021916756729987164e+00,8.174325227737426758e-01
2.659487070629100458e+01,5.503064700388710762e+00,1.658650444378365396e+00,7.175247669219970703e-01
2.016487070629100486e+01,6.528636509863948945e+00,1.371741011191324633e+00,7.632862329483032227e-01
-1.264512929370899208e+01,6.357463866115379503e+00,-9.225564555312402992e-02,7.556484341621398926e-01
-1.744512929370899457e+01,6.819387286688128214e+00,-3.064337605294530364e-01,7.762596607208251953e-01
-1.915129293708993430e+00,-3.535450937542194971e+00,3.865216823002113333e-01,3.142222166061401367e-01
-5.535129293708992648e+00,-1.156951132628986478e+01,2.249956872555632648e-01,-4.426109790802001953e-02
-3.985129293708991050e+00,-6.310822577813043566e+00,2.941573702166696003e-01,1.903839111328125000e-01
8.846487070629102334e+01,-8.989976814157234486e+00,4.419317105542006630e+00,7.083886861801147461e-02
1.074348707062910080e+02,-6.835015005091997331e+00,5.265766864104706180e+00,1.669942140579223633e-01
2.022487070629100714e+01,4.012188599381807563e+01,1.374418237628528994e+00,2.262231826782226562e+00
6.717487070629100288e+01,2.705190000357074354e+01,3.469347924740746603e+00,1.679043292999267578e+00
-1.822512929370899215e+01,2.807561503047981688e+01,-3.412377042131065075e-01,1.724721908569335938e+00
3.877487070629101140e+01,2.058736322403673569e+01,2.202127411130800461e+00,1.390592813491821289e+00
-1.987512929370899428e+01,-1.340724918090776541e+01,-4.148614312362196022e-01,-1.262617707252502441e-01
-2.015512929370899187e+01,-2.330703617876746847e+00,-4.273551546098387499e-01,3.679785728454589844e-01
-2.071512929370899059e+01,-1.089964695971415587e+01,-4.523426013570771564e-01,-1.437145471572875977e-02
-2.095512929370899258e+01,-1.429619786051299712e+01,-4.630515071058936005e-01,-1.659270524978637695e-01
-2.115512929370899187e+01,-1.580014231395646362e+01,-4.719755952299072854e-01,-2.330337166786193848e-01
-1.796512929370899059e+01,-1.596843360519049426e+01,-3.296363896518886838e-01,-2.405429482460021973e-01
-2.016512929370899343e+01,-1.617060917453478197e+01,-4.278013590160394397e-01,-2.495641112327575684e-01
-1.963512929370899229e+01,-1.503881070086795901e+01,-4.041525254874031581e-01,-1.990627646446228027e-01
-1.621512929370899059e+01,-1.584181439232623134e+01,-2.515506185667686911e-01,-2.348931431770324707e-01
-2.115512929370899187e+01,-1.505094791410259525e+01,-4.719755952299072854e-01,-1.996043324470520020e-01
3.254870706291006499e+00,-1.416775793208205769e+01,6.172093603059657374e-01,-1.601960062980651855e-01
-2.027512929370899286e+01,-1.569021945022489817e+01,-4.327096074842469720e-01,-2.281289100646972656e-01
-1.747512929370899215e+01,-3.322463283240703724e+00,-3.077723737480551058e-01,3.237258195877075195e-01
-1.037512929370899251e+01,-1.584674755636712007e+01,9.032754654431540686e-03,-2.351132631301879883e-01
-2.057512929370899002e+01,-1.389560971210418749e+01,-4.460957396702675548e-01,-1.480526328086853027e-01
-9.755129293708991511e+00,-1.144662972322424821e+01,3.669742783887407905e-02,-3.877806663513183594e-02
-1.827512929370899286e+01,-1.473280892652013563e+01,-3.434687262441099009e-01,-1.854088306427001953e-01
-2.089512929370899030e+01,-1.073773284831526986e+01,-4.603742806686894617e-01,-7.146775722503662109e-03
-2.100512929370898974e+01,-1.476440094644079970e+01,-4.652825291368969940e-01,-1.868184804916381836e-01
-1.598512929370899194e+01,-1.426883770186542577e+01,-2.412879172241529369e-01,-1.647062301635742188e-01
-1.307512929370899180e+01,-1.560494637692022835e+01,-1.114424350197534830e-01,-2.243239879608154297e-01
-7.865129293708992719e+00,-1.416972157983188296e+01,1.210300606108035693e-01,-1.602836251258850098e-01
1.254487070629100920e+01,-1.305214419048114216e+01,1.031733253666402561e+00,-1.104168295860290527e-01
-1.042512929370899144e+01,-9.733906767900855073e+00,6.801732623428161095e-03,3.764438629150390625e-02
-1.627512929370899286e+01,1.018678326667609824e+00,-2.542278450039728299e-01,5.174294710159301758e-01
-6.495129293708991725e+00,-6.211428606301973687e+00,1.821600642602975162e-01,1.948189139366149902e-01
-2.645129293708990303e+00,-1.070403959172081443e+01,3.539487606475614778e-01,-5.643367767333984375e-03
-2.094512929370899101e+01,-8.919241413275251773e+00,-4.626053026996928552e-01,7.399511337280273438e-02
-2.115512929370899187e+01,-7.520580538777537072e+00,-4.719755952299072854e-01,1.364039778709411621e-01
-8.951292937089903035e-01,-1.282060474029558428e+01,4.320345317326814150e-01,-1.000854372978210449e-01
1.396487070629100380e+01,-1.496037833513257809e+01,1.095094279346899624e+00,-1.955630779266357422e-01
-1.817512929370899144e+01,-6.105045651779279048e+00,-3.390066821821030030e-01,1.995657682418823242e-01
-1.487512929370899073e+01,-2.114060601371683390e-01,-1.917592281358768413e-01,4.625425636768341064e-01
-1.966512929370899343e+01,-1.067928560773984970e+01,-4.054911387060051720e-01,-4.538834095001220703e-03
-1.960512929370899116e+01,-1.250610050477249580e+01,-4.028139122688010332e-01,-8.605211973190307617e-02
-2.107512929370899002e+01,-1.471183797004087701e+01,-4.684059599803018226e-01,-1.844730973243713379e-01
-1.775512929370898974e+01,-1.449748778464766907e+01,-3.202660971216742536e-01,-1.749086976051330566e-01
-2.063512929370899229e+01,-1.583760123246027796e+01,-4.487729661074716936e-01,-2.347051501274108887e-01
-2.100512929370898974e+01,-1.470222678258509674e+01,-4.652825291368969940e-01,-1.840442419052124023e-01
-2.115512929370899187e+01,-1.596211787283595385e+01,-4.719755952299072854e-01,-2.402611374855041504e-01
-2.105512929370899400e+01,-1.548565544402572058e+01,-4.675135511679004430e-01,-2.190011739730834961e-01
-1.868512929370898945e+01,-1.615441509176530133e+01,-3.617631068983379605e-01,-2.488415241241455078e-01
-1.588512929370899229e+01,-1.620903789458034794e+01,-2.368258731621461222e-01,-2.512788176536560059e-01
-2.110512929370899116e+01,-1.536916437894321064e+01,-4.697445731989038364e-01,-2.138032913208007812e-01
-1.658512929370899158e+01,-1.422284426263124502e+01,-2.680601815961940471e-01,-1.626539826393127441e-01
-1.368512929370899300e+01,-1.541128662689916240e+01,-1.386609037979953107e-01,-2.156828045845031738e-01
3.604870706291011473e+00,-1.373731966624630729e+01,6.328265145229898803e-01,-1.409896612167358398e-01
-1.710512929370899116e+01,-1.332851625684332930e+01,-2.912628107186296944e-01,-1.227486729621887207e-01
-2.109512929370899315e+01,-3.592260469177965376e+00,-4.692983687927031466e-01,3.116873502731323242e-01
-2.115512929370899187e+01,-1.184922827290073499e+01,-4.719755952299072854e-01,-5.674219131469726562e-02
-2.115512929370899187e+01,-1.431875309334007440e+01,-4.719755952299072854e-01,-1.669334769248962402e-01
-2.097512929370899215e+01,-1.545509734475700725e+01,-4.639439159182949801e-01,-2.176376581192016602e-01
-2.106512929370899201e+01,-1.626364733924743788e+01,-4.679597555741011328e-01,-2.537155151367187500e-01
-2.107512929370899002e+01,-1.621550590982161211e+01,-4.684059599803018226e-01,-2.515674233436584473e-01
-2.115512929370899187e+01,-1.624135793356472490e+01,-4.719755952299072854e-01,-2.527209520339965820e-01
-2.111512929370899272e+01,-1.620629413098977523e+01,-4.701907776051045817e-01,-2.511563897132873535e-01
-1.153512929370899265e+01,-1.625436476223142535e+01,-4.272695646484796911e-02,-2.533013224601745605e-01
3.801487070629099918e+01,-1.624543083287711909e+01,2.168215876259548036e+00,-2.529026865959167480e-01
-1.886512929370898917e+01,-1.197770827577554797e+01,-3.697947862099503213e-01,-6.247502565383911133e-02
-2.107512929370899002e+01,1.403676791209812613e+01,-4.684059599803018226e-01,1.098302364349365234e+00
-2.112512929370899428e+01,-1.090918334154136993e+01,-4.706369820113052715e-01,-1.479697227478027344e-02
-2.072512929370899215e+01,-1.452849872513215956e+01,-4.527888057632778462e-01,-1.762924194335937500e-01
-2.059512929370899315e+01,-1.577140225862483192e+01,-4.469881484826688789e-01,-2.317513227462768555e-01
-2.064512929370899030e+01,-1.610982158643712125e+01,-4.492191705136723279e-01,-2.468517422676086426e-01
-1.595512929370899258e+01,-1.606558875110380313e+01,-2.399493040055508675e-01,-2.448780536651611328e-01
-2.115512929370899187e+01,-1.598739148877248439e+01,-4.719755952299072854e-01,-2.413888573646545410e-01
-2.115512929370899187e+01,-1.411512950075713846e+01,-4.719755952299072854e-01,-1.578477025032043457e-01
-2.115512929370899187e+01,-1.596156618132528848e+01,-4.719755952299072854e-01,-2.402365207672119141e-01
-2.115512929370899187e+01,-1.527725230610341356e+01,-4.719755952299072854e-01,-2.097021341323852539e-01
-2.115512929370899187e+01,-1.627734211253397945e+01,-4.719755952299072854e-01,-2.543265819549560547e-01
-1.802512929370899286e+01,-1.627734211253397945e+01,-3.323136160890927671e-01,-2.543265819549560547e-01
-2.028512929370899087e+01,-1.627734211253397945e+01,-4.331558118904477173e-01,-2.543265819549560547e-01
-2.102512929370899286e+01,-1.510290710221481802e+01,-4.661749379492983736e-01,-2.019227743148803711e-01
-2.115512929370899187e+01,-1.588304298018379335e+01,-4.719755952299072854e-01,-2.367327809333801270e-01
-2.115512929370899187e+01,-1.551530118178890305e+01,-4.719755952299072854e-01,-2.203239798545837402e-01
-2.115512929370899187e+01,-1.607731186175174543e+01,-4.719755952299072854e-01,-2.454011440277099609e-01
-2.115512929370899187e+01,-1.624772442688150420e+01,-4.719755952299072854e-01,-2.530050277709960938e-01
-2.115512929370899187e+01,-1.627734211253397945e+01,-4.719755952299072854e-01,-2.543265819549560547e-01
-2.115512929370899187e+01,-1.627734211253397945e+01,-4.719755952299072854e-01,-2.543265819549560547e-01
-2.115512929370899187e+01,-1.627734211253397945e+01,-4.719755952299072854e-01,-2.543265819549560547e-01
-2.115512929370899187e+01,-1.627734211253397945e+01,-4.719755952299072854e-01,-2.543265819549560547e-01
-2.115512929370899187e+01,-1.627734211253397945e+01,-4.719755952299072854e-01,-2.543265819549560547e-01
-1.937512929370899428e+01,-1.627734211253397945e+01,-3.925512109261853344e-01,-2.543265819549560547e-01
-1.906512929370899201e+01,-1.627734211253397945e+01,-3.787188743339640618e-01,-2.543265819549560547e-01
-1.928512929370899087e+01,-1.563627791295570901e+01,-3.885353712703791818e-01,-2.257220149040222168e-01
-2.111512929370899272e+01,-1.550013434059739481e+01,-4.701907776051045817e-01,-2.196472287178039551e-01
-2.115512929370899187e+01,-1.515688069903910495e+01,-4.719755952299072854e-01,-2.043310999870300293e-01
-2.115512929370899187e+01,-1.569031562889019682e+01,-4.719755952299072854e-01,-2.281332015991210938e-01
-2.115512929370899187e+01,-1.586872972464679954e+01,-4.719755952299072854e-01,-2.360941171646118164e-01
-2.115512929370899187e+01,-1.626820914677509577e+01,-4.719755952299072854e-01,-2.539190649986267090e-01
-2.115512929370899187e+01,-1.627734211253397945e+01,-4.719755952299072854e-01,-2.543265819549560547e-01
-2.005512929370899400e+01,-1.627734211253397945e+01,-4.228931105478319075e-01,-2.543265819549560547e-01
-2.115512929370899187e+01,-1.627734211253397945e+01,-4.719755952299072854e-01,-2.543265819549560547e-01
-2.115512929370899187e+01,-1.588912093750468202e+01,-4.719755952299072854e-01,-2.370039820671081543e-01
-2.115512929370899187e+01,-1.624178806592897217e+01,-4.719755952299072854e-01,-2.527401447296142578e-01
-2.115512929370899187e+01,-1.603297082541996588e+01,-4.719755952299072854e-01,-2.434226274490356445e-01
-1.845512929370899258e+01,-1.627734211253397945e+01,-3.515004055557222062e-01,-2.543265819549560547e-01
-2.097512929370899215e+01,-1.627734211253397945e+01,-4.639439159182949801e-01,-2.543265819549560547e-01
-1.951512929370899130e+01,-1.527751145417379774e+01,-3.987980726129948805e-01,-2.097136974334716797e-01
-2.069512929370899101e+01,-1.612120673594172260e+01,-4.514501925446757213e-01,-2.473597526550292969e-01
-2.104512929370899244e+01,-1.514965794843821456e+01,-4.670673467616998087e-01,-2.040088176727294922e-01
-2.551292937089932877e-01,-1.602598718566752467e+01,4.605916137295251178e-01,-2.431110143661499023e-01
-1.450512929370899151e+01,-1.585743674636310807e+01,-1.752496651064514854e-01,-2.355902194976806641e-01
-7.825129293708991796e+00,-5.720519340475166636e+00,1.228148782356063562e-01,2.167235016822814941e-01
1.744870706291006712e+00,-1.320197585705201782e+01,5.498324949696622443e-01,-1.171023845672607422e-01
-7.335129293708991582e+00,-9.973752314486695525e+00,1.446788941394399342e-01,2.694237232208251953e-02
-1.823512929370899016e+01,-4.946311808569948454e+00,-3.416839086193071418e-01,2.512689828872680664e-01
-2.115512929370899187e+01,-6.521129251819365535e+00,-4.719755952299072854e-01,1.809999346733093262e-01
-2.115512929370899187e+01,-1.139760932766278501e+01,-4.719755952299072854e-01,-3.659075498580932617e-02
-2.115512929370899187e+01,-1.437222041635675396e+01,-4.719755952299072854e-01,-1.693192124366760254e-01
-1.705512929370899400e+01,-1.566386382430377111e+01,-2.890317886876263009e-01,-2.269529104232788086e-01
-2.108512929370899158e+01,-1.627734211253397945e+01,-4.688521643865025124e-01,-2.543265819549560547e-01
-2.115512929370899187e+01,-1.469187154628805914e+01,-4.719755952299072854e-01,-1.835821866989135742e-01
-2.115512929370899187e+01,-1.610818120586787927e+01,-4.719755952299072854e-01,-2.467785477638244629e-01
-2.351292937089901613e-01,-1.544564511926192729e+01,4.614840225419266639e-01,-2.172158956527709961e-01
-2.026512929370899130e+01,-1.626136443176141810e+01,-4.322634030780462822e-01,-2.536136507987976074e-01
-1.044512929370899101e+01,-5.777738967253247537e+00,5.909323811026809259e-03,2.141703367233276367e-01
-2.000512929370898974e+01,-1.590157073140153443e+01,-4.206620885168284585e-01,-2.375594973564147949e-01
-1.813512929370899229e+01,-1.210350596254039601e+01,-3.372218645573002993e-01,-6.808817386627197266e-02
-2.106512929370899201e+01,-1.534477373658670274e+01,-4.679597555741011328e-01,-2.127149701118469238e-01
-2.115512929370899187e+01,-1.378714689394443305e+01,-4.719755952299072854e-01,-1.432129740715026855e-01
-2.115512929370899187e+01,-1.583477064090797981e+01,-4.719755952299072854e-01,-2.345788478851318359e-01
-2.115512929370899187e+01,-1.563820816533564084e+01,-4.719755952299072854e-01,-2.258081436157226562e-01
-2.115512929370899187e+01,-1.625681331075212910e+01,-4.719755952299072854e-01,-2.534105777740478516e-01
-2.115512929370899187e+01,-1.627734211253397945e+01,-4.719755952299072854e-01,-2.543265819549560547e-01
-2.115512929370899187e+01,-1.627734211253397945e+01,-4.719755952299072854e-01,-2.543265819549560547e-01
-1.953512929370899087e+01,-1.627734211253397945e+01,-3.996904814253963156e-01,-2.543265819549560547e-01
-2.106512929370899201e+01,-1.627734211253397945e+01,-4.679597555741011328e-01,-2.543265819549560547e-01
-2.052512929370899286e+01,-1.569669147291054756e+01,-4.438647176392641058e-01,-2.284176945686340332e-01
-2.115512929370899187e+01,-1.619328863813787223e+01,-4.719755952299072854e-01,-2.505760788917541504e-01
4.824870706291008560e+00,-1.570820218900595577e+01,6.872634520794733692e-01,-2.289313077926635742e-01
-1.883512929370899158e+01,-1.623647018722689239e+01,-3.684561729913482520e-01,-2.525028586387634277e-01
-1.963512929370899229e+01,-2.899563020297652116e+00,-4.041525254874031581e-01,3.425958156585693359e-01
-1.562512929370899073e+01,-1.502547259013189773e+01,-2.252245586009282707e-01,-1.984676122665405273e-01
-2.031512929370899201e+01,-1.412435597355172767e+01,-4.344944251090497311e-01,-1.582593917846679688e-01
-1.747512929370899215e+01,-1.368153604037371096e+01,-3.077723737480551058e-01,-1.385005712509155273e-01
-2.031512929370899201e+01,-1.536845906873102763e+01,-4.344944251090497311e-01,-2.137718200683593750e-01
-1.901512929370899130e+01,-1.397534048982108601e+01,-3.764878523029606128e-01,-1.516102552413940430e-01
-1.910512929370899116e+01,-1.564158510513942346e+01,-3.805036919587668209e-01,-2.259588241577148438e-01
-1.749512929370899172e+01,-1.476669587625998403e+01,-3.086647825604564299e-01,-1.869208812713623047e-01
-6.635129293708992293e+00,-1.530734821345278185e+01,1.759132025734878868e-01,-2.110450267791748047e-01
-9.235129293708991938e+00,-1.444538299272270621e+01,5.990005696130970558e-02,-1.725837588310241699e-01
-1.374512929370899172e+01,-9.214851884326547449e+00,-1.413381302351993940e-01,6.080484390258789062e-02
-1.830512929370899400e+01,-1.055479701947488458e+01,-3.448073394627119703e-01,1.015901565551757812e-03
-1.077512929370899109e+01,-1.023735532721583397e+01,-8.815421593595811761e-03,1.518028974533081055e-02
-6.355129293708991156e+00,-1.265357178659919413e+01,1.884069259471071456e-01,-9.263235330581665039e-02
-1.206512929370899201e+01,-1.100844640320245027e+01,-6.637578999348427156e-02,-1.922613382339477539e-02
-1.145512929370899258e+01,-9.460441434534326177e+00,-3.915732121524248543e-02,4.984652996063232422e-02
-1.919512929370899457e+01,-9.673705602498548828e+00,-3.845195316145729736e-01,4.033058881759643555e-02
-1.735512929370899116e+01,-1.032372376865306229e+01,-3.024179208736468283e-01,1.132649183273315430e-02
-1.638512929370899229e+01,-1.297938636599831774e+01,-2.591360934721803622e-01,-1.071703433990478516e-01
-1.960512929370899116e+01,-1.346433121876187933e+01,-4.028139122688010332e-01,-1.288087964057922363e-01
-7.105129293708991156e+00,-1.401226241077699086e+01,1.549415954820557162e-01,-1.532577276229858398e-01
-2.097512929370899215e+01,-1.460010507726100570e+01,-4.639439159182949801e-01,-1.794875264167785645e-01
-1.635512929370899116e+01,-9.114537536421170927e+00,-2.577974802535782928e-01,6.528091430664062500e-02
-1.477512929370899286e+01,-1.562046320158823676e+01,-1.872971840738700267e-01,-2.250163555145263672e-01
-2.099512929370899172e+01,-1.355511586391402012e+01,-4.648363247306963042e-01,-1.328596472740173340e-01
-1.922512929370899215e+01,-1.378064815496286677e+01,-3.858581448331750430e-01,-1.429229974746704102e-01
-2.101512929370899130e+01,-1.475918191803361168e+01,-4.657287335430976838e-01,-1.865856051445007324e-01
-2.115512929370899187e+01,-1.452576965550434096e+01,-4.719755952299072854e-01,-1.761706471443176270e-01
-1.481512929370899201e+01,-1.612432853511950626e+01,-1.890820016986727581e-01,-2.474990487098693848e-01
-1.975512929370898974e+01,-1.585050386757290752e+01,-4.095069783618113246e-01,-2.352808713912963867e-01
-1.652512929370899286e+01,-1.362258920506465998e+01,-2.653829551589899638e-01,-1.358703374862670898e-01
-1.173512929370899194e+01,-1.559224277821217264e+01,-5.165104458886164707e-02,-2.237571477890014648e-01
-1.737512929370899428e+01,-1.351091108069141633e+01,-3.033103296860482634e-01,-1.308872103691101074e-01
-3.455129293708992577e+00,-1.212658617058222355e+01,3.178062037453058264e-01,-6.911802291870117188e-02
-1.684512929370899315e+01,-1.327352744077423452e+01,-2.796614961574119262e-01,-1.202950477600097656e-01
-1.545129293708992435e+00,-7.223675663189110807e+00,4.030312453296367448e-01,1.496520042419433594e-01
-1.877512929370899286e+01,-1.296550057119597987e+01,-3.657789465541441132e-01,-1.065507531166076660e-01
4.148707062910084176e-01,-7.610447479164962559e+00,4.904873089449711121e-01,1.323940753936767578e-01
3.078487070629100231e+01,-1.373839766878651858e+01,1.845610090576452533e+00,-1.410377621650695801e-01
-2.069512929370899101e+01,-7.130809818585113646e+00,-4.514501925446757213e-01,1.537957191467285156e-01
-1.813512929370899229e+01,9.278341804648304603e+00,-3.372218645573002993e-01,8.859792947769165039e-01
-1.966512929370899343e+01,-1.356806124510011635e+01,-4.054911387060051720e-01,-1.334372758865356445e-01
-2.049512929370899172e+01,-1.377796851048249316e+01,-4.425261044206620364e-01,-1.428034305572509766e-01
-9.875129293708992506e+00,-1.556199993123526681e+01,3.134297496446580844e-02,-2.224076986312866211e-01
-2.115512929370899187e+01,-1.532399780906762921e+01,-4.719755952299072854e-01,-2.117879390716552734e-01
-2.115512929370899187e+01,-1.089305471369688405e+01,-4.719755952299072854e-01,-1.407730579376220703e-02
-2.110512929370899116e+01,-1.591705549651444684e+01,-4.697445731989038364e-01,-2.382504343986511230e-01
6.448707062910088439e-01,-1.480226996008692630e+01,5.007500102875869219e-01,-1.885082125663757324e-01
-7.245129293708991725e+00,-1.626023032499978171e+01,1.486947337952461146e-01,-2.535630464553833008e-01
-8.495129293708991725e+00,-5.298351104040212256e+00,9.291918302016043130e-02,2.355608344078063965e-01
